Time,X,Y,Yaw,LeftSensor,FrontSensor,RightSensor,State,WaypointNumber,WaypointCount,PatrolPointNumber,PatrolTargetX,PatrolTargetY,TemporaryObstacleCount,PathPlanCount,DynamicReplanCount,HeadingCorrectionCount,PatrolPointsReached,DistanceTraveledMeters,Event,EventX,EventY,ActualX,ActualY,NoisyGpsX,NoisyGpsY,LocalizedX,LocalizedY,LocalizedGridColumn,LocalizedGridRow,LocalizationConfidence,ObservedMapCellCount,BacktrackCount,EscapeTurnCount,StuckRecoveryCount,PlanningClearanceMode
0.032,-1.9994959755179413,-1.9999547647095135,-5.450507988997382e-07,1000.0,999.1094731074587,699.0674544244926,TURN_TO_WAYPOINT,1,7,1,2.0,2.0,0,1,0,0,0,0.0,,,,-1.9994959755179413,-1.9999547647095135,-2.008141395292617,-2.0103289807294047,-1.9619579293135054,-1.961957929313506,1,1,0.20310929149942003,138,0,0,0,NORMAL
0.16,-1.9986406487781614,-1.9999587996688903,0.060084304149785515,1000.0,997.5017814628435,823.4086494895964,TURN_TO_WAYPOINT,1,7,1,2.0,2.0,0,1,0,0,0,0.0008560798565331503,,,,-1.9986406487781614,-1.9999587996688903,-1.9667340755541092,-2.087171517549411,-2.025249283942039,-1.9863301022965627,1,2,0.3158615637507333,142,0,0,0,NORMAL
0.288,-1.998293110155784,-1.9999119085191142,0.1202169010427249,1000.0,1000.0,974.5410636903686,TURN_TO_WAYPOINT,1,7,1,2.0,2.0,0,1,0,0,0,0.001206971886010415,,,,-1.998293110155784,-1.9999119085191142,-2.003467740935961,-2.017545895196506,-2.0018043996655344,-1.9725658769883938,1,2,0.306396903424709,143,0,0,0,NORMAL
0.416,-1.9981475659668402,-1.9998648727034423,0.1803529729585983,762.983283485529,988.6163285348882,1000.0,TURN_TO_WAYPOINT,1,7,1,2.0,2.0,0,1,0,0,0,0.0013603240315706263,,,,-1.9981475659668402,-1.9998648727034423,-1.9125668673203104,-2.0055065212644205,-2.032665781494142,-1.9533092377723047,1,2,0.4320007498250009,144,0,0,0,NORMAL
0.544,-1.998099290381171,-1.9998257623923066,0.240489963576127,690.080615125544,985.2697098751687,995.4581087024652,TURN_TO_WAYPOINT,1,7,1,2.0,2.0,0,1,0,0,0,0.0014230314881157626,,,,-1.998099290381171,-1.9998257623923066,-2.0415070698202555,-2.0174452402093697,-2.0530618857694622,-1.9318512902066842,1,2,0.54993872167438,147,0,0,0,NORMAL
0.672,-1.9980826221620818,-1.9997923020395079,0.3006897127723958,711.2253167683602,995.869847926036,998.7917555876893,TURN_TO_WAYPOINT,1,7,1,2.0,2.0,0,1,0,0,0,0.0014606540882768657,,,,-1.9980826221620818,-1.9997923020395079,-1.9024989973062991,-1.992885163683074,-2.042887969397332,-1.910721219300336,1,2,0.5755054972041962,148,0,0,0,NORMAL
0.8,-1.99808418723676,-1.9997620736849833,0.3609203522810608,783.5715489736228,1000.0,1000.0,TURN_TO_WAYPOINT,1,7,1,2.0,2.0,0,1,0,0,0,0.0014913209175322888,,,,-1.99808418723676,-1.9997620736849833,-1.9922176063994395,-2.074239436283125,-2.0666361529383765,-1.9171819299598143,1,2,0.6371950247158374,148,0,0,0,NORMAL
0.928,-1.9981027263512074,-1.999733819422844,0.42113987376194345,1000.0,998.4664258480375,995.1118013761212,TURN_TO_WAYPOINT,1,7,1,2.0,2.0,0,1,0,0,0,0.0015253605852805542,,,,-1.9981027263512074,-1.999733819422844,-2.072993509421771,-1.9880084535286657,-2.0527600287137564,-1.8976441676961955,1,2,0.6466327792365412,150,0,0,0,NORMAL
1.056,-1.998130029720123,-1.999707024158967,0.48134239016712616,1000.0,1000.0,1000.0,TURN_TO_WAYPOINT,1,7,1,2.0,2.0,0,1,0,0,0,0.001563616000066963,,,,-1.998130029720123,-1.999707024158967,-1.9216856353144562,-1.963150684925016,-2.0397219372694733,-1.905207737465624,1,2,0.5792733720965999,151,0,0,0,NORMAL
1.184,-1.9981550623685596,-1.9996813122263843,0.5415291254364679,999.6382829865648,1000.0,994.037736806481,TURN_TO_WAYPOINT,1,7,1,2.0,2.0,0,1,0,0,0,0.0015995021998845183,,,,-1.9981550623685596,-1.9996813122263843,-2.009921359902714,-2.0886628284388213,-2.0540426783342687,-1.8959793484266758,1,2,0.6560714476228796,152,0,0,0,NORMAL
1.312,-1.998177893877668,-1.9996565883560808,0.6017025837504526,996.0732199866009,1000.0,994.4744958990569,TURN_TO_WAYPOINT,1,7,1,2.0,2.0,0,1,0,0,0,0.0016331562763587768,,,,-1.998177893877668,-1.9996565883560808,-1.863721271651134,-2.026185466280894,-2.035815634572492,-1.898813750741912,1,2,0.5819885537393333,153,0,0,0,NORMAL
1.44,-1.9981988961077854,-1.999632899421014,0.6618650192422934,996.5197615641994,854.4991842074048,1000.0,TURN_TO_WAYPOINT,1,7,1,2.0,2.0,0,1,0,0,0,0.0016648151082634156,,,,-1.9981988961077854,-1.999632899421014,-1.9207768948264998,-2.0150536433246127,-2.056691128259736,-1.9183537662314565,1,2,0.6007325971042542,155,0,0,0,NORMAL
1.568,-1.9982184387720199,-1.9996103119347204,0.7220184271795809,997.3337757951241,770.1400262784229,1000.0,TURN_TO_WAYPOINT,1,7,1,2.0,2.0,0,1,0,0,0,0.0016946833852063891,,,,-1.9982184387720199,-1.9996103119347204,-2.0676369024276053,-1.961005760968881,-2.043784843744331,-1.9094648921404545,1,2,0.5820649518913175,155,0,0,0,NORMAL
1.696,-1.99823845417784,-1.9995888816261214,0.7821694434445108,1000.0,720.3771597015918,1000.0,TURN_TO_WAYPOINT,1,7,1,2.0,2.0,0,1,0,0,0,0.0017240113042555003,,,,-1.99823845417784,-1.9995888816261214,-1.907842165995613,-2.0835576597033545,-2.043858362377195,-1.9017080927675971,1,2,0.603275292570696,156,0,0,0,NORMAL
1.824,-1.9982597457076987,-1.999568715198471,0.8423202355639102,995.3215068423568,774.8689222573704,982.6741062439972,TURN_TO_WAYPOINT,1,7,1,2.0,2.0,0,1,0,0,0,0.001753341560269675,,,,-1.9982597457076987,-1.999568715198471,-2.0064417603992917,-2.0392188983775554,-2.0334220939669674,-1.892502716481022,1,2,0.5893233039412801,157,0,0,0,NORMAL
1.952,-1.9982822216010876,-1.9995498776050784,0.9024702022597909,990.8849402036006,861.2887216090388,1000.0,TURN_TO_WAYPOINT,1,7,1,2.0,2.0,0,1,0,0,0,0.0017826718621547339,,,,-1.9982822216010876,-1.9995498776050784,-1.9362404674620948,-2.0423267900710327,-2.0635117337043756,-1.8934117970897506,1,2,0.6985134981764759,159,0,0,0,NORMAL
2.08,-1.998305792334404,-1.999532431129917,0.9626187453900704,984.6696783910792,1000.0,1000.0,TURN_TO_WAYPOINT,1,7,1,2.0,2.0,0,1,0,0,0,0.001812001082168003,,,,-1.998305792334404,-1.999532431129917,-1.8901156980152178,-2.1228646274077456,-2.0965183806075554,-1.9048194973547161,1,2,0.7803844541973592,161,0,0,0,NORMAL
2.208,-1.9983303690394165,-1.999516435903164,1.022765286972875,1000.0,1000.0,992.449859961735,TURN_TO_WAYPOINT,1,7,1,2.0,2.0,0,1,0,0,0,0.001841328629411646,,,,-1.9983303690394165,-1.999516435903164,-1.9862102705824118,-2.0408985672358795,-2.109215962366386,-1.901084359738347,1,2,0.8391138747642777,162,0,0,0,NORMAL
2.336,-1.9983558609966579,-1.9995019478821434,1.0829092720975717,994.0741054388739,992.4790400756496,992.1240988537215,TURN_TO_WAYPOINT,1,7,1,2.0,2.0,0,1,0,0,0,0.0018706541372588298,,,,-1.9983558609966579,-1.9995019478821434,-2.005352449036329,-2.0510885823077385,-2.109810899934615,-1.893835508630005,1,2,0.8684790760242528,162,0,0,0,NORMAL
2.464,-1.9983821749597037,-1.9994890179285658,1.1430501678717557,1000.0,997.016812874439,994.5224956476595,TURN_TO_WAYPOINT,1,7,1,2.0,2.0,0,1,0,0,0,0.0018999773482594599,,,,-1.9983821749597037,-1.9994890179285658,-2.0079609397775653,-2.04928482480958,-2.1075995525267746,-1.8978096071704498,1,2,0.845510139368567,162,0,0,0,NORMAL
2.592,-1.9984092151519766,-1.9994776913768226,1.2031874619116234,1000.0,983.0317431565479,820.7168299397339,TURN_TO_WAYPOINT,1,7,1,2.0,2.0,0,1,0,0,0,0.0019292980707162645,,,,-1.9984092151519766,-1.9994776913768226,-2.0372972704176924,-1.984688048982796,-2.1073830255155963,-1.9119791565857633,1,2,0.7920388494477505,162,0,0,0,NORMAL
2.72,-1.998436883497015,-1.9994680078138258,1.263320661378137,1000.0,1000.0,738.0214854031698,TURN_TO_WAYPOINT,1,7,1,2.0,2.0,0,1,0,0,0,0.0019586161604506825,,,,-1.998436883497015,-1.9994680078138258,-2.07108817795047,-1.956157020002362,-2.1054969264376213,-1.91131865187415,1,2,0.7880463036808936,162,0,0,0,NORMAL
2.848,-1.9984568723604685,-1.9994621995629343,1.3084364268360056,988.945851554333,983.8333376680965,704.6030165809453,DRIVE_TO_WAYPOINT,1,7,1,2.0,2.0,0,1,0,0,0,0.001981772811095284,,,,-1.9984568723604685,-1.9994621995629343,-2.0867067544073747,-2.1543564464903255,-2.105583684921673,-1.91104997435106,1,2,0.7893341648515034,162,0,0,0,NORMAL
2.976,-1.9923331463424767,-1.9766649360893673,1.308425723395347,1000.0,999.0448718159029,665.850461139524,TURN_TO_WAYPOINT,1,7,1,2.0,2.0,0,1,0,1,0,0.02558717993630858,,,,-1.9923331463424767,-1.9766649360893673,-1.9488306130746023,-1.9536373555606348,-2.0867098864522426,-1.9013193332704217,1,2,0.7383233286355466,162,0,0,0,NORMAL
3.104,-1.9888957752322365,-1.9631108537547513,1.323458684184506,752.2704139759144,633.6620532042062,693.1801376891373,TURN_TO_WAYPOINT,1,7,1,2.0,2.0,0,1,0,2,0,0.0395704180804021,,,,-1.9888957752322365,-1.9631108537547513,-1.9936630773546304,-1.958655488889922,-2.064414295966011,-1.9138787205126806,1,2,0.635211519027471,162,0,0,0,NORMAL
3.232,-1.9861544825473842,-1.9514320832255718,1.3385833445233517,427.03638269771074,355.84872686015046,442.71613478920807,TURN_TO_WAYPOINT,1,7,1,2.0,2.0,0,1,0,3,0,0.05156662719458069,,,,-1.9861544825473842,-1.9514320832255718,-1.9962442688113822,-1.961179933519478,-2.0267428872455056,-1.9092653076122243,1,2,0.5193131645781299,162,0,0,0,NORMAL
3.36,-1.9857952188288126,-1.949002295461302,1.3685836854385423,723.6349661497061,628.0724059429239,716.4220578612111,DRIVE_TO_WAYPOINT,1,7,1,2.0,2.0,0,1,0,3,0,0.05728640870602478,,,,-1.9857952188288126,-1.949002295461302,-1.9301068295579196,-1.9490345463127865,-2.0674493897519013,-1.900545028897267,1,2,0.6898580660597055,162,0,0,0,NORMAL
3.488,-1.9818773287040108,-1.9298825049707422,1.3685820939729505,1000.0,1000.0,712.1974793898054,DRIVE_TO_WAYPOINT,1,7,1,2.0,2.0,0,1,0,3,0,0.0768034846294248,,,,-1.9818773287040108,-1.9298825049707422,-1.9164230269706375,-2.0705802423116717,-2.09003331435673,-1.8792778817138005,1,2,0.79353059404095,162,0,0,0,NORMAL
3.616,-1.975969777407003,-1.9010645343635098,1.3685835317261794,999.7263129259462,992.6958868777795,716.6037618215915,DRIVE_TO_WAYPOINT,1,7,1,2.0,2.0,0,1,0,3,0,0.10622073453966197,,,,-1.975969777407003,-1.9010645343635098,-2.0279555824196533,-1.8759516164982004,-2.098192134771864,-1.8537885583747977,1,2,0.8017419520087746,162,0,0,0,NORMAL
3.744,-1.9702411082682036,-1.8731209928369414,1.3685841807692696,997.0225602540906,1000.0,703.6518760081565,DRIVE_TO_WAYPOINT,1,7,1,2.0,2.0,0,1,0,3,0,0.1347454459869495,,,,-1.9702411082682036,-1.8731209928369414,-1.983760259623033,-1.7566770092573876,-2.0585135486700112,-1.8658970354099012,1,2,0.6988966650678192,162,0,0,0,NORMAL
3.872,-1.9654028361642322,-1.849520971900995,1.368584537171283,1000.0,986.5552413996822,687.954804771167,TURN_TO_WAYPOINT,1,7,1,2.0,2.0,0,1,0,4,0,0.1588363128275095,,,,-1.9654028361642322,-1.849520971900995,-1.883178655888761,-1.800465317445923,-1.9958382788899605,-1.8615503859562532,2,2,0.48328884175249104,162,0,0,0,NORMAL
4.0,-1.9630087201226092,-1.8360344466245122,1.398662259044608,733.9265126182586,632.6484205651033,725.9195443400661,DRIVE_TO_WAYPOINT,1,7,1,2.0,2.0,0,1,0,4,0,0.1725342059067348,,,,-1.9630087201226092,-1.8360344466245122,-1.9632770644377322,-1.8056091841472284,-1.985059285937141,-1.8682140191547876,2,2,0.5432207557306473,163,0,0,0,NORMAL
4.128,-1.959204452631473,-1.8140593224528276,1.3986496245490603,663.9568350001186,576.6612487305488,684.8079009535614,TURN_TO_WAYPOINT,1,7,1,2.0,2.0,0,1,0,5,0,0.19483619153246723,,,,-1.959204452631473,-1.8140593224528276,-1.884017130395354,-1.8263095077923859,-1.9492447891000366,-1.856227782670331,2,2,0.6476825908381643,163,0,0,0,NORMAL
4.256,-1.9582107886281255,-1.806935964702799,1.4287041062425498,670.9058427642506,584.2743097768536,681.5217731697098,DRIVE_TO_WAYPOINT,1,7,1,2.0,2.0,0,1,0,5,0,0.2033824785929399,,,,-1.9582107886281255,-1.806935964702799,-2.005346755276469,-1.8265782584028423,-1.9551072395262317,-1.8541766795368082,2,2,0.6225976041725937,163,0,0,0,NORMAL
4.384,-1.9555048670678008,-1.78791179950295,1.4286859485336882,1000.0,1000.0,1000.0,DRIVE_TO_WAYPOINT,1,7,1,2.0,2.0,0,1,0,5,0,0.22259812154940614,,,,-1.9555048670678008,-1.78791179950295,-1.9742185579787526,-1.817575941667526,-1.9615696320333642,-1.846682616777821,2,2,0.5787948922766392,163,0,0,0,NORMAL
4.512,-1.9513287460718665,-1.7586779486177315,1.428688389759853,997.2706296885119,1000.0,1000.0,DRIVE_TO_WAYPOINT,1,7,1,2.0,2.0,0,1,0,5,0,0.25212875016346525,,,,-1.9513287460718665,-1.7586779486177315,-2.030009993069381,-1.8636564888218934,-1.9778918592339865,-1.8491857167574501,2,2,0.5268202997213383,163,0,0,0,NORMAL
4.64,-1.9473761753945833,-1.7310329700681495,1.4286890297569483,991.0217561611435,1000.0,1000.0,DRIVE_TO_WAYPOINT,1,7,1,2.0,2.0,0,1,0,5,0,0.2800548607826578,,,,-1.9473761753945833,-1.7310329700681495,-1.8185547058261295,-1.6477657945818187,-1.9547955450093608,-1.8040876719133323,2,2,0.4884893743001125,163,0,0,0,NORMAL
4.768,-1.9432863134678917,-1.702439074834888,1.4286894603519076,1000.0,994.0848524490461,995.4147495427945,DRIVE_TO_WAYPOINT,1,7,1,2.0,2.0,0,1,0,5,0,0.3089397671397294,,,,-1.9432863134678917,-1.702439074834888,-2.0002831633510625,-1.8063222869454365,-1.9506270443282483,-1.785079864874763,2,2,0.4485540781682209,163,0,0,0,NORMAL
4.896,-1.939878184663893,-1.678614580309541,1.4286896995542113,994.61313462758,1000.0,982.5341133005967,TURN_TO_WAYPOINT,1,7,1,2.0,2.0,0,1,0,6,0,0.3330067960662782,,,,-1.939878184663893,-1.678614580309541,-1.9364751685041182,-1.7626279258683921,-1.9314370697020162,-1.7703511057017212,2,2,0.45295161999663236,163,0,0,0,NORMAL
5.024,-1.938136291304563,-1.665055813913788,1.4437233610675897,722.3110833157798,631.1321854151031,739.8007929724603,TURN_TO_WAYPOINT,1,7,1,2.0,2.0,0,1,0,7,0,0.3466770569133991,,,,-1.938136291304563,-1.665055813913788,-1.9033541495767716,-1.726354325346903,-1.915729626710712,-1.670721889029088,2,3,0.64609916010855,164,0,0,0,NORMAL
5.152,-1.9368338492783637,-1.6532902880893074,1.4590934017117752,405.2986534845839,338.7165178579751,426.8857347830963,TURN_TO_WAYPOINT,1,7,1,2.0,2.0,0,1,0,8,0,0.35851449454773976,,,,-1.9368338492783637,-1.6532902880893074,-1.9471859335830286,-1.6038326786466022,-1.8875672982178229,-1.684187629339751,2,3,0.7144743606343922,164,0,0,0,NORMAL
5.28,-1.936664880339701,-1.6508577175390957,1.4740627931517396,724.8912069618353,630.8306649415649,757.7574216654723,TURN_TO_WAYPOINT,1,7,1,2.0,2.0,0,1,0,9,0,0.3642843602679859,,,,-1.936664880339701,-1.6508577175390957,-1.9143595909254905,-1.70576921115717,-1.8843715854086938,-1.6541502567350455,2,3,0.8335870424254248,164,0,0,0,NORMAL
5.408,-1.9361902135129454,-1.644433989094448,1.4890837372866457,987.3632129622291,990.7990061179244,1000.0,DRIVE_TO_WAYPOINT,1,7,1,2.0,2.0,0,1,0,9,0,0.37338466270370124,,,,-1.9361902135129454,-1.644433989094448,-1.984872711494151,-1.5661676236089332,-1.8845743261922954,-1.640456028150997,2,3,0.8857132814393299,165,0,0,0,NORMAL
5.536,-1.9340243253436573,-1.6179881423675897,1.4890851598624337,983.762560898692,994.0387873969315,1000.0,DRIVE_TO_WAYPOINT,1,7,1,2.0,2.0,0,1,0,9,0,0.39991905323114907,,,,-1.9340243253436573,-1.6179881423675897,-1.8887820557505934,-1.664628059762713,-1.889012467256215,-1.6221515768054455,2,3,0.8801657813136907,165,0,0,0,NORMAL
5.664,-1.9316030497853933,-1.5884236944934267,1.4890858319698201,1000.0,1000.0,1000.0,DRIVE_TO_WAYPOINT,1,7,1,2.0,2.0,0,1,0,9,0,0.4295824844796301,,,,-1.9316030497853933,-1.5884236944934267,-1.9327542860014113,-1.5423660737122586,-1.8895830021310918,-1.6100963281212093,2,3,0.8688844848224382,165,0,0,0,NORMAL
5.792,-1.9292256350915948,-1.5593939870230815,1.4890861434109497,998.3806684703145,1000.0,998.4165125802205,DRIVE_TO_WAYPOINT,1,7,1,2.0,2.0,0,1,0,9,0,0.4587093795500024,,,,-1.9292256350915948,-1.5593939870230815,-1.8790871949640626,-1.561697825377747,-1.880729891999031,-1.6082722113178616,2,3,0.9014524987743916,165,0,0,0,NORMAL
5.92,-1.92686500693939,-1.5305685670509301,1.4890862868405783,987.5225997498605,988.021770247066,995.8307285259149,DRIVE_TO_WAYPOINT,1,7,1,2.0,2.0,0,1,0,9,0,0.4876312986053491,,,,-1.92686500693939,-1.5305685670509301,-1.9887368498157165,-1.6269636812497956,-1.8805394851163075,-1.605147194874743,2,3,0.8954830775292527,165,0,0,0,NORMAL
6.048,-1.9245106473849316,-1.5018193216441524,1.489086351270048,987.5711253549297,1000.0,997.9064939895336,DRIVE_TO_WAYPOINT,1,7,1,2.0,2.0,0,1,0,9,0,0.5164767856071459,,,,-1.9245106473849316,-1.5018193216441524,-1.89339411757039,-1.5631843201474747,-1.8803740929910087,-1.6098656341448692,2,3,0.9156893405275522,165,0,0,0,NORMAL
6.176,-1.922158627654037,-1.473098488271141,1.4890863792238385,982.9392633089103,1000.0,1000.0,DRIVE_TO_WAYPOINT,1,7,1,2.0,2.0,0,1,0,9,0,0.5452937643949163,,,,-1.922158627654037,-1.473098488271141,-1.959442146960616,-1.5433447959929965,-1.8763073328221154,-1.559590080670773,2,3,0.7319360009568879,165,0,0,0,NORMAL
6.304,-1.9198074808584744,-1.4443882579983076,1.4890863908014975,1000.0,1000.0,993.680925507187,DRIVE_TO_WAYPOINT,1,7,1,2.0,2.0,0,1,0,9,0,0.5741001042105438,,,,-1.9198074808584744,-1.4443882579983076,-1.8171047403139469,-1.3725040865947389,-1.875304974103754,-1.4747115363946406,2,4,0.5543942443293256,166,0,0,0,NORMAL
6.432,-1.9174566594695641,-1.4156819861954055,1.4890863952236837,993.9104472004286,978.7739862555947,994.9132775633177,DRIVE_TO_WAYPOINT,1,7,1,2.0,2.0,0,1,0,9,0,0.602902472203899,,,,-1.9174566594695641,-1.4156819861954055,-1.8433888884318856,-1.3623261426386402,-1.8758548086686315,-1.4576966528804294,2,4,0.6329135025400043,166,0,0,0,NORMAL
6.56,-1.9151059592826354,-1.3869771926809666,1.489086396581715,994.7854808007556,1000.0,1000.0,DRIVE_TO_WAYPOINT,1,7,1,2.0,2.0,0,1,0,9,0,0.6317033569485626,,,,-1.9151059592826354,-1.3869771926809666,-1.9039752849744764,-1.3466317543098076,-1.8767198067420752,-1.3934182243893998,2,4,0.818349313999853,166,0,0,0,NORMAL
6.688,-1.91275530421209,-1.3582729514005654,1.48908639665186,990.9049219046805,999.7522262737817,1000.0,DRIVE_TO_WAYPOINT,1,7,1,2.0,2.0,0,1,0,9,0,0.6605036876193062,,,,-1.91275530421209,-1.3582729514005654,-1.9165691548008303,-1.4314979409298831,-1.8761522815779232,-1.3710646261862935,2,4,0.8856475096069487,166,0,0,0,NORMAL
6.816,-1.910404665932026,-1.329568916478835,1.4890863962149126,1000.0,1000.0,1000.0,DRIVE_TO_WAYPOINT,1,7,1,2.0,2.0,0,1,0,9,0,0.689303811249451,,,,-1.910404665932026,-1.329568916478835,-1.8906345450269926,-1.3421676088610963,-1.876133150551779,-1.3675759121760171,2,4,0.9195097386169664,166,0,0,0,NORMAL
6.944,-1.9080540339013812,-1.3008649586947978,1.4890863956404101,1000.0,995.337719369134,996.9105617095285,DRIVE_TO_WAYPOINT,1,7,1,2.0,2.0,0,1,0,9,0,0.7181038574891929,,,,-1.9080540339013812,-1.3008649586947978,-1.949284849434997,-1.2879122039558941,-1.8785652766994132,-1.3621789991993762,2,4,0.917973965207443,166,0,0,0,NORMAL
7.072,-1.9057034041972887,-1.2721610297557537,1.4890863951271156,1000.0,992.8276972108375,1000.0,DRIVE_TO_WAYPOINT,1,7,1,2.0,2.0,0,1,0,9,0,0.7469038747902892,,,,-1.9057034041972887,-1.2721610297557537,-1.9204035568105466,-1.2452800896163934,-1.8758868774153454,-1.3395473713196235,2,4,0.8480299616225939,166,0,0,0,NORMAL
7.2,-1.9033527753597566,-1.2434571116075497,1.489086394792512,989.9720470675221,1000.0,998.8479990015767,DRIVE_TO_WAYPOINT,1,7,1,2.0,2.0,0,1,0,9,0,0.7757038812658203,,,,-1.9033527753597566,-1.2434571116075497,-1.8118412106056379,-1.3778303118925872,-1.8746277780001803,-1.3408194320492761,2,4,0.8558509669502622,167,0,0,0,NORMAL
7.328,-1.9010021468461926,-1.2147531974978723,1.48908639470133,1000.0,993.6024767869384,991.2391992576669,DRIVE_TO_WAYPOINT,1,7,1,2.0,2.0,0,1,0,9,0,0.804503883689857,,,,-1.9010021468461926,-1.2147531974978723,-1.9020223330456414,-1.2565035667920859,-1.8761507195647993,-1.3222858792563374,2,4,0.7834656127204139,167,0,0,0,NORMAL
7.456,-1.8986515184562542,-1.1860492848998596,1.4890863948730748,991.6787460578154,995.9872078982252,998.7866011391509,DRIVE_TO_WAYPOINT,1,7,1,2.0,2.0,0,1,0,9,0,0.8333038845971822,,,,-1.8986515184562542,-1.1860492848998596,-1.942946867103199,-1.1651761087291705,-1.8768855606143662,-1.302088687107991,2,4,0.7037183398396905,168,0,0,0,NORMAL
7.584,-1.896300890117302,-1.157345372867138,1.4890863952853313,1000.0,1000.0,1000.0,DRIVE_TO_WAYPOINT,1,7,1,2.0,2.0,0,1,0,9,0,0.862103884936941,,,,-1.896300890117302,-1.157345372867138,-1.8419408411965306,-1.2514712342719136,-1.8759718714134108,-1.2329397318672115,2,5,0.5302593170774376,169,0,0,0,NORMAL
7.712,-1.893950261803972,-1.1286414610450373,1.4890863958792535,994.8356522099465,991.73328177586,994.531237543712,DRIVE_TO_WAYPOINT,1,7,1,2.0,2.0,0,1,0,9,0,0.8909038850646902,,,,-1.893950261803972,-1.1286414610450373,-1.8688866505087258,-1.165779698301303,-1.8742030436064034,-1.2148784319131025,2,5,0.6077253150387267,169,0,0,0,NORMAL
7.84,-1.8915996335077854,-1.0999375493008254,1.4890863965689616,995.8591947549445,997.2052293139936,1000.0,DRIVE_TO_WAYPOINT,1,7,1,2.0,2.0,0,1,0,9,0,0.9197038851134114,,,,-1.8915996335077854,-1.0999375493008254,-1.972725255783505,-1.1607679112604385,-1.8767062483186707,-1.14690348138728,2,5,0.807733943916218,169,0,0,0,NORMAL
7.968,-1.889249005225564,-1.0712336375852278,1.4890863972543698,1000.0,996.7494708973954,1000.0,DRIVE_TO_WAYPOINT,1,7,1,2.0,2.0,0,1,0,9,0,0.9485038851324739,,,,-1.889249005225564,-1.0712336375852278,-1.8222557521451401,-1.04655575867263,-1.8763206539615296,-1.101346223998907,2,5,0.849998931091705,169,0,0,0,NORMAL
8.096,-1.8868983769550425,-1.04252972588032,1.4890863978358972,1000.0,1000.0,992.9851447744182,DRIVE_TO_WAYPOINT,1,7,1,2.0,2.0,0,1,0,9,0,0.9773038851399275,,,,-1.8868983769550425,-1.04252972588032,-1.8743876307419247,-1.025112774249649,-1.8763957910300713,-1.0824612458255214,2,5,0.8151876329655019,170,0,0,0,NORMAL
8.224,-1.8845477486933513,-1.0138258141797398,1.4890863982290201,994.1099711517478,997.154749244379,998.0784563454157,DRIVE_TO_WAYPOINT,1,7,1,2.0,2.0,0,1,0,9,0,1.006103885142347,,,,-1.8845477486933513,-1.0138258141797398,-1.8600725283928607,-1.0030675385530583,-1.8747575420335527,-1.0848730724365039,2,5,0.8315331217753046,170,0,0,0,NORMAL
8.352,-1.8821971204367245,-0.9851219024811382,1.4890863983765974,988.472180759341,1000.0,996.1389564694367,DRIVE_TO_WAYPOINT,1,7,1,2.0,2.0,0,1,0,9,0,1.0349038851423813,,,,-1.8821971204367245,-0.9851219024811382,-1.847646277146794,-1.0675303377821652,-1.874281725619534,-1.0455276659075645,2,5,0.6808435461627225,171,0,0,0,NORMAL
8.48,-1.8798464921807891,-0.9564179907834156,1.4890863982571876,1000.0,1000.0,1000.0,DRIVE_TO_WAYPOINT,1,7,1,2.0,2.0,0,1,0,9,0,1.0637038851414828,,,,-1.8798464921807891,-0.9564179907834156,-1.8164105671323856,-1.0634982007385525,-1.8743697837813746,-0.9622798687328519,2,6,0.5976008988792906,172,0,0,0,NORMAL
8.608,-1.8774958639211166,-0.927714079085908,1.4890863978881717,991.6022839512381,1000.0,1000.0,DRIVE_TO_WAYPOINT,1,7,1,2.0,2.0,0,1,0,9,0,1.0925038851406754,,,,-1.8774958639211166,-0.927714079085908,-1.9279557217064744,-0.9386644678645372,-1.8753719855730338,-0.9538142031657321,2,6,0.6502479235561175,174,0,0,0,NORMAL
8.736,-1.875145235653854,-0.8990101673883149,1.4890863973232165,994.7262606694458,1000.0,1000.0,DRIVE_TO_WAYPOINT,1,7,1,2.0,2.0,0,1,0,9,0,1.1213038851405726,,,,-1.875145235653854,-0.8990101673883149,-1.7823909737409118,-0.8292864876483259,-1.875609196145582,-0.9137606299783809,2,6,0.7825462817170951,174,0,0,0,NORMAL
8.864,-1.8727946073762882,-0.8703062556907735,1.489086396644476,988.54347359534,991.6720215881181,1000.0,DRIVE_TO_WAYPOINT,1,7,1,2.0,2.0,0,1,0,9,0,1.150103885141259,,,,-1.8727946073762882,-0.8703062556907735,-1.7687528853058643,-0.9186067177824833,-1.8748739239862193,-0.879256592146517,2,6,0.8744137256457453,174,0,0,0,NORMAL
8.992,-1.8704439790872371,-0.8416023439937906,1.4890863959506495,1000.0,987.5478691349523,996.2618314406251,DRIVE_TO_WAYPOINT,1,7,1,2.0,2.0,0,1,0,9,0,1.1789038851423261,,,,-1.8704439790872371,-0.8416023439937906,-1.8763728785357197,-0.8237943902291706,-1.875870423972057,-0.8652167785242749,2,6,0.9060071023509124,174,0,0,0,NORMAL
9.12,-1.8680933507872048,-0.8128984322979685,1.4890863953426308,999.2551701930664,1000.0,993.0363203138581,DRIVE_TO_WAYPOINT,1,7,1,2.0,2.0,0,1,0,9,0,1.207703885143133,,,,-1.8680933507872048,-0.8128984322979685,-1.9385314712608799,-0.8245358960842356,-1.8743047519801455,-0.8560467818077304,2,6,0.9037402282711393,174,0,0,0,NORMAL
9.248,-1.8657427224782852,-0.7841945206036398,1.489086394908844,1000.0,987.968317693987,990.1124050022764,DRIVE_TO_WAYPOINT,1,7,1,2.0,2.0,0,1,0,9,0,1.2365038851431764,,,,-1.8657427224782852,-0.7841945206036398,-1.8184539476933808,-0.6912564475882015,-1.876086323923208,-0.846310072009962,2,6,0.8749550436988714,174,0,0,0,NORMAL
9.376,-1.8633920941638369,-0.7554906089106072,1.4890863947123851,994.6340851978987,1000.0,1000.0,DRIVE_TO_WAYPOINT,1,7,1,2.0,2.0,0,1,0,9,0,1.26530388514238,,,,-1.8633920941638369,-0.7554906089106072,-1.9284871505235972,-0.6736862794540447,-1.8755257109244718,-0.8421107185905751,2,6,0.8612062833034924,175,0,0,0,NORMAL
9.504,-1.8610414658479943,-0.7267866972181377,1.4890863947818387,1000.0,1000.0,996.2224381320832,DRIVE_TO_WAYPOINT,1,7,1,2.0,2.0,0,1,0,9,0,1.2941038851411355,,,,-1.8610414658479943,-0.7267866972181377,-1.9117169018079436,-0.741673213879485,-1.875198248226747,-0.8195711131515853,2,6,0.7741315552460931,175,0,0,0,NORMAL
9.632,-1.8586908375350766,-0.6980827855252324,1.4890863951071143,1000.0,1000.0,1000.0,DRIVE_TO_WAYPOINT,1,7,1,2.0,2.0,0,1,0,9,0,1.3229038851400867,,,,-1.8586908375350766,-0.6980827855252324,-1.922315485752697,-0.8320024957481531,-1.8751092838875838,-0.7463726651804095,2,6,0.49639339760069673,178,0,0,0,NORMAL
9.76,-1.8567289214647495,-0.6741255034115078,1.4890863955155214,990.6317842622251,999.1545057557481,992.2084576352502,TURN_TO_WAYPOINT,1,7,1,2.0,2.0,0,1,0,10,0,1.346941365892936,,,,-1.8567289214647495,-0.6741255034115078,-1.8566570745747137,-0.6446807857974178,-1.8736710287791078,-0.7383492888084944,2,7,0.5222274821552486,178,0,0,0,NORMAL
9.888,-1.8558100336290264,-0.6605089427375336,1.5041188112125117,734.6511851239031,631.968135010982,247.11848839802244,TURN_TO_WAYPOINT,2,7,1,2.0,2.0,0,1,0,10,0,1.3605889573733707,,,,-1.8558100336290264,-0.6605089427375336,-1.8260718348314642,-0.7039605934609177,-1.8747808487060107,-0.6774450973617857,2,7,0.7597020154084677,178,0,0,0,NORMAL
10.016,-1.8554516457986145,-0.657824016657718,1.4440724517443284,531.8489860223807,463.42492941243626,552.6076628597209,TURN_TO_WAYPOINT,2,7,1,2.0,2.0,0,1,0,10,0,1.3662863092534794,,,,-1.8554516457986145,-0.657824016657718,-1.9336997299469716,-0.6841466064778626,-1.874566701784684,-0.6411678152955075,2,7,0.915643632539523,178,0,0,0,NORMAL
10.144,-1.8557695974607105,-0.6611365046088566,1.383941693644788,796.8517975005652,267.10346963967885,807.3024914828749,TURN_TO_WAYPOINT,2,7,1,2.0,2.0,0,1,0,10,0,1.3696150871935953,,,,-1.8557695974607105,-0.6611365046088566,-1.9760129606429635,-0.6069520940705995,-1.8745240062642563,-0.6327495145571045,2,7,0.961017688596608,179,0,0,0,NORMAL
10.272,-1.8565148167283612,-0.6651533548266784,1.323794469185761,989.2676111817441,208.35166036870254,987.8539484911543,TURN_TO_WAYPOINT,2,7,1,2.0,2.0,0,1,0,10,0,1.373701610865372,,,,-1.8565148167283612,-0.6651533548266784,-1.8241018926162678,-0.6776094575483209,-1.8748049955951271,-0.6301824747900593,2,7,0.9770356312327255,181,0,0,0,NORMAL
10.4,-1.8579066559349806,-0.6702645377845573,1.2635598808101471,993.8309570841607,225.222303180506,1000.0,TURN_TO_WAYPOINT,2,7,1,2.0,2.0,0,1,0,10,0,1.3790002222035662,,,,-1.8579066559349806,-0.6702645377845573,-1.965722337931457,-0.6586664864890142,-1.874880145675685,-0.6304691540497608,2,7,0.9774441683455859,182,0,0,0,NORMAL
10.528,-1.8578016943051525,-0.6699832621175196,1.2020320794310035,1000.0,243.6228306845837,991.7436525666204,TURN_TO_WAYPOINT,2,7,1,2.0,2.0,0,1,0,10,0,1.3795565941196821,,,,-1.8578016943051525,-0.6699832621175196,-1.8627637619619626,-0.6249639579689985,-1.874949733958024,-0.6294771923720653,2,7,0.9818550734300763,182,0,0,0,NORMAL
10.656,-1.8576713578892732,-0.6696909520939146,1.141844393585634,1000.0,249.0133818786401,983.4581738277633,TURN_TO_WAYPOINT,2,7,1,2.0,2.0,0,1,0,10,0,1.3798768729177915,,,,-1.8576713578892732,-0.6696909520939146,-1.816818815345897,-0.6783690722807919,-1.8749791785080483,-0.6275199879993616,2,7,0.9898272158784814,182,0,0,0,NORMAL
10.784,-1.8575985439166716,-0.6695847071385458,1.0816555356551079,1000.0,261.26334532951427,998.2959329603667,TURN_TO_WAYPOINT,2,7,1,2.0,2.0,0,1,0,10,0,1.3800059687381345,,,,-1.8575985439166716,-0.6695847071385458,-1.9595845665236729,-0.6723122878151144,-1.8749870910629693,-0.626790674252939,2,7,0.992783903224016,183,0,0,0,NORMAL
10.912,-1.8575530010510006,-0.6695512035169393,1.0214752692946252,1000.0,278.7358753428863,1000.0,TURN_TO_WAYPOINT,2,7,1,2.0,2.0,0,1,0,10,0,1.3800629304149912,,,,-1.8575530010510006,-0.6695512035169393,-1.9142751431859646,-0.7142734158820132,-1.8749943719106361,-0.6257368281544631,2,7,0.997029476444594,183,0,0,0,NORMAL
11.04,-1.857519978402917,-0.6695472501849024,0.9613052191418567,1000.0,979.363338841185,1000.0,TURN_TO_WAYPOINT,2,7,1,2.0,2.0,0,1,0,10,0,1.3800965611777793,,,,-1.857519978402917,-0.6695472501849024,-1.8628124471124847,-0.6824488735112001,-1.8749959085996204,-0.6252160567031326,2,7,0.999119058126217,183,0,0,0,NORMAL
11.168,-1.8574928956839527,-0.6695595358229062,0.9011447887155569,1000.0,988.3161963491075,1000.0,TURN_TO_WAYPOINT,2,7,1,2.0,2.0,0,1,0,10,0,1.3801265639129279,,,,-1.8574928956839527,-0.6695595358229062,-1.804150837775729,-0.594734602322599,-1.874998395123688,-0.6250940374904399,2,7,0.9996173106305065,185,0,0,0,NORMAL
11.296,-1.857469079834647,-0.6695772575273566,0.8409923776708493,188.6288676292019,995.9734635583667,1000.0,TURN_TO_WAYPOINT,2,7,1,2.0,2.0,0,1,0,10,0,1.3801562571822348,,,,-1.857469079834647,-0.6695772575273566,-1.914780375383294,-0.7418635035794986,-1.8749982694269562,-0.6250641151233103,2,7,0.9997365934816848,186,0,0,0,NORMAL
11.424,-1.85744724517167,-0.6695968453385587,0.7808413346863852,175.89342654810935,1000.0,998.3432886596315,TURN_TO_WAYPOINT,2,7,1,2.0,2.0,0,1,0,10,0,1.3801855991000431,,,,-1.85744724517167,-0.6695968453385587,-1.7474832654197976,-0.6833758516031937,-1.8749994590352137,-0.625035696343838,2,7,0.9998550442587965,187,0,0,0,NORMAL
11.552,-1.8574270037649232,-0.6696180707898152,0.720690561435846,191.33532408455457,1000.0,610.5557409480358,TURN_TO_WAYPOINT,2,7,1,2.0,2.0,0,1,0,10,0,1.3802149345504546,,,,-1.8574270037649232,-0.6696180707898152,-1.941332584196883,-0.6861936833862506,-1.8749998137569885,-0.6250304111244434,2,7,0.9998776093863311,187,0,0,0,NORMAL
11.68,-1.857408227038064,-0.669640601075128,0.660540671122803,180.99074716119912,996.8406998696963,606.9105596473007,TURN_TO_WAYPOINT,2,7,1,2.0,2.0,0,1,0,10,0,1.380244268069123,,,,-1.857408227038064,-0.669640601075128,-1.9237628600364893,-0.7029961042194622,-1.8749997473618392,-0.6250218282731205,2,7,0.9999116762156444,188,0,0,0,NORMAL
11.808,-1.8573909005024498,-0.669664263284356,0.6003922665230025,210.25549602727986,991.0067291080662,611.8362796340638,TURN_TO_WAYPOINT,2,7,1,2.0,2.0,0,1,0,10,0,1.380273600043888,,,,-1.8573909005024498,-0.669664263284356,-1.8962542607607786,-0.493522175380921,-1.8749999278513725,-0.6250064531256215,2,7,0.9999738987932489,188,0,0,0,NORMAL
11.936,-1.8573750539564613,-0.6696889395001714,0.5402459278185427,234.8706791475097,1000.0,597.076437217239,TURN_TO_WAYPOINT,2,7,1,2.0,2.0,0,1,0,10,0,1.3803029305228935,,,,-1.8573750539564613,-0.6696889395001714,-1.8237910656346006,-0.7336127176413101,-1.8749999823614756,-0.6250034270131337,2,7,0.9999862213598415,188,0,0,0,NORMAL
12.064,-1.8573607317521756,-0.669714528832107,0.4801022114819996,240.07336335182276,1000.0,594.975873905677,TURN_TO_WAYPOINT,2,7,1,2.0,2.0,0,1,0,10,0,1.38033225943391,,,,-1.8573607317521756,-0.669714528832107,-1.916106242090461,-0.6300155201603559,-1.874999991914527,-0.6250019552299503,2,7,0.9999921467295151,188,0,0,0,NORMAL
12.192,-1.8573479805750701,-0.6697409342397767,0.4199616518633785,997.6346741869945,1000.0,988.2130272565128,TURN_TO_WAYPOINT,2,7,1,2.0,2.0,0,1,0,10,0,1.3803615865980958,,,,-1.8573479805750701,-0.6697409342397767,-1.8557460728931463,-0.5691598087682915,-1.8749999952574212,-0.6250018524199201,2,7,0.9999925713486468,190,0,0,0,NORMAL
12.32,-1.8573368444149643,-0.6697680581683827,0.3598247627485936,999.2651627633066,991.1923214748579,1000.0,TURN_TO_WAYPOINT,2,7,1,2.0,2.0,0,1,0,10,0,1.3803909117675919,,,,-1.8573368444149643,-0.6697680581683827,-1.833563490653883,-0.7312849401758881,-1.8749999979882404,-0.6250008419677171,2,7,0.9999966240816318,191,0,0,0,NORMAL
12.448,-1.857327362465439,-0.669795801294928,0.299692038203738,977.9623457189521,1000.0,994.9158141989196,TURN_TO_WAYPOINT,2,7,1,2.0,2.0,0,1,0,10,0,1.3804202346623,,,,-1.857327362465439,-0.669795801294928,-1.9436551653547318,-0.6141444741116948,-1.8749999984323804,-0.6250003861871175,2,7,0.999998448980921,191,0,0,0,NORMAL
12.576,-1.8573195682171577,-0.6698240623660653,0.23956395269603173,1000.0,1000.0,995.361573144106,TURN_TO_WAYPOINT,2,7,1,2.0,2.0,0,1,0,10,0,1.3804495549954308,,,,-1.8573195682171577,-0.6698240623660653,-1.856464935432595,-0.664892444291629,-1.8749999995182405,-0.6250001620553194,2,7,0.9999993498516334,191,0,0,0,NORMAL
12.704,-1.8573134890462173,-0.6698527384164739,0.17944096066147167,992.8110288494489,631.6918002917943,1000.0,TURN_TO_WAYPOINT,2,7,1,2.0,2.0,0,1,0,10,0,1.3804788724892694,,,,-1.8573134890462173,-0.6698527384164739,-1.8446792420935083,-0.6605642129364742,-1.8749999998657014,-0.6250000792609531,2,7,0.9999996824189772,192,0,0,0,NORMAL
12.832,-1.8573091460178688,-0.6698817251179685,0.11932349570148999,1000.0,635.0205288174407,1000.0,TURN_TO_WAYPOINT,2,7,1,2.0,2.0,0,1,0,10,0,1.3805081868846192,,,,-1.8573091460178688,-0.6698817251179685,-1.8025180205923321,-0.6008175380968444,-1.8749999999607856,-0.6250000751451751,2,7,0.9999996992624384,192,0,0,0,NORMAL
12.96,-1.8573071783744417,-0.6699024440451191,0.07422175814977755,1000.0,625.9793216713794,1000.0,DRIVE_TO_WAYPOINT,2,7,1,2.0,2.0,0,1,0,10,0,1.3805313407028663,,,,-1.8573071783744417,-0.6699024440451191,-1.972432729964472,-0.650568398759941,-1.8749999999884621,-0.6250000508584338,2,7,0.9999997965201111,192,0,0,0,NORMAL
13.088,-1.8290081738868476,-0.6677967339990176,0.07423520768331689,1000.0,606.6008693739674,998.3548087414075,DRIVE_TO_WAYPOINT,2,7,1,2.0,2.0,0,1,0,10,0,1.4089085793164067,,,,-1.8290081738868476,-0.6677967339990176,-1.9264043915948372,-0.7413285609029929,-1.8671398731786686,-0.6253373787861692,2,7,0.9648590521554435,192,0,0,0,NORMAL
13.216,-1.800030087849507,-0.6656386193266224,0.07424127469275009,1000.0,565.2108295725252,996.0512771783768,DRIVE_TO_WAYPOINT,2,7,1,2.0,2.0,0,1,0,10,0,1.437966915974513,,,,-1.800030087849507,-0.6656386193266224,-1.8982398612039433,-0.6989735644113662,-1.8549967572238708,-0.6255733354222444,2,7,0.9139683479780158,192,0,0,0,NORMAL
13.344,-1.7712102712108564,-0.6634931013899493,0.07424313581196011,1000.0,547.6716780489216,988.9702909538353,DRIVE_TO_WAYPOINT,2,7,1,2.0,2.0,0,1,0,10,0,1.4668664848016513,,,,-1.7712102712108564,-0.6634931013899493,-1.826040736070245,-0.6932530256310724,-1.831649004155528,-0.6256650435402782,2,7,0.8213496078782074,192,0,0,0,NORMAL
13.472,-1.7424526833384542,-0.6613531639906454,0.0742436283269026,1000.0,516.673193607083,1000.0,DRIVE_TO_WAYPOINT,2,7,1,2.0,2.0,0,1,0,10,0,1.4957035823039497,,,,-1.7424526833384542,-0.6613531639906454,-1.8254346871085316,-0.6838510872480537,-1.7744621256791704,-0.6251156713824322,2,7,0.6015725691450386,192,0,0,0,NORMAL
13.6,-1.7137182764660224,-0.6592155121600862,0.07424373453673894,1000.0,495.69406668502467,996.5884098651261,DRIVE_TO_WAYPOINT,2,7,1,2.0,2.0,0,1,0,10,0,1.5245173931187368,,,,-1.7137182764660224,-0.6592155121600862,-1.637786485678948,-0.6560589831413897,-1.720178406844509,-0.6261201080999614,3,7,0.5788809802421673,192,0,0,0,NORMAL
13.728,-1.6849924954497821,-0.6570787566463839,0.07424374973346824,999.6489320867502,462.8023218861228,993.7486137869136,DRIVE_TO_WAYPOINT,2,7,1,2.0,2.0,0,1,0,10,0,1.5533225353527225,,,,-1.6849924954497821,-0.6570787566463839,-1.7493021127120767,-0.6139782249121073,-1.6623716179730654,-0.6256157436286397,3,7,0.7699704470298098,192,0,0,0,NORMAL
13.856,-1.6562699260105702,-0.654942334054696,0.07424374672831131,1000.0,433.59957870396687,1000.0,DRIVE_TO_WAYPOINT,2,7,1,2.0,2.0,0,1,0,10,0,1.582124450161999,,,,-1.6562699260105702,-0.654942334054696,-1.5955411912966035,-0.61346898408616,-1.626577010968845,-0.6274786639398366,3,7,0.8647610399317062,193,0,0,0,NORMAL
13.984,-1.6275485530257885,-0.652806027211922,0.07424373835570786,1000.0,400.38362266649136,986.9282466610382,DRIVE_TO_WAYPOINT,2,7,1,2.0,2.0,0,1,0,10,0,1.6109251632270856,,,,-1.6275485530257885,-0.652806027211922,-1.595915881248756,-0.6362002660538832,-1.5896544572924693,-0.628575682807276,3,7,0.8276432026419425,193,0,0,0,NORMAL
14.112,-1.5988276260172456,-0.650669757551189,0.0742437261240372,987.6583059474151,367.01069987063886,992.5104249500162,DRIVE_TO_WAYPOINT,2,7,1,2.0,2.0,0,1,0,10,0,1.6397254287865108,,,,-1.5988276260172456,-0.650669757551189,-1.5966577642990767,-0.6652237919066586,-1.5883697579818825,-0.628511944079904,3,7,0.8353452283463517,193,0,0,0,NORMAL
14.24,-1.5701068653116204,-0.6485334987849874,0.0742437114787755,935.1734078987419,339.15901506743654,999.471595550731,DRIVE_TO_WAYPOINT,2,7,1,2.0,2.0,0,1,0,10,0,1.6685255276930417,,,,-1.5701068653116204,-0.6485334987849874,-1.5653047787779206,-0.6447330949852019,-1.587842957393183,-0.6274131389910179,3,7,0.8392694279205174,193,0,0,0,NORMAL
14.368,-1.5413861666267108,-0.6463972429372378,0.07424369689391962,891.2319227024079,308.67177177685494,996.7976756685368,DRIVE_TO_WAYPOINT,2,7,1,2.0,2.0,0,1,0,10,0,1.6973255645332335,,,,-1.5413861666267108,-0.6463972429372378,-1.4040161115788357,-0.7394921590437821,-1.568595512357352,-0.6266702225150669,3,7,0.7673628589151751,193,0,0,0,NORMAL
14.496,-1.5174148899850053,-0.6446142501285693,0.07424369102260982,855.3854681684523,278.9172375982814,996.5386182792735,CONFIRM_OBSTACLE,2,7,1,2.0,2.0,0,1,0,10,0,1.7213630595605642,OBSTACLE_DETECTED,,,-1.5174148899850053,-0.6446142501285693,-1.4662590384669065,-0.6616548967795085,-1.5247654894676792,-0.6265730254313115,3,7,0.5998559312999688,193,0,0,0,NORMAL
14.624,-1.5084398622075457,-0.6439466840929561,0.07424369898557322,528.5944661953178,287.9869156570647,555.2248345955445,CONFIRM_OBSTACLE,2,7,1,2.0,2.0,0,1,0,10,0,1.730362880004222,,,,-1.5084398622075457,-0.6439466840929561,-1.5056669570016992,-0.58573582183213,-1.5473660038086803,-0.6259866826961105,3,7,0.6863462555797812,193,0,0,0,NORMAL
14.752,-1.5086038435367717,-0.6439588813911539,0.07424370559791976,537.3575851500456,277.9020993922513,560.3154037066148,CONFIRM_OBSTACLE,2,7,1,2.0,2.0,0,1,0,10,0,1.7348265594045316,,,,-1.5086038435367717,-0.6439588813911539,-1.5384911696855639,-0.6771532549426524,-1.5107903034259216,-0.6252787875431155,3,7,0.5424387180409541,193,0,0,0,NORMAL
14.88,-1.5120589452331243,-0.644215873327898,0.07424371085142423,843.9039469268663,284.66083326564456,869.3432755622698,CONFIRM_OBSTACLE,2,7,1,2.0,2.0,0,1,0,10,0,1.7382912055030084,,,,-1.5120589452331243,-0.644215873327898,-1.5428786256697935,-0.6911997160384944,-1.469378658849427,-0.6252666990411083,4,7,0.6216359888415852,193,0,0,0,NORMAL
15.008,-1.5163049478762403,-0.644531692837977,0.07424371390564033,865.1855202391614,292.33453869930264,982.3456438130369,TURN_TO_WAYPOINT,1,3,1,2.0,2.0,1,2,1,10,0,1.742548937341475,TEMPORARY_OBSTACLE_ADDED|PATH_PLANNED,-0.9504286985617034,-0.584728824701898,-1.5163049478762403,-0.644531692837977,-1.5714962492191202,-0.6446932157327664,-1.4944269457432766,-0.6251916473332902,4,7,0.5219100392128987,193,0,0,0,NORMAL
15.136,-1.5204333791032845,-0.6448283640730758,0.12062242793748967,995.6996459283632,292.38387918653143,1000.0,TURN_TO_WAYPOINT,1,3,1,2.0,2.0,1,2,1,10,0,1.7466882812834048,,,,-1.5204333791032845,-0.6448283640730758,-1.469833820680238,-0.7152326461135851,-1.4873208846224886,-0.6251002748118178,4,7,0.5505125432183607,193,0,0,0,NORMAL
15.264,-1.5202702239811057,-0.6447897612535609,0.18076164223748475,985.450927094041,299.6082582222468,1000.0,TURN_TO_WAYPOINT,1,3,1,2.0,2.0,1,2,1,10,0,1.7468562527108653,,,,-1.5202702239811057,-0.6447897612535609,-1.5316983172745882,-0.6838830048295419,-1.4941550374691914,-0.6250566664148017,4,7,0.5232728143888536,193,0,0,0,NORMAL
15.392,-1.520210404904467,-0.6447528271718018,0.2409026632040442,1000.0,303.28082872296983,1000.0,TURN_TO_WAYPOINT,1,3,1,2.0,2.0,1,2,1,10,0,1.7469271095339303,,,,-1.520210404904467,-0.6447528271718018,-1.4836097004049067,-0.7312060924748145,-1.5262680164209088,-0.625037372020521,3,7,0.6049737179130961,195,0,0,0,NORMAL
15.52,-1.5201926433263433,-0.6447199470608279,0.3010614076216992,1000.0,996.5417903283461,1000.0,TURN_TO_WAYPOINT,1,3,1,2.0,2.0,1,2,1,10,0,1.7469647771719887,,,,-1.5201926433263433,-0.6447199470608279,-1.5531138273506633,-0.6425743711331272,-1.4985988123156122,-0.6250204310536923,4,7,0.5055679018358528,197,0,0,0,NORMAL
15.648,-1.5201919545000044,-0.6446898653013783,0.3612756027949375,1000.0,1000.0,265.9351238900225,TURN_TO_WAYPOINT,1,3,1,2.0,2.0,1,2,1,10,0,1.7469951902183372,,,,-1.5201919545000044,-0.6446898653013783,-1.5317818894888986,-0.5710736488446967,-1.5356298901503556,-0.6250084671077666,3,7,0.6424961151772123,197,0,0,0,NORMAL
15.776,-1.5202071317924089,-0.6446616167803526,0.42149132333880096,1000.0,922.8235342366902,265.2282040371505,TURN_TO_WAYPOINT,1,3,1,2.0,2.0,1,2,1,10,0,1.747027519941141,,,,-1.5202071317924089,-0.6446616167803526,-1.5878260363549883,-0.42588527523371744,-1.572014769134719,-0.6250031245429432,3,7,0.7880487839108565,197,0,0,0,NORMAL
15.904,-1.520233321773287,-0.6446347818811117,0.4816931336865183,1000.0,823.1582564195252,257.38202672455213,TURN_TO_WAYPOINT,1,3,1,2.0,2.0,1,2,1,10,0,1.7470650229560531,,,,-1.520233321773287,-0.6446347818811117,-1.534719786978906,-0.5714097831917012,-1.5693391698214791,-0.6250012703759877,3,7,0.7773525426767203,197,0,0,0,NORMAL
16.032,-1.5202581881140422,-0.6446090680707084,0.5418798809592152,1000.0,855.5627544724955,257.14318869930037,TURN_TO_WAYPOINT,1,3,1,2.0,2.0,1,2,1,10,0,1.7471007944066375,,,,-1.5202581881140422,-0.6446090680707084,-1.5137677678292347,-0.7344843891078112,-1.5824933170771998,-0.6250004507350394,3,7,0.829971717986553,198,0,0,0,NORMAL
16.16,-1.520280961697236,-0.6445843423762733,0.6020534334549291,1000.0,908.5446857081708,253.80171939222527,TURN_TO_WAYPOINT,1,3,1,2.0,2.0,1,2,1,10,0,1.7471344105010553,,,,-1.520280961697236,-0.6445843423762733,-1.6059100691207597,-0.6217069265798295,-1.5915754098700168,-0.6250000904762442,3,7,0.8663013161805,199,0,0,0,NORMAL
16.288,-1.5203019290085384,-0.6445606475013935,0.6622159388533095,1000.0,999.7256017979311,267.6384601373068,TURN_TO_WAYPOINT,1,3,1,2.0,2.0,1,2,1,10,0,1.7471660506267574,,,,-1.5203019290085384,-0.6445606475013935,-1.4361271488187723,-0.5611889145579144,-1.5771946359527842,-0.6250000323702473,3,7,0.8087784344957715,199,0,0,0,NORMAL
16.416,-1.5203214394966762,-0.64453804807172,0.7223693924745815,999.6426821294332,999.8930121959351,263.4524938676591,TURN_TO_WAYPOINT,1,3,1,2.0,2.0,1,2,1,10,0,1.7471959069026575,,,,-1.5203214394966762,-0.64453804807172,-1.511609271170382,-0.5573798587695242,-1.5515267370828503,-0.6250000110925039,3,7,0.7061069148931856,199,0,0,0,NORMAL
16.544,-1.5203414244543798,-0.6445165990144904,0.7825204465751686,995.7242452740657,1000.0,279.51389065581486,TURN_TO_WAYPOINT,1,3,1,2.0,2.0,1,2,1,10,0,1.7472252277365274,,,,-1.5203414244543798,-0.6445165990144904,-1.45300787764612,-0.566049970183152,-1.549489173696065,-0.6250000050397504,3,7,0.6979566797636539,200,0,0,0,NORMAL
16.672,-1.5203626846774085,-0.6444964070025984,0.8426712635188885,1000.0,998.2687363157856,999.4340017383494,TURN_TO_WAYPOINT,1,3,1,2.0,2.0,1,2,1,10,0,1.7472545528599495,,,,-1.5203626846774085,-0.6444964070025984,-1.6354271123640733,-0.5418028451635009,-1.5907577685836212,-0.625000001925673,3,7,0.8630310674753181,201,0,0,0,NORMAL
16.8,-1.520385129488819,-0.6444775376537742,0.9028212425851585,1000.0,1000.0,991.8519438336023,TURN_TO_WAYPOINT,1,3,1,2.0,2.0,1,2,1,10,0,1.7472838797548413,,,,-1.520385129488819,-0.6444775376537742,-1.4530857350536481,-0.6641805369156002,-1.5967246212924595,-0.6250000008621749,3,7,0.8868984820323118,201,0,0,0,NORMAL
16.928,-1.5204086709186624,-0.6444600545276459,0.962969785579311,990.7790116341675,1000.0,861.3383435016077,TURN_TO_WAYPOINT,1,3,1,2.0,2.0,1,2,1,10,0,1.747313207255825,,,,-1.5204086709186624,-0.6444600545276459,-1.499876867942709,-0.639212185036748,-1.6166394263458708,-0.6250000003840173,3,7,0.9665577038857494,201,0,0,0,NORMAL
17.056,-1.5204332216227872,-0.644444019493373,1.0231163144508855,987.722209742686,995.8974641140509,804.5828905860708,TURN_TO_WAYPOINT,1,3,1,2.0,2.0,1,2,1,10,0,1.747342534765371,,,,-1.5204332216227872,-0.644444019493373,-1.5297488119545826,-0.6645863788166397,-1.6094980906943794,-0.6250000002651022,3,7,0.9379923617698237,201,0,0,0,NORMAL
17.184,-1.5204586921343122,-0.644429490579498,1.0832602744355813,188.48574352904637,1000.0,839.6960470483441,TURN_TO_WAYPOINT,1,3,1,2.0,2.0,1,2,1,10,0,1.7473718618819196,,,,-1.5204586921343122,-0.644429490579498,-1.5270829721746177,-0.6800861099127764,-1.6181481655750287,-0.6250000000654983,3,7,0.9725926620435199,201,0,0,0,NORMAL
17.312,-1.5204849900574624,-0.6444165209146949,1.1434011330828566,135.21861219929906,999.0194353883843,885.2070856105483,TURN_TO_WAYPOINT,1,3,1,2.0,2.0,1,2,1,10,0,1.747401188262386,,,,-1.5204849900574624,-0.6444165209146949,-1.4579308928019747,-0.5972002353889303,-1.6183871224393704,-0.625000000052828,3,7,0.973548489550602,201,0,0,0,NORMAL
17.44,-1.5205120199989373,-0.6444051581550688,1.2035383787636913,151.1508388689846,993.4125667961075,1000.0,TURN_TO_WAYPOINT,1,3,1,2.0,2.0,1,2,1,10,0,1.7474305135729082,,,,-1.5205120199989373,-0.6444051581550688,-1.52372977322299,-0.6204577859790856,-1.6211404923711124,-0.6250000000334931,3,7,0.984561969352123,201,0,0,0,NORMAL
17.568,-1.520539683779438,-0.6443954441228548,1.263671519694535,150.11386712518762,986.2431303391887,1000.0,TURN_TO_WAYPOINT,1,3,1,2.0,2.0,1,2,1,10,0,1.7474598374729933,,,,-1.520539683779438,-0.6443954441228548,-1.5987930008037743,-0.6263488182921407,-1.6217604070992546,-0.6250000000123679,3,7,0.9870416283480564,201,0,0,0,NORMAL
17.696,-1.5205678807603522,-0.6443874145464269,1.323800083624471,156.612953934665,997.191806529591,1000.0,TURN_TO_WAYPOINT,1,3,1,2.0,2.0,1,2,1,10,0,1.7474891596127455,,,,-1.5205678807603522,-0.6443874145464269,-1.5640497663010517,-0.6526295127016264,-1.6222511142684817,-0.6250000000089873,3,7,0.9890044570382932,201,0,0,0,NORMAL
17.824,-1.5205965082249993,-0.6443810988597298,1.383923618068553,172.253096096924,999.5198013260773,1000.0,TURN_TO_WAYPOINT,1,3,1,2.0,2.0,1,2,1,10,0,1.7475184796355088,,,,-1.5205965082249993,-0.6443810988597298,-1.47759953604926,-0.6542140475011122,-1.6223017861829139,-0.6250000000036812,3,7,0.9892071447170586,201,0,0,0,NORMAL
17.952,-1.520625461790492,-0.6443765200466,1.4440416909251634,179.43837200002778,1000.0,994.1456553305826,TURN_TO_WAYPOINT,1,3,1,2.0,2.0,1,2,1,10,0,1.7475477971829116,,,,-1.520625461790492,-0.6443765200466,-1.5374915743327593,-0.6004176493391005,-1.6214202537784004,-0.6250000000026249,3,7,0.9856810151032226,201,0,0,0,NORMAL
18.08,-1.5206546358387618,-0.6443736945259371,1.504153891336852,192.88137787165087,985.9682732078493,1000.0,TURN_TO_WAYPOINT,1,3,1,2.0,2.0,1,2,1,10,0,1.7475771119010037,,,,-1.5206546358387618,-0.6443736945259371,-1.5212039185514388,-0.6898664915388828,-1.6227766259341474,-0.6250000000010357,3,7,0.991106503732476,201,0,0,0,NORMAL
18.208,-1.5206839239593664,-0.6443726320772484,1.5642598306886646,993.6938608482266,1000.0,1000.0,TURN_TO_WAYPOINT,1,3,1,2.0,2.0,1,2,1,10,0,1.7476064234468047,,,,-1.5206839239593664,-0.6443726320772484,-1.4308330500066782,-0.5501353963394363,-1.620620738543982,-0.6250000000003871,3,7,0.9824829541744021,201,0,0,0,NORMAL
18.336,-1.5207132194730735,-0.6443733358418273,1.624362287479892,999.1113832781631,177.38478717039868,999.1915028851328,TURN_TO_WAYPOINT,1,3,1,2.0,2.0,1,2,1,10,0,1.747635731570916,,,,-1.5207132194730735,-0.6443733358418273,-1.538003281546976,-0.5850069960118686,-1.6197417428399625,-0.6250000000001562,3,7,0.9789669713592362,201,0,0,0,NORMAL
18.464,-1.5207424245058418,-0.6443758034139654,1.6844713494913415,1000.0,185.57121176921297,1000.0,TURN_TO_WAYPOINT,1,3,1,2.0,2.0,1,2,1,10,0,1.747665044822032,,,,-1.5207424245058418,-0.6443758034139654,-1.4982989551820265,-0.596823876396029,-1.6180259615123151,-0.6250000000001911,3,7,0.9721038460485137,201,0,0,0,NORMAL
18.592,-1.520771431472677,-0.6443800259636621,1.7445886744394754,986.911701697231,194.32403213646745,1000.0,TURN_TO_WAYPOINT,1,3,1,2.0,2.0,1,2,1,10,0,1.7476943616739897,,,,-1.520771431472677,-0.6443800259636621,-1.5042920998327025,-0.6980781345261929,-1.6226472213953325,-0.6250000000000199,3,7,0.9905888855812509,201,0,0,0,NORMAL
18.72,-1.5208001347300337,-0.6443859879499613,1.8047137143476826,1000.0,193.53693140659664,1000.0,TURN_TO_WAYPOINT,1,3,1,2.0,2.0,1,2,1,10,0,1.7477236817337112,,,,-1.5208001347300337,-0.6443859879499613,-1.4839726997650213,-0.6209309603674616,-1.6179665007241493,-0.6250000000000059,3,7,0.971866002896574,201,0,0,0,NORMAL
18.848,-1.5208284465806987,-0.6443944206428446,1.8648495254401123,1000.0,204.42213900006976,1000.0,TURN_TO_WAYPOINT,1,3,1,2.0,2.0,1,2,1,10,0,1.7477532682907024,,,,-1.5208284465806987,-0.6443944206428446,-1.4645825492264324,-0.6658812379205425,-1.620924039104506,-0.6250000000000016,3,7,0.9836961564180203,201,0,0,0,NORMAL
18.976,-1.5208563120129286,-0.6444142888472536,1.92504125134167,968.7623452665117,226.75846545107302,980.0257483465991,TURN_TO_WAYPOINT,1,3,1,2.0,2.0,1,2,1,10,0,1.7477876396339793,,,,-1.5208563120129286,-0.6444142888472536,-1.453332796554271,-0.5748681347406791,-1.6224648552346232,-0.6250000000000009,3,7,0.9898594209384896,201,0,0,0,NORMAL
19.104,-1.520883474082918,-0.6444425172380914,1.9852485608420707,903.8681241382948,209.0023420202853,994.0692027851965,TURN_TO_WAYPOINT,1,3,1,2.0,2.0,1,2,1,10,0,1.7478268155481056,,,,-1.520883474082918,-0.6444425172380914,-1.4408858552035226,-0.5945682187666194,-1.6211205434469385,-0.6250000000000004,3,7,0.9844821737877516,201,0,0,0,NORMAL
19.232,-1.5209098995492292,-0.6444698276692205,2.0454476362607807,863.1738278532451,231.7282896358256,1000.0,TURN_TO_WAYPOINT,1,3,1,2.0,2.0,1,2,1,10,0,1.7478648184986538,,,,-1.5209098995492292,-0.6444698276692205,-1.4637294542696153,-0.7101134789198335,-1.6226774097063117,-0.6250000000000002,3,7,0.9907096388252459,201,0,0,0,NORMAL
19.36,-1.520935538707357,-0.6444949422281357,2.1056339673413866,823.2402432131773,1000.0,1000.0,TURN_TO_WAYPOINT,1,3,1,2.0,2.0,1,2,1,10,0,1.7479007098508879,,,,-1.520935538707357,-0.6444949422281357,-1.487234237521556,-0.6572435774213817,-1.6232471553583085,-0.6250000000000002,3,7,0.9929886214332332,201,0,0,0,NORMAL
19.488,-1.5209602911808724,-0.6445179285388764,2.165808027062795,793.2766228325582,1000.0,151.15237637875487,TURN_TO_WAYPOINT,1,3,1,2.0,2.0,1,2,1,10,0,1.7479344901361686,,,,-1.5209602911808724,-0.6445179285388764,-1.563620686614217,-0.7136646166791287,-1.6239835248259609,-0.6250000000000001,3,7,0.9959340993038429,201,0,0,0,NORMAL
19.616,-1.520984059834364,-0.644539087825699,2.2259713292419137,767.7139471636938,1000.0,148.5502528259818,TURN_TO_WAYPOINT,1,3,1,2.0,2.0,1,2,1,10,0,1.7479663129150782,,,,-1.520984059834364,-0.644539087825699,-1.5139268918120359,-0.5976142051576269,-1.6229156618646703,-0.625,3,7,0.9916626474586807,201,0,0,0,NORMAL
19.744,-1.5210067550176127,-0.6445587087477022,2.286125412088938,738.720666099206,982.8167751375298,157.86375558980578,TURN_TO_WAYPOINT,1,3,1,2.0,2.0,1,2,1,10,0,1.747996313930258,,,,-1.5210067550176127,-0.6445587087477022,-1.4432073556441005,-0.6990348545914251,-1.6235533926164536,-0.6249999999999999,3,7,0.9942135704658152,201,0,0,0,NORMAL
19.872,-1.5210283172408918,-0.6445785706797516,2.3462764464895587,718.3415228895964,1000.0,153.5686173627661,TURN_TO_WAYPOINT,1,3,1,2.0,2.0,1,2,1,10,0,1.7480256340922626,,,,-1.5210283172408918,-0.6445785706797516,-1.5275622779729268,-0.5128243906060295,-1.622677179738362,-0.6250000000000001,3,7,0.9907087189534476,201,0,0,0,NORMAL
20.0,-1.5210486341838028,-0.6445997093820973,2.4064273330161647,714.7036953029673,997.7720890888841,162.56089263238746,TURN_TO_WAYPOINT,1,3,1,2.0,2.0,1,2,1,10,0,1.7480549576386906,,,,-1.5210486341838028,-0.6445997093820973,-1.5466150634390556,-0.6552242711883627,-1.6227409668095278,-0.6250000000000001,3,7,0.9909638672381109,201,0,0,0,NORMAL
20.128,-1.5210676377910186,-0.6446220375954008,2.4665774659315116,687.9898009403518,1000.0,174.7854963004228,TURN_TO_WAYPOINT,1,3,1,2.0,2.0,1,2,1,10,0,1.7480842822016402,,,,-1.5210676377910186,-0.6446220375954008,-1.511387838174835,-0.6519345059645337,-1.6225740418640515,-0.625,3,7,0.990296167456206,201,0,0,0,NORMAL
20.256,-1.5210852648650839,-0.6446454676658024,2.5267262418896954,678.3969092017138,947.7839643571239,191.88383138276166,TURN_TO_WAYPOINT,1,3,1,2.0,2.0,1,2,1,10,0,1.7481136066680665,,,,-1.5210852648650839,-0.6446454676658024,-1.5138981397944968,-0.7649945714339669,-1.62212866525529,-0.6249999999999999,3,7,0.9885146610211604,201,0,0,0,NORMAL
20.384,-1.5211014540626175,-0.6446699126676599,2.586873077963306,684.9977505159409,898.218343817197,194.71530750868888,TURN_TO_WAYPOINT,1,3,1,2.0,2.0,1,2,1,10,0,1.7481429305514873,,,,-1.5211014540626175,-0.6446699126676599,-1.6062902511996735,-0.6474147900488201,-1.6209512285596643,-0.625,3,7,0.9838049142386576,201,0,0,0,NORMAL
20.512,-1.5211161478224695,-0.6446952837677867,2.6470174147865766,691.8239759797343,856.3817655742109,1000.0,TURN_TO_WAYPOINT,1,3,1,2.0,2.0,1,2,1,10,0,1.7481722535985584,,,,-1.5211161478224695,-0.6446952837677867,-1.5753824693836609,-0.7168577537540248,-1.61965139679816,-0.6250000000000001,3,7,0.9786055871926403,201,0,0,0,NORMAL
20.64,-1.5211292933093155,-0.6447214894223937,2.7071587154838683,673.9147346775517,817.7267803227762,997.0325253188311,TURN_TO_WAYPOINT,1,3,1,2.0,2.0,1,2,1,10,0,1.748201575637903,,,,-1.5211292933093155,-0.6447214894223937,-1.5219741728889933,-0.5774482276612174,-1.6113207389264708,-0.625,3,7,0.9452829557058827,201,0,0,0,NORMAL
20.768,-1.5211408429091016,-0.6447484352743592,2.7672964640861393,705.5686578056503,804.8844371713838,1000.0,TURN_TO_WAYPOINT,1,3,1,2.0,2.0,1,2,1,10,0,1.748230896520406,,,,-1.5211408429091016,-0.6447484352743592,-1.4817125872575634,-0.6763877889304968,-1.6055561143011179,-0.625,3,7,0.9222244572044721,201,0,0,0,NORMAL
20.896,-1.5211507545381096,-0.6447760243100982,2.8274301645001505,702.5232945646878,760.7258601146779,1000.0,TURN_TO_WAYPOINT,1,3,1,2.0,2.0,1,2,1,10,0,1.7482602160942076,,,,-1.5211507545381096,-0.6447760243100982,-1.5273979342711306,-0.6868680870173476,-1.6044232012668496,-0.6250000000000001,3,7,0.917692805067398,201,0,0,0,NORMAL
21.024,-1.521158991872129,-0.6448041571193474,2.8875593401781354,733.7060851924005,751.542032308478,996.9604599513535,TURN_TO_WAYPOINT,1,3,1,2.0,2.0,1,2,1,10,0,1.7482895341935014,,,,-1.521158991872129,-0.6448041571193474,-1.5820239534907286,-0.5666253649789519,-1.6161752129538238,-0.6249999999999999,3,7,0.9647008518152961,201,0,0,0,NORMAL
21.152,-1.521165524536966,-0.6448327322032097,2.94768353436286,745.3244541169903,733.9792227778247,1000.0,TURN_TO_WAYPOINT,1,3,1,2.0,2.0,1,2,1,10,0,1.7483188506334328,,,,-1.521165524536966,-0.6448327322032097,-1.4950863704347084,-0.6143502601436647,-1.6174851105446522,-0.625,3,7,0.9699404421786083,201,0,0,0,NORMAL
21.28,-1.5211703282745197,-0.6448616463117615,3.007802310736351,757.5052745611781,727.408870106077,963.0108517150445,TURN_TO_WAYPOINT,1,3,1,2.0,2.0,1,2,1,10,0,1.748348165208219,,,,-1.5211703282745197,-0.6448616463117615,-1.4506837218790183,-0.6013369254380133,-1.611489373716968,-0.625,3,7,0.9459574948678722,201,0,0,0,NORMAL
21.408,-1.5211733850875595,-0.6448907948047233,3.067915254323056,786.5061435570348,729.6887034817313,898.5932323383668,DRIVE_TO_WAYPOINT,1,3,1,2.0,2.0,1,2,1,10,0,1.7483774776913719,,,,-1.5211733850875595,-0.6448907948047233,-1.5519614227275644,-0.664070654378125,-1.615899452448193,-0.625,3,7,0.9635978097927729,201,0,0,0,NORMAL
21.536,-1.5421932557239586,-0.6433378025704581,3.0679221783655852,775.770943977701,709.2370774379112,875.0400212795206,DRIVE_TO_WAYPOINT,1,3,1,2.0,2.0,1,2,1,10,0,1.769455863899524,,,,-1.5421932557239586,-0.6433378025704581,-1.5501926796436465,-0.7230254651963748,-1.6231040821173988,-0.6252458590861851,3,7,0.9651614147795009,201,0,0,0,NORMAL
21.664,-1.5712281494853055,-0.6411919156133042,3.067914209415297,748.0684252262478,672.7230474197819,837.9613898259474,DRIVE_TO_WAYPOINT,1,3,1,2.0,2.0,1,2,1,10,0,1.7985699478899264,,,,-1.5712281494853055,-0.6411919156133042,-1.5998043121923646,-0.7208667570296652,-1.6332640037070234,-0.6259299225888406,3,7,0.945034039222369,201,0,0,0,NORMAL
21.792,-1.6000767879345605,-0.6390602840822276,3.06791169352831,704.9969581445404,642.0728165900246,812.9555087036074,DRIVE_TO_WAYPOINT,1,3,1,2.0,2.0,1,2,1,10,0,1.8274972324747116,,,,-1.6000767879345605,-0.6390602840822276,-1.6048594716583973,-0.6227327465088063,-1.6315021663964138,-0.6256598180742009,3,7,0.9563184458078792,201,0,0,0,NORMAL
21.92,-1.628845924821661,-0.6369355372588126,3.0679110009723187,674.9462190939423,619.7197837552993,767.9943347908965,DRIVE_TO_WAYPOINT,1,3,1,2.0,2.0,1,2,1,10,0,1.8563447243301772,,,,-1.628845924821661,-0.6369355372588126,-1.6556706025416275,-0.630811497687069,-1.6391611113726738,-0.625460321877605,3,7,0.9327887297072368,201,0,0,0,NORMAL
22.048,-1.6575853794778121,-0.6348136413949614,3.067910835814225,639.512630900106,596.0598420731274,725.1131625166947,DRIVE_TO_WAYPOINT,1,3,1,2.0,2.0,1,2,1,10,0,1.8851624045977937,,,,-1.6575853794778121,-0.6348136413949614,-1.6327255260452047,-0.5794126630614911,-1.6371169431660064,-0.626855041790074,3,7,0.9397860181656778,201,0,0,0,NORMAL
22.176,-1.6863137899589105,-0.6326928770617914,3.06791079419797,595.0989834795711,554.9398991600365,706.2877255370794,DRIVE_TO_WAYPOINT,1,3,1,2.0,2.0,1,2,1,10,0,1.9139689873546963,,,,-1.6863137899589105,-0.6326928770617914,-1.6954637027194543,-0.6214321489313923,-1.6403211006388139,-0.625368988073455,3,7,0.9302084567793232,201,0,0,0,NORMAL
22.304,-1.7150380890779318,-0.6305725390092377,3.0679107726116928,583.8307096305982,541.9787316251661,667.4338711697685,DRIVE_TO_WAYPOINT,1,3,1,2.0,2.0,1,2,1,10,0,1.942771438523589,,,,-1.7150380890779318,-0.6305725390092377,-1.8072382310334343,-0.6440512600023822,-1.670871119520466,-0.6281475405975183,3,7,0.8049655121614372,201,0,0,0,NORMAL
22.432,-1.7437608567405087,-0.6284523514710805,3.0679107536483645,556.6113384923432,505.40105871603447,627.817246397813,DRIVE_TO_WAYPOINT,1,3,1,2.0,2.0,1,2,1,10,0,1.9715723513111265,,,,-1.7437608567405087,-0.6284523514710805,-1.7248126579979075,-0.6320490196097727,-1.7228814375444625,-0.6259416386662645,3,7,0.6098300138212537,201,0,0,0,NORMAL
22.56,-1.7724830536103982,-0.6263322129647996,3.067910738623169,513.1052057653236,469.1960598595977,588.5960827385123,DRIVE_TO_WAYPOINT,1,3,1,2.0,2.0,1,2,1,10,0,2.0003726912452056,,,,-1.7724830536103982,-0.6263322129647996,-1.8099687750260385,-0.6611220042322015,-1.721001243446429,-0.6254102271530221,3,7,0.6153981409846685,201,0,0,0,NORMAL
22.688,-1.801205037634748,-0.6242120888653981,3.067910730194643,479.7740364974327,433.4978604403859,567.7326632307469,DRIVE_TO_WAYPOINT,1,3,1,2.0,2.0,1,2,1,10,0,2.029172817850689,,,,-1.801205037634748,-0.6242120888653981,-1.7525843118461109,-0.6352619038905702,-1.7683186650789355,-0.6251113716856148,2,7,0.5416731740319333,201,0,0,0,NORMAL
22.816,-1.8299269422685656,-0.6220919684733289,3.0679107293869348,440.91660445175347,418.2380745528248,517.5111289437123,DRIVE_TO_WAYPOINT,1,3,1,2.0,2.0,1,2,1,10,0,2.057972865008132,,,,-1.8299269422685656,-0.6220919684733289,-1.788145907416546,-0.6903048975443243,-1.7940320225483233,-0.6250909570545542,2,7,0.6395981515073161,201,0,0,0,NORMAL
22.944,-1.8586488172942874,-0.6199718489355931,3.067910735754891,417.4809840860844,380.33718806657873,511.3078255242326,DRIVE_TO_WAYPOINT,1,3,1,2.0,2.0,1,2,1,10,0,2.0867728825749228,,,,-1.8586488172942874,-0.6199718489355931,-1.9588902014955714,-0.6933282308433666,-1.8439616650782267,-0.6262589419337666,2,7,0.7965852872873259,201,0,0,0,NORMAL
23.072,-1.8873706812885134,-0.6178517296820035,3.067910747848376,381.11985976367066,354.70106597016576,452.1747817206712,DRIVE_TO_WAYPOINT,1,3,1,2.0,2.0,1,2,1,10,0,2.115572889119232,,,,-1.8873706812885134,-0.6178517296820035,-1.9143985045701144,-0.6475861630669708,-1.883545617082901,-0.6259377505375573,2,7,0.8728046548433669,201,0,0,0,NORMAL
23.2,-1.9160925411838232,-0.6157316106830223,3.067910763555057,344.79617450352686,334.0928153877779,428.5949186857296,DRIVE_TO_WAYPOINT,1,3,1,2.0,2.0,1,2,1,10,0,2.1443728915570035,,,,-1.9160925411838232,-0.6157316106830223,-1.942128923495855,-0.5023606499443365,-1.8921082061058059,-0.6257077862009726,2,7,0.896302807176273,201,0,0,0,NORMAL
23.328,-1.944814399566335,-0.6136114919747956,3.067910780391409,311.72141308359966,301.31258192898576,390.51628936037594,DRIVE_TO_WAYPOINT,1,3,1,2.0,2.0,1,2,1,10,0,2.173172892464678,,,,-1.944814399566335,-0.6136114919747956,-1.9527337151733644,-0.7333891813884512,-1.887152659053015,-0.6233157577521489,2,7,0.9273656987985097,201,0,0,0,NORMAL
23.456,-1.9735362573988475,-0.6114913735573316,3.067910795809911,278.9885306504085,269.7469226230716,355.00550387518274,DRIVE_TO_WAYPOINT,1,3,1,2.0,2.0,1,2,1,10,0,2.201972892802441,,,,-1.9735362573988475,-0.6114913735573316,-1.909896395497559,-0.7272803168584248,-1.9039278408916984,-0.6241453963159025,2,7,0.8737310268611514,201,0,0,0,NORMAL
23.584,-2.0022581150370304,-0.6093712553858966,3.0679108075238046,253.68332776148856,243.02834005528777,323.9564191015732,DRIVE_TO_WAYPOINT,1,3,1,2.0,2.0,1,2,1,10,0,2.2307728929282895,,,,-2.0022581150370304,-0.6093712553858966,-2.0039520191933793,-0.5556439849479572,-1.9247970495175746,-0.625471425078214,2,7,0.7936556863586078,201,0,0,0,NORMAL
23.712,-2.0309799726087645,-0.6072511373809335,3.0679108138112774,231.7250448297511,216.38302715684546,281.47286703335044,DRIVE_TO_WAYPOINT,1,3,1,2.0,2.0,1,2,1,10,0,2.259572892975615,,,,-2.0309799726087645,-0.6072511373809335,-2.05662204066332,-0.6133282346066902,-1.9379930466367261,-0.6248016551577955,2,7,0.7418992486975483,201,0,0,0,NORMAL
23.84,-2.059701830156161,-0.6051310194412299,3.0679108137510274,191.69481962834905,194.01263838853325,244.13881622800852,DRIVE_TO_WAYPOINT,1,3,1,2.0,2.0,1,2,1,10,0,2.2883728929938654,,,,-2.059701830156161,-0.6051310194412299,-2.1172630966068433,-0.4846533522116542,-1.959246277247427,-0.6255418266927719,2,7,0.6574982804530791,201,0,0,0,NORMAL
23.968,-2.088423687689323,-0.6030109014583565,3.067910807349409,146.63642940101695,160.13789364451347,212.3812236296818,DRIVE_TO_WAYPOINT,1,3,1,2.0,2.0,1,2,1,10,0,2.3171728930010964,,,,-2.088423687689323,-0.6030109014583565,-2.0064957471980076,-0.5672687831417869,-2.019484662126439,-0.6238456825269733,1,7,0.5736824956751825,201,0,0,0,NORMAL
24.096,-2.1123959480224683,-0.6012413773323645,3.0679107980395193,144.07687542755176,133.6007402176598,181.26614352109436,TURN_TO_WAYPOINT,2,3,1,2.0,2.0,1,2,1,10,0,2.3412103737574608,,,,-2.1123959480224683,-0.6012413773323645,-2.150826062213301,-0.6208110316719739,-2.0680831842459324,-0.6239698009699022,1,7,0.7662761728247566,201,0,0,0,NORMAL
24.224,-2.121334214695589,-0.600244000386788,3.007757213844521,125.15879336166387,121.22959708300586,191.8447397078832,TURN_TO_WAYPOINT,2,3,1,2.0,2.0,1,2,1,10,0,2.35020645094043,,,,-2.121334214695589,-0.600244000386788,-2.1151650203767076,-0.6643284598997264,-2.0855220878422682,-0.623753972298408,1,7,0.8374880408951828,201,0,0,0,NORMAL
24.352,-2.1211289419695483,-0.6000884729799137,2.9477166442467517,102.91399550345294,126.33748577019564,233.56115747614277,TURN_TO_WAYPOINT,2,3,1,2.0,2.0,1,2,1,10,0,2.3546838170848368,,,,-2.1211289419695483,-0.6000884729799137,-2.116821312346011,-0.5958753325441863,-2.1163967361231637,-0.6247851870574744,1,7,0.9643220341855702,201,0,0,0,NORMAL
24.48,-2.1176731592030102,-0.6006619507928752,2.887597201693905,105.53958320498637,132.05686568886256,258.8827306129308,TURN_TO_WAYPOINT,2,3,1,2.0,2.0,1,2,1,10,0,2.35818804403524,,,,-2.1176731592030102,-0.6006619507928752,-1.9419034611025223,-0.6801980962084437,-2.122284819209788,-0.6248361331037396,1,7,0.9883915589288201,201,0,0,0,NORMAL
24.608,-2.1135029704526107,-0.6017464220928035,2.8273833974550833,108.01365578144427,148.5558484042863,305.74384268833757,TURN_TO_WAYPOINT,2,3,1,2.0,2.0,1,2,1,10,0,2.3624981760289927,,,,-2.1135029704526107,-0.6017464220928035,-2.1658565636744282,-0.6246177548424968,-2.1241096803725457,-0.6249636498358524,1,7,0.996234390794143,201,0,0,0,NORMAL
24.736,-2.109538038380131,-0.6030853700564174,2.765831766264297,97.82197697430554,158.72507479209577,352.2866023450564,TURN_TO_WAYPOINT,2,3,1,2.0,2.0,1,2,1,10,0,2.3666836119471713,,,,-2.109538038380131,-0.6030853700564174,-2.088738536618158,-0.6286454855335332,-2.1244801934659074,-0.6249880990347974,1,7,0.9978480708479767,201,0,0,0,NORMAL
24.864,-2.109781242387553,-0.6029783121409933,2.705627122956633,89.54634004898645,174.85429492241607,394.17990926190623,TURN_TO_WAYPOINT,2,3,1,2.0,2.0,1,2,1,10,0,2.3669494191803104,,,,-2.109781242387553,-0.6029783121409933,-2.092554548486248,-0.50123173500887,-2.124814434748363,-0.6249891247418378,1,7,0.9992094638214126,201,0,0,0,NORMAL
24.992,-2.1098851008096644,-0.6029102292035312,2.6454458168560278,103.61864494835626,190.4825339615515,477.24517267283716,TURN_TO_WAYPOINT,2,3,1,2.0,2.0,1,2,1,10,0,2.367073905500801,,,,-2.1098851008096644,-0.6029102292035312,-2.166147665298015,-0.5970575782924782,-2.124912426036501,-0.6249902201825646,1,7,0.9996097891269375,201,0,0,0,NORMAL
25.12,-2.1099176216180737,-0.6028666003212657,2.5852690336628066,88.1558893741429,200.09657642440885,545.7480055822499,TURN_TO_WAYPOINT,2,3,1,2.0,2.0,1,2,1,10,0,2.3671287705871165,,,,-2.1099176216180737,-0.6028666003212657,-2.145568819034639,-0.6130665402743356,-2.124928494542359,-0.6249981928732425,1,7,0.9997061330311107,201,0,0,0,NORMAL
25.248,-2.1099209834453108,-0.6028344401789777,2.525100938952937,105.44391961284713,214.9376759905728,667.795488829912,TURN_TO_WAYPOINT,2,3,1,2.0,2.0,1,2,1,10,0,2.3671614762555486,,,,-2.1099209834453108,-0.6028344401789777,-2.1006790559112845,-0.5653601089581747,-2.124978045445375,-0.6249990015343166,1,7,0.9999080219902908,201,0,0,0,NORMAL
25.376,-2.1099092145053615,-0.6028077986951368,2.464941816754667,116.7932566236664,254.0002585973467,801.1372970644773,TURN_TO_WAYPOINT,2,3,1,2.0,2.0,1,2,1,10,0,2.367190847389914,,,,-2.1099092145053615,-0.6028077986951368,-2.06636252478908,-0.586847560923957,-2.124988946366115,-0.6249993532887941,1,7,0.9999531609408232,201,0,0,0,NORMAL
25.504,-2.109891560121841,-0.6027842431858851,2.404789880371756,95.60626308720452,270.6483968192414,989.7620501216795,TURN_TO_WAYPOINT,2,3,1,2.0,2.0,1,2,1,10,0,2.367220294811465,,,,-2.109891560121841,-0.6027842431858851,-2.135180531281538,-0.642439566716639,-2.1249898193612333,-0.6249998512037085,1,7,0.9999586586998597,201,0,0,0,NORMAL
25.632,-2.1098718267576557,-0.6027626166239669,2.3446387875366987,116.65710505636774,310.75058639863124,1000.0,TURN_TO_WAYPOINT,2,3,1,2.0,2.0,1,2,1,10,0,2.367249579949952,,,,-2.1098718267576557,-0.6027626166239669,-2.058958140528591,-0.5564251317647054,-2.124994117275604,-0.624999938798166,1,7,0.9999762159466824,201,0,0,0,NORMAL
25.76,-2.1098504573424797,-0.6027425618651,2.2844880566402086,117.11067330089278,335.3388538555481,1000.0,TURN_TO_WAYPOINT,2,3,1,2.0,2.0,1,2,1,10,0,2.367278891651818,,,,-2.1098504573424797,-0.6027425618651,-2.083555994056953,-0.5842089150831306,-2.1249983763171314,-0.6249999858636854,1,7,0.999993443609401,201,0,0,0,NORMAL
25.888,-2.109827790301307,-0.6027239669514785,2.224338302257515,129.22403468244104,380.0809046577587,998.0671783748826,TURN_TO_WAYPOINT,2,3,1,2.0,2.0,1,2,1,10,0,2.3673082146794346,,,,-2.109827790301307,-0.6027239669514785,-2.1125188091566636,-0.48484704876233925,-2.1249996116616043,-0.6249999946399689,1,7,0.9999984232474506,201,0,0,0,NORMAL
26.016,-2.109804001181666,-0.6027068240388621,2.1641901256898755,141.89831028403663,445.86090299207996,994.1017235101759,TURN_TO_WAYPOINT,2,3,1,2.0,2.0,1,2,1,10,0,2.367337541397685,,,,-2.109804001181666,-0.6027068240388621,-2.1976329232929253,-0.5720771295822944,-2.1249996966335156,-0.6249999977457027,1,7,0.9999987768350402,201,0,0,0,NORMAL
26.144,-2.109779209481921,-0.602691164955361,2.104044104283175,144.59022638065986,505.4715095060611,997.4216114224977,TURN_TO_WAYPOINT,2,3,1,2.0,2.0,1,2,1,10,0,2.367366868565906,,,,-2.109779209481921,-0.602691164955361,-2.239167960492348,-0.4876421618055464,-2.1249998958848426,-0.6249999985880779,1,7,0.9999995777298523,201,0,0,0,NORMAL
26.272,-2.1097535170341706,-0.6026770341380726,2.0439007907985816,190.0729505568902,616.522641849588,1000.0,TURN_TO_WAYPOINT,2,3,1,2.0,2.0,1,2,1,10,0,2.3673961947765236,,,,-2.1097535170341706,-0.6026770341380726,-2.1096565029685777,-0.6012420279458555,-2.124999949099954,-0.6249999995449258,1,7,0.9999997945069689,201,0,0,0,NORMAL
26.4,-2.109727021396894,-0.6026644775686887,1.9837607151317036,195.08926969513118,717.0724569043844,1000.0,TURN_TO_WAYPOINT,2,3,1,2.0,2.0,1,2,1,10,0,2.367425519337084,,,,-2.109727021396894,-0.6026644775686887,-2.0387757814427334,-0.6362075464713224,-2.1249999824479557,-0.6249999996999647,1,7,0.9999999285754856,201,0,0,0,NORMAL
26.528,-2.109699820342113,-0.6026535382558869,1.9236243859109714,210.78007438601568,878.6279330473978,1000.0,TURN_TO_WAYPOINT,2,3,1,2.0,2.0,1,2,1,10,0,2.3674548418374375,,,,-2.109699820342113,-0.6026535382558869,-2.1870571968048167,-0.5831643647784117,-2.1249999933637405,-0.624999999849777,1,7,0.9999999728493559,201,0,0,0,NORMAL
26.656,-2.1096720131868274,-0.602644254369854,1.8634922913854788,233.74827604604673,1000.0,1000.0,TURN_TO_WAYPOINT,2,3,1,2.0,2.0,1,2,1,10,0,2.367484161987235,,,,-2.1096720131868274,-0.602644254369854,-2.165109087743178,-0.5944184329091934,-2.1249999965068094,-0.6249999999543175,1,7,0.9999999858422594,201,0,0,0,NORMAL
26.784,-2.1096437010120517,-0.6026366584488121,1.8033648996220952,269.9578175630832,997.728348450954,988.9299436535675,TURN_TO_WAYPOINT,2,3,1,2.0,2.0,1,2,1,10,0,2.3675134795549457,,,,-2.1096437010120517,-0.6026366584488121,-2.1866490068887905,-0.6695237744867687,-2.1249999987515427,-0.6249999999529702,1,7,0.999999994817732,201,0,0,0,NORMAL
26.912,-2.109614986492302,-0.6026307770433902,1.7432426581845946,305.5917507188051,998.0688550071222,1000.0,TURN_TO_WAYPOINT,2,3,1,2.0,2.0,1,2,1,10,0,2.3675427943445215,,,,-2.109614986492302,-0.6026307770433902,-2.1696322192134483,-0.6035642532981297,-2.1249999990258828,-0.6249999999533952,1,7,0.9999999959170641,201,0,0,0,NORMAL
27.04,-2.1095859735903506,-0.6026266305462409,1.6831259934707077,369.56265634535487,989.0857321621471,999.0674399641204,TURN_TO_WAYPOINT,2,3,1,2.0,2.0,1,2,1,10,0,2.367572106185891,,,,-2.1095859735903506,-0.6026266305462409,-2.0867109014196488,-0.512280304369531,-2.1249999996224997,-0.6249999999887322,1,7,0.9999999984448992,201,0,0,0,NORMAL
27.168,-2.11011136711758,-0.5960885616063274,1.6530543153473645,383.99381613016703,987.2980465520984,1000.0,DRIVE_TO_WAYPOINT,2,3,1,2.0,2.0,1,2,1,10,0,2.3741469019009225,,,,-2.11011136711758,-0.5960885616063274,-1.9934089991542017,-0.5993437933168254,-2.124999999589647,-0.6249999999916287,1,7,0.9999999983250977,201,0,0,0,NORMAL
27.296,-2.112505107680329,-0.5670819469306982,1.6530677915694691,365.9308312897894,1000.0,1000.0,DRIVE_TO_WAYPOINT,2,3,1,2.0,2.0,1,2,1,10,0,2.403252119468872,,,,-2.112505107680329,-0.5670819469306982,-2.082237078619682,-0.5632900174580348,-2.124264923211413,-0.6155686322158637,1,7,0.9593342217392703,201,0,0,0,NORMAL
27.424,-2.114891560244982,-0.5381742092601584,1.653072304260168,370.1847172730934,985.9960771850261,1000.0,DRIVE_TO_WAYPOINT,2,3,1,2.0,2.0,1,2,1,10,0,2.432258195610104,,,,-2.114891560244982,-0.5381742092601584,-2.15912529054195,-0.46587748699997644,-2.123797981528272,-0.6056613266699057,1,7,0.9181895992670978,201,0,0,0,NORMAL
27.552,-2.1172664922886026,-0.5093942150248747,1.6530736332757,368.23825254774084,1000.0,1000.0,DRIVE_TO_WAYPOINT,2,3,1,2.0,2.0,1,2,1,10,0,2.461136013576156,,,,-2.1172664922886026,-0.5093942150248747,-2.1295690578741335,-0.5969101265243177,-2.1233230957124416,-0.5725059114178359,1,7,0.7861812857226146,201,0,0,0,NORMAL
27.68,-2.11963655234168,-0.48066282549269795,1.6530739646321653,379.83917876635473,1000.0,1000.0,DRIVE_TO_WAYPOINT,2,3,1,2.0,2.0,1,2,1,10,0,2.4899649908236805,,,,-2.11963655234168,-0.48066282549269795,-2.137579195643761,-0.39839182457406874,-2.123311078637549,-0.5773965609993191,1,7,0.8052070930896811,201,0,0,0,NORMAL
27.808,-2.122004650063633,-0.45194952501150937,1.6530740298934183,371.3358123827486,997.2948881031956,985.9879770577176,DRIVE_TO_WAYPOINT,2,3,1,2.0,2.0,1,2,1,10,0,2.518775778930762,,,,-2.122004650063633,-0.45194952501150937,-2.2067866828225426,-0.4645378948123524,-2.1240441240609838,-0.5713313693157959,1,7,0.7840367586442598,201,0,0,0,NORMAL
27.936,-2.124371990014508,-0.4232429562516318,1.6530740388981144,361.25997669480597,1000.0,994.2225942167082,DRIVE_TO_WAYPOINT,2,3,1,2.0,2.0,1,2,1,10,0,2.547579795810525,,,,-2.124371990014508,-0.4232429562516318,-2.169631785294111,-0.4020963232089459,-2.124152091568276,-0.4562406692526938,1,8,0.6075989168381393,202,0,0,0,NORMAL
28.064,-2.1267390525008456,-0.3945388942687475,1.6530740391047478,364.30557041503965,986.6105272509955,1000.0,DRIVE_TO_WAYPOINT,2,3,1,2.0,2.0,1,2,1,10,0,2.5763812915899384,,,,-2.1267390525008456,-0.3945388942687475,-2.1315879639974047,-0.5035744286929997,-2.123162855450213,-0.3821055233445874,1,8,0.813130934294871,203,0,0,0,NORMAL
28.192,-2.129106019738279,-0.365835766372775,1.6530740368770405,357.78259170748646,996.2259702561623,1000.0,DRIVE_TO_WAYPOINT,2,3,1,2.0,2.0,1,2,1,10,0,2.605181848614337,,,,-2.129106019738279,-0.365835766372775,-2.0882097401478736,-0.3090353425418637,-2.1234184437443036,-0.37125474906709205,1,8,0.8870159704496954,203,0,0,0,NORMAL
28.32,-2.131472956698852,-0.3371329867418484,1.6530740320084734,339.2569892074132,1000.0,999.8376765359717,DRIVE_TO_WAYPOINT,2,3,1,2.0,2.0,1,2,1,10,0,2.633982056063535,,,,-2.131472956698852,-0.3371329867418484,-2.1263077447237935,-0.38224038139370564,-2.123831044245164,-0.3483431366730375,1,8,0.8722612252536096,203,0,0,0,NORMAL
28.448,-2.1338398848530975,-0.30843033701012834,1.653074024951924,339.44084990357396,1000.0,1000.0,DRIVE_TO_WAYPOINT,2,3,1,2.0,2.0,1,2,1,10,0,2.6627821333292157,,,,-2.1338398848530975,-0.30843033701012834,-2.0941255486134347,-0.18945723380743482,-2.124204379395887,-0.3269158067133561,1,8,0.8039134878783036,203,0,0,0,NORMAL
28.576,-2.136206810655448,-0.27972773573381055,1.6530740171404703,339.30851190933686,1000.0,1000.0,DRIVE_TO_WAYPOINT,2,3,1,2.0,2.0,1,2,1,10,0,2.6915821621101235,,,,-2.136206810655448,-0.27972773573381055,-2.238111093044508,-0.37380231606475545,-2.1241563923977895,-0.3290821503976301,1,8,0.8137830229578289,203,0,0,0,NORMAL
28.704,-2.1385737358321184,-0.25102515252640406,1.653074010268098,347.2438298861227,996.572048836721,1000.0,DRIVE_TO_WAYPOINT,2,3,1,2.0,2.0,1,2,1,10,0,2.7203821728318234,,,,-2.1385737358321184,-0.25102515252640406,-2.2026626757342713,-0.24508969308027528,-2.1241665852879055,-0.32273907199555746,1,8,0.7893164894386281,203,0,0,0,NORMAL
28.832,-2.140940660797629,-0.22232257605182512,1.6530740057699416,320.37235778607413,1000.0,1000.0,DRIVE_TO_WAYPOINT,2,3,1,2.0,2.0,1,2,1,10,0,2.7491821768261184,,,,-2.140940660797629,-0.22232257605182512,-2.136344094019901,-0.21160193853600037,-2.124078933564889,-0.29945916337584266,1,8,0.6980692116874706,203,0,0,0,NORMAL
28.96,-2.1433075856688366,-0.19362000208439686,1.6530740045677934,327.38742797819447,996.3672513371383,986.2701611869667,DRIVE_TO_WAYPOINT,2,3,1,2.0,2.0,1,2,1,10,0,2.777982178313994,,,,-2.1433075856688366,-0.19362000208439686,-2.115071208258157,-0.22239631480623878,-2.1244887179687866,-0.2741945993251985,1,8,0.6012083310811587,203,0,0,0,NORMAL
29.088,-2.145674510516976,-0.16491742905205287,1.6530740069779506,326.76495425747316,993.3679463198563,996.151802915361,DRIVE_TO_WAYPOINT,2,3,1,2.0,2.0,1,2,1,10,0,2.8067821788680525,,,,-2.145674510516976,-0.16491742905205287,-2.277963523616683,-0.2153997254193266,-2.124475680350592,-0.21517439588729437,1,9,0.6015995302702304,204,0,0,0,NORMAL
29.216,-2.148041435408831,-0.13621485637223565,1.6530740127166403,325.76474770901405,1000.0,994.4377880946049,DRIVE_TO_WAYPOINT,2,3,1,2.0,2.0,1,2,1,10,0,2.8355821790743696,,,,-2.148041435408831,-0.13621485637223565,-2.1483560324661677,-0.19836311538980406,-2.1247542535965844,-0.18520779564757409,1,9,0.7171815528441333,204,0,0,0,NORMAL
29.344,-2.150408360401998,-0.1075122838305151,1.6530740209777872,303.7544088560016,998.3453150490242,994.8804490711279,DRIVE_TO_WAYPOINT,2,3,1,2.0,2.0,1,2,1,10,0,2.8643821791513835,,,,-2.150408360401998,-0.1075122838305151,-2.144740834484528,-0.1709359977109004,-2.124832739491029,-0.1626924796869945,1,9,0.8019124538689625,204,0,0,0,NORMAL
29.472,-2.1527752855359497,-0.07880971134856492,1.653074030570978,299.41715489843324,1000.0,998.350069688388,DRIVE_TO_WAYPOINT,2,3,1,2.0,2.0,1,2,1,10,0,2.8931821791803998,,,,-2.1527752855359497,-0.07880971134856492,-2.145027014239998,-0.08870589847243349,-2.1249789354298594,-0.11227037277290892,1,9,0.8785757384635561,205,0,0,0,NORMAL
29.6,-2.155142210826677,-0.05010713889750307,1.6530740401048618,319.50404305122936,1000.0,996.1161009168753,DRIVE_TO_WAYPOINT,2,3,1,2.0,2.0,1,2,1,10,0,2.921982179191517,,,,-2.155142210826677,-0.05010713889750307,-2.172735838978365,-0.1551185446821395,-2.1249919366922017,-0.0862760412663873,1,9,0.8360039458489615,205,0,0,0,NORMAL
29.728,-2.1575091362653547,-0.02140456646554452,1.6530740481940733,303.10980460756866,1000.0,994.9550253963928,DRIVE_TO_WAYPOINT,2,3,1,2.0,2.0,1,2,1,10,0,2.9507821791957545,,,,-2.1575091362653547,-0.02140456646554452,-2.204243033798283,-0.08814874345502786,-2.124995575052134,-0.10191537131206901,1,9,0.9035525436069604,205,0,0,0,NORMAL
29.856,-2.1598760618205097,0.007298005953943738,1.6530740536625472,296.85392871977007,997.707873573758,997.2807791916717,DRIVE_TO_WAYPOINT,2,3,1,2.0,2.0,1,2,1,10,0,2.9795821791971364,,,,-2.1598760618205097,0.007298005953943738,-2.1430782612004675,0.02568624550137763,-2.124999404866711,-0.09253993053902584,1,9,0.8700214811658579,205,0,0,0,NORMAL
29.984,-2.1622429874431766,0.03600057836658341,1.653074055715191,286.3993254098442,996.0357741797478,995.9251549251065,DRIVE_TO_WAYPOINT,2,3,1,2.0,2.0,1,2,1,10,0,3.0083821791972416,,,,-2.1622429874431766,0.03600057836658341,-2.13914397930969,0.024073036713792594,-2.124999937053298,-0.0641949710307172,1,9,0.7594471038229653,205,0,0,0,NORMAL
30.112,-2.164609913074324,0.06470315077803035,1.653074054053657,283.8775524502825,1000.0,1000.0,DRIVE_TO_WAYPOINT,2,3,1,2.0,2.0,1,2,1,10,0,3.037182179196855,,,,-2.164609913074324,0.06470315077803035,-2.1493194506246813,0.07774114336549179,-2.1249994477745293,-0.014754911644803796,1,9,0.5684039572376302,206,0,0,0,NORMAL
30.24,-2.1669768386535817,0.09340572319376239,1.6530740489196978,283.44695091776185,998.7667783313796,1000.0,DRIVE_TO_WAYPOINT,2,3,1,2.0,2.0,1,2,1,10,0,3.065982179196475,,,,-2.1669768386535817,0.09340572319376239,-2.0881478646916607,0.10255424377007785,-2.1249995061781672,-0.012983188559738085,1,9,0.5582905321039792,206,0,0,0,NORMAL
30.368,-2.1693437641280853,0.12210829561842415,1.6530740410599594,285.4124532258108,1000.0,1000.0,DRIVE_TO_WAYPOINT,2,3,1,2.0,2.0,1,2,1,10,0,3.0947821791963848,,,,-2.1693437641280853,0.12210829561842415,-2.2897085878082217,0.23414455143755158,-2.1249981393438584,0.10659096850490932,1,10,0.7831400525220141,208,0,0,0,NORMAL
30.496,-2.171710689460195,0.15081086805516264,1.653074031617394,266.7968880398461,1000.0,1000.0,DRIVE_TO_WAYPOINT,2,3,1,2.0,2.0,1,2,1,10,0,3.123582179196628,,,,-2.171710689460195,0.15081086805516264,-2.1015986779298927,0.14116674183797914,-2.1249862668568293,0.12244889585769714,1,10,0.8756462363948646,208,0,0,0,NORMAL
30.624,-2.1740776146329863,0.17951344050519974,1.6530740219651021,269.1785456066226,1000.0,994.7455792707236,DRIVE_TO_WAYPOINT,2,3,1,2.0,2.0,1,2,1,10,0,3.1523821791970312,,,,-2.1740776146329863,0.17951344050519974,-2.0826819508688192,0.3099900255089868,-2.124978991176489,0.13015795723457266,1,10,0.9187022146903716,208,0,0,0,NORMAL
30.752,-2.1764445396527177,0.20821601296774472,1.6530740135067232,273.59914662605064,1000.0,1000.0,DRIVE_TO_WAYPOINT,2,3,1,2.0,2.0,1,2,1,10,0,3.1811821791973207,,,,-2.1764445396527177,0.20821601296774472,-2.3132461529403896,0.15667980359057962,-2.1249700056282403,0.16748470575147031,1,10,0.8252933663751365,208,0,0,0,NORMAL
30.88,-2.178811464547918,0.23691858544022995,1.653074007472368,270.4806510287735,1000.0,997.1060339570657,DRIVE_TO_WAYPOINT,2,3,1,2.0,2.0,1,2,1,10,0,3.2099821791972825,,,,-2.178811464547918,0.23691858544022995,-2.1870216175484956,0.31411856178331166,-2.1248353475466915,0.1883666680204696,1,10,0.7486398014715309,208,0,0,0,NORMAL
31.008,-2.1811783893652295,0.26562115791877716,1.6530740047397268,259.5564972736413,1000.0,1000.0,DRIVE_TO_WAYPOINT,2,3,1,2.0,2.0,1,2,1,10,0,3.2387821791968845,,,,-2.1811783893652295,0.26562115791877716,-2.265609594000886,0.3169645155943576,-2.1247322925539196,0.25502704469612414,1,10,0.4941646788596217,210,0,0,0,NORMAL
31.136,-2.183545314162616,0.2943237303987764,1.6530740057063693,246.95262982088462,1000.0,985.7014060438233,DRIVE_TO_WAYPOINT,2,3,1,2.0,2.0,1,2,1,10,0,3.2675821791962956,,,,-2.183545314162616,0.2943237303987764,-2.304553458005515,0.27497820789163896,-2.124840955119407,0.26140179769892763,1,11,0.5259913239226411,210,0,0,0,NORMAL
31.264,-2.185912239000925,0.3230263028754867,1.653074010231838,255.48130533881746,1000.0,1000.0,DRIVE_TO_WAYPOINT,2,3,1,2.0,2.0,1,2,1,10,0,3.2963821791957924,,,,-2.185912239000925,0.3230263028754867,-2.258981851369728,0.3617369037379192,-2.1247222886810864,0.2786434611717765,1,11,0.5905247734764287,210,0,0,0,NORMAL
31.392,-2.188279163935042,0.3517288753446107,1.653074017658006,240.2189951729006,1000.0,999.1889850426785,DRIVE_TO_WAYPOINT,2,3,1,2.0,2.0,1,2,1,10,0,3.3251821791956027,,,,-2.188279163935042,0.3517288753446107,-2.188326758203293,0.4437751395969919,-2.12468581764877,0.28880451225182574,1,11,0.6306001526413682,210,0,0,0,NORMAL
31.52,-2.1906460890059156,0.3804314478028243,1.6530740269047763,255.30887128453088,1000.0,992.9713180736516,DRIVE_TO_WAYPOINT,2,3,1,2.0,2.0,1,2,1,10,0,3.353982179195779,,,,-2.1906460890059156,0.3804314478028243,-2.119619453813391,0.4783072250080934,-2.1244873522586585,0.34738414007049245,1,11,0.8092849995504111,210,0,0,0,NORMAL
31.648,-2.193013014234611,0.4091340202482368,1.6530740366272152,241.509996290045,997.2506970834652,962.3996403543993,DRIVE_TO_WAYPOINT,2,3,1,2.0,2.0,1,2,1,10,0,3.382782179196168,,,,-2.193013014234611,0.4091340202482368,-2.2508428756619483,0.37301133064731107,-2.124431320983853,0.376572109932075,1,11,0.8864963838847376,210,0,0,0,NORMAL
31.776,-2.195379939619254,0.4378365926807299,1.653074045411236,225.9090372200014,994.8302545650121,931.6323990129378,DRIVE_TO_WAYPOINT,2,3,1,2.0,2.0,1,2,1,10,0,3.4115821791964978,,,,-2.195379939619254,0.4378365926807299,-2.227973535572518,0.45657534104126585,-2.1247344115838125,0.39909062698179626,1,11,0.8819391523159124,210,0,0,0,NORMAL
31.904,-2.197746865135302,0.46653916510208776,1.653074051979323,229.80571963217656,990.3839135524915,900.0715604210199,DRIVE_TO_WAYPOINT,2,3,1,2.0,2.0,1,2,1,10,0,3.440382179196529,,,,-2.197746865135302,0.46653916510208776,-2.214134213001939,0.4213607989741768,-2.124558085524078,0.3960234460434901,1,11,0.9071925525927099,210,0,0,0,NORMAL
32.032,-2.200113790739107,0.49524173751583767,1.6530740553763448,225.90306229093417,988.7769132032602,866.9639489837269,DRIVE_TO_WAYPOINT,2,3,1,2.0,2.0,1,2,1,10,0,3.4691821791961908,,,,-2.200113790739107,0.49524173751583767,-2.1471900357630687,0.5513966397045864,-2.12423228655635,0.40646886578803665,1,11,0.8705335914611261,210,0,0,0,NORMAL
32.16,-2.202480716374252,0.523944309926768,1.6530740551084155,237.00317539643237,997.2090069640047,836.8702284517883,DRIVE_TO_WAYPOINT,2,3,1,2.0,2.0,1,2,1,10,0,3.497982179195618,,,,-2.202480716374252,0.523944309926768,-2.1623660004175793,0.526796557935911,-2.124907281206417,0.4163942154527254,1,11,0.8350296239791862,210,0,0,0,NORMAL
32.288,-2.2048476419797507,0.5526468823401758,1.653074051214637,212.75851702857454,1000.0,801.3597071110443,DRIVE_TO_WAYPOINT,2,3,1,2.0,2.0,1,2,1,10,0,3.5267821791950773,,,,-2.2048476419797507,0.5526468823401758,-2.288565857821147,0.5624246514116851,-2.1245308390779587,0.42755443611905963,1,11,0.7900316998201355,210,0,0,0,NORMAL
32.416,-2.207214567498916,0.5813494547609852,1.6530740442613345,203.85346911260723,989.2292156466226,769.5765002760753,DRIVE_TO_WAYPOINT,2,3,1,2.0,2.0,1,2,1,10,0,3.5555821791948183,,,,-2.207214567498916,0.5813494547609852,-2.038447278469935,0.6148346643316429,-2.124828572490036,0.49816640320904176,1,11,0.5202750636514023,210,0,0,0,NORMAL
32.544,-2.2095814928876103,0.6100520271929271,1.6530740352596707,206.1866031989092,1000.0,758.7414083195566,DRIVE_TO_WAYPOINT,2,3,1,2.0,2.0,1,2,1,10,0,3.584382179194932,,,,-2.2095814928876103,0.6100520271929271,-2.1869159099242537,0.5084841321637925,-2.1244745435530223,0.5740911321024659,1,12,0.7206717537575666,212,0,0,0,NORMAL
32.672,-2.211948418120677,0.6387545996379581,1.6530740255186305,206.99740178642014,1000.0,751.0702236143958,DRIVE_TO_WAYPOINT,2,3,1,2.0,2.0,1,2,1,10,0,3.6131821791953,,,,-2.211948418120677,0.6387545996379581,-2.2284501479799683,0.5677086267449853,-2.124851308332922,0.6087771267734358,1,12,0.8442669924923785,212,0,0,0,NORMAL
32.8,-2.2143153431956026,0.6674571720960242,1.6530740164547357,203.74902219607284,999.7924249858711,753.8682483132039,DRIVE_TO_WAYPOINT,2,3,1,2.0,2.0,1,2,1,10,0,3.641982179195662,,,,-2.2143153431956026,0.6674571720960242,-2.1890986274319597,0.6904463425660269,-2.1247554381618214,0.6373433615103449,1,12,0.8915130916687329,212,0,0,0,NORMAL
32.928,-2.216682268132886,0.696159744565177,1.6530740093861125,200.44492125679872,995.5025459259114,757.4664331602286,DRIVE_TO_WAYPOINT,2,3,1,2.0,2.0,1,2,1,10,0,3.670782179195761,,,,-2.216682268132886,0.696159744565177,-2.2009868828813666,0.7084814088107924,-2.12474689054311,0.6442470369398339,1,12,0.9050533198928042,212,0,0,0,NORMAL
33.056,-2.219049192973051,0.7248623170419648,1.6530740053408313,182.50957690727742,994.9614778483793,766.1623584354923,DRIVE_TO_WAYPOINT,2,3,1,2.0,2.0,1,2,1,10,0,3.6995821791954877,,,,-2.219049192973051,0.7248623170419648,-2.283904813439159,0.7379638591338864,-2.124713062385616,0.6514484842626158,1,12,0.8895812744102777,212,0,0,0,NORMAL
33.184,-2.221416117770739,0.7535648895219811,1.6530740049073487,187.34441089531137,996.6909771302155,789.1519063711677,DRIVE_TO_WAYPOINT,2,3,1,2.0,2.0,1,2,1,10,0,3.7283821791949405,,,,-2.221416117770739,0.7535648895219811,-2.1724631331146953,0.8436821431178325,-2.12478364854702,0.6929531676845945,1,12,0.7307880526736726,212,0,0,0,NORMAL
33.312,-2.22378304258676,0.7822674620004645,1.6530740081488526,175.9778423775757,1000.0,783.941015703035,DRIVE_TO_WAYPOINT,2,3,1,2.0,2.0,1,2,1,10,0,3.7571821791943725,,,,-2.22378304258676,0.7822674620004645,-2.210059171295602,0.7196028233087765,-2.124789428407372,0.6992670155504134,1,12,0.7056196301704478,212,0,0,0,NORMAL
33.44,-2.2261499674792438,0.8109700344728863,1.6530740145939895,178.6352291077629,998.1355728226251,1000.0,DRIVE_TO_WAYPOINT,2,3,1,2.0,2.0,1,2,1,10,0,3.785982179194048,,,,-2.2261499674792438,0.8109700344728863,-2.2768951170621925,0.8592805378310894,-2.124197555588624,0.751259669960629,1,12,0.5049338148532211,213,0,0,0,NORMAL
33.568,-2.2285168924951932,0.839672606935499,1.6530740233053747,176.6206499192868,1000.0,1000.0,DRIVE_TO_WAYPOINT,2,3,1,2.0,2.0,1,2,1,10,0,3.814782179194094,,,,-2.2285168924951932,0.839672606935499,-2.16844878379968,0.8173334621613507,-2.124242810943413,0.7823854219300093,1,13,0.5983070378427134,213,0,0,0,NORMAL
33.696,-2.230883817663659,0.8683751793858268,1.653074033015954,178.53493958809108,994.1895038068637,988.6796399550005,DRIVE_TO_WAYPOINT,2,3,1,2.0,2.0,1,2,1,10,0,3.8435821791944313,,,,-2.230883817663659,0.8683751793858268,-2.2722239773396877,0.9007473870149867,-2.1247527544088753,0.8613525651265098,1,13,0.822398947719727,214,0,0,0,NORMAL
33.824,-2.2332507429915207,0.8970777518230579,1.6530740423133425,162.64512496334405,994.802910177132,986.4244376704114,DRIVE_TO_WAYPOINT,2,3,1,2.0,2.0,1,2,1,10,0,3.8723821791948163,,,,-2.2332507429915207,0.8970777518230579,-2.208060790964868,0.8955275146523378,-2.1246779140543124,0.9034797513078913,1,13,0.8473901013293891,214,0,0,0,NORMAL
33.952,-2.2356176684624898,0.9257803242482648,1.6530740498453236,163.5409180032969,1000.0,998.903368724372,DRIVE_TO_WAYPOINT,2,3,1,2.0,2.0,1,2,1,10,0,3.9011821791949792,,,,-2.2356176684624898,0.9257803242482648,-2.290597575186276,0.9093693556921006,-2.1247942152233517,0.9098302465061295,1,13,0.8522040778065513,214,0,0,0,NORMAL
34.08,-2.237984594039473,0.9544828966643605,1.6530740545165459,154.18646892294075,1000.0,1000.0,DRIVE_TO_WAYPOINT,2,3,1,2.0,2.0,1,2,1,10,0,3.929982179194774,,,,-2.237984594039473,0.9544828966643605,-2.162980686024873,0.9945472211744687,-2.1245785846569025,0.9303010989273895,1,13,0.7784663071318777,214,0,0,0,NORMAL
34.208,-2.2403515196699573,0.9831854690757362,1.653074055647793,158.91675923846984,1000.0,1000.0,DRIVE_TO_WAYPOINT,2,3,1,2.0,2.0,1,2,1,10,0,3.958782179194262,,,,-2.2403515196699573,0.9831854690757362,-2.177419094664301,1.0087529777954125,-2.1246757037947557,0.974232586407311,1,13,0.6095982408002728,214,0,0,0,NORMAL
34.336,-2.242718445293639,1.0118880414875986,1.6530740530746975,164.88158188598544,999.1220906499127,985.7253351144847,DRIVE_TO_WAYPOINT,2,3,1,2.0,2.0,1,2,1,10,0,3.987582179193676,,,,-2.242718445293639,1.0118880414875986,-2.3456303328128363,1.0477355398523953,-2.1247392434178334,0.9997017433202019,1,13,0.510034269699812,214,0,0,0,NORMAL
34.464,-2.24508537085119,1.0405906139051153,1.6530740471715573,144.35868098244217,1000.0,1000.0,DRIVE_TO_WAYPOINT,2,3,1,2.0,2.0,1,2,1,10,0,4.0163821791932905,,,,-2.24508537085119,1.0405906139051153,-2.2934755532879723,1.1117217869962028,-2.1248067266530186,0.9823633075009652,1,13,0.5747761628367608,214,0,0,0,NORMAL
34.592,-2.2474522962928924,1.0692931863325488,1.6530740387968483,138.53971062838966,1000.0,1000.0,DRIVE_TO_WAYPOINT,2,3,1,2.0,2.0,1,2,1,10,0,4.045182179193267,,,,-2.2474522962928924,1.0692931863325488,-2.2545609356231866,1.0534495198349774,-2.1247712473693663,1.0527868794728392,1,14,0.6619012290674934,214,0,0,0,NORMAL
34.72,-2.249819221585876,1.0979957587725686,1.6530740291683967,126.65563252439803,992.9583643743139,1000.0,DRIVE_TO_WAYPOINT,2,3,1,2.0,2.0,1,2,1,10,0,4.073982179193564,,,,-2.249819221585876,1.0979957587725686,-2.2176063389164598,1.1663586687733822,-2.1248801703531996,1.075783904771209,1,14,0.7573403062061524,214,0,0,0,NORMAL
34.848,-2.2521861467189086,1.1266983312258791,1.653074019686337,121.57990621962813,990.4772218448886,980.8647432628749,DRIVE_TO_WAYPOINT,2,3,1,2.0,2.0,1,2,1,10,0,4.102782179193962,,,,-2.2521861467189086,1.1266983312258791,-2.232560107974583,1.1018641215698681,-2.124891021418753,1.1312215938842234,1,14,0.8708535186379579,214,0,0,0,NORMAL
34.976,-2.2545530717040347,1.1554009036912087,1.6530740117295715,134.14789571782106,998.6025710981869,1000.0,DRIVE_TO_WAYPOINT,2,3,1,2.0,2.0,1,2,1,10,0,4.131582179194183,,,,-2.2545530717040347,1.1554009036912087,-2.2445626206993095,1.0973093656430837,-2.124642999907103,1.1415063779002526,1,14,0.9004945301419469,214,0,0,0,NORMAL
35.104,-2.256295242384219,1.1834900759766962,1.6530814317712235,134.3184095246133,983.9361676190679,1000.0,DRIVE_TO_WAYPOINT,2,3,1,2.0,2.0,1,2,1,10,0,4.159727559053922,,,,-2.256295242384219,1.1834900759766962,-2.2973669110225687,1.1637377040510102,-2.1245198491972523,1.1673419206512534,1,14,0.8261250369876983,214,0,0,0,NORMAL
35.232,-2.2574687952051575,1.2117416230435287,1.653051971603463,118.24179777023447,1000.0,982.9379553961601,DRIVE_TO_WAYPOINT,2,3,1,2.0,2.0,1,2,1,10,0,4.188004251329344,,,,-2.2574687952051575,1.2117416230435287,-2.108524532967593,1.2148372432712382,-2.1247259621465355,1.1893887563254453,1,14,0.7440313717306254,214,0,0,0,NORMAL
35.36,-2.25757629354588,1.2403285712325463,1.6530303938981497,110.35838382368614,994.3176804155548,994.85419523314,DRIVE_TO_WAYPOINT,2,3,1,2.0,2.0,1,2,1,10,0,4.21659148930959,,,,-2.25757629354588,1.2403285712325463,-2.2867436051711993,1.2663166814026254,-2.124690511561108,1.1997189658604768,1,14,0.7036093232694681,214,0,0,0,NORMAL
35.488,-2.2578815752393355,1.2689866087681878,1.6530190383166246,130.75085622043292,993.4353261331622,1000.0,DRIVE_TO_WAYPOINT,2,3,1,2.0,2.0,1,2,1,10,0,4.245251167638471,,,,-2.2578815752393355,1.2689866087681878,-2.241401698055528,1.2685550985294953,-2.124691271228691,1.2055639510496694,1,14,0.6805813048717352,214,0,0,0,NORMAL
35.616,-2.2577380207870767,1.2976825684377764,1.653004777293094,128.41495569028513,952.6201134871653,994.9893174432016,DRIVE_TO_WAYPOINT,2,3,1,2.0,2.0,1,2,1,10,0,4.273947770112691,,,,-2.2577380207870767,1.2976825684377764,-2.267298562048942,1.267421462706494,-2.124739027695347,1.2181022626499145,1,14,0.6318805357707635,214,0,0,0,NORMAL
35.744,-2.257938284484272,1.326374040961066,1.6529958122998798,137.3719477811229,932.5262651225459,1000.0,DRIVE_TO_WAYPOINT,2,3,1,2.0,2.0,1,2,1,10,0,4.302639998912893,,,,-2.257938284484272,1.326374040961066,-2.1802459747145484,1.3144954065456407,-2.1248567171320465,1.2970882749510153,1,15,0.636917209840444,215,0,0,0,NORMAL
35.872,-2.2577448370627278,1.3550795702780387,1.6529815260011655,126.35643249770051,898.8496435664813,992.5279564357521,DRIVE_TO_WAYPOINT,2,3,1,2.0,2.0,1,2,1,10,0,4.331346574332532,,,,-2.2577448370627278,1.3550795702780387,-2.1887579042270224,1.361876521221714,-2.1247996450364974,1.3693221620200853,1,15,0.8321657077044993,215,0,0,0,NORMAL
36.0,-2.257930805340838,1.383775560766328,1.6529723242442458,118.59162685071911,866.5316807839018,956.8104058510479,DRIVE_TO_WAYPOINT,2,3,1,2.0,2.0,1,2,1,10,0,4.360043238431458,,,,-2.257930805340838,1.383775560766328,-2.1777211694714143,1.357879844132957,-2.124586599062865,1.3792121543556122,1,15,0.8974822418879302,215,0,0,0,NORMAL
36.128,-2.2577293852838056,1.4124794998189976,1.6529573764062486,124.11530729816135,835.0825190281474,915.1878323323638,DRIVE_TO_WAYPOINT,2,3,1,2.0,2.0,1,2,1,10,0,4.388748284597639,,,,-2.2577293852838056,1.4124794998189976,-2.2946191090233428,1.418461849192393,-2.1248129720631503,1.396760872179415,1,15,0.8936781756963441,215,0,0,0,NORMAL
36.256,-2.2578892546590996,1.4411794044850021,1.6529482591118072,119.55678664806743,804.2761003808364,888.7559981805289,DRIVE_TO_WAYPOINT,2,3,1,2.0,2.0,1,2,1,10,0,4.417448674197801,,,,-2.2578892546590996,1.4411794044850021,-2.2762398611499295,1.4766570048989893,-2.1248829745702227,1.4275629686715137,1,15,0.7893803638887729,215,0,0,0,NORMAL
36.384,-2.2577968136033104,1.4698721316955667,1.6529350070320046,130.07915702969703,779.8686734533709,854.7426937640978,DRIVE_TO_WAYPOINT,2,3,1,2.0,2.0,1,2,1,10,0,4.446142480427005,,,,-2.2577968136033104,1.4698721316955667,-2.368176220247205,1.3492975816502573,-2.124528468404837,1.4127949132145192,1,15,0.8471526291163214,215,0,0,0,NORMAL
36.512,-2.2579308742724753,1.4985800125748083,1.6529258704739147,125.57076711337406,760.5305741031681,827.3554227878521,DRIVE_TO_WAYPOINT,2,3,1,2.0,2.0,1,2,1,10,0,4.4748507833363975,,,,-2.2579308742724753,1.4985800125748083,-2.214625931349921,1.444158819133227,-2.124874765112798,1.4575433670185811,1,15,0.6746275996554632,215,0,0,0,NORMAL
36.64,-2.2577986278835254,1.5272727735261231,1.6529123391649105,127.96177234924521,706.8487205460392,796.0633414542432,DRIVE_TO_WAYPOINT,2,3,1,2.0,2.0,1,2,1,10,0,4.503544852429661,,,,-2.2577986278835254,1.5272727735261231,-2.1855932696991305,1.5427567422377475,-2.124865028655334,1.486932707864003,1,15,0.5598594038689475,215,0,0,0,NORMAL
36.768,-2.2579197176318155,1.5559834808118196,1.6529030401896188,109.7593235830231,694.4558398553118,748.803713406052,DRIVE_TO_WAYPOINT,2,3,1,2.0,2.0,1,2,1,10,0,4.53225593337614,,,,-2.2579197176318155,1.5559834808118196,-2.192604322536072,1.5660818239507857,-2.1248325434715984,1.5033534564333866,1,16,0.4959020014924217,215,0,0,0,NORMAL
36.896,-2.257782967819695,1.5846747821242093,1.6528890775581044,123.46949192283111,663.1974179665899,740.0674929463519,DRIVE_TO_WAYPOINT,2,3,1,2.0,2.0,1,2,1,10,0,4.560948584584985,,,,-2.257782967819695,1.5846747821242093,-2.149691167931026,1.6449497806002737,-2.1249319197271164,1.5805467778391866,1,16,0.7482266842163611,215,0,0,0,NORMAL
37.024,-2.2579009958879332,1.6133868831056055,1.652879624515673,124.54778501477664,639.9373896698938,696.8467567859385,DRIVE_TO_WAYPOINT,2,3,1,2.0,2.0,1,2,1,10,0,4.589661049872872,,,,-2.2579009958879332,1.6133868831056055,-2.184564008374528,1.5838955751157635,-2.1249852326592724,1.620940887768572,1,16,0.8658208237095368,215,0,0,0,NORMAL
37.152,-2.2577640226377405,1.642075819744323,1.652865251875119,108.4500606015718,612.7094933269971,680.7587135727509,DRIVE_TO_WAYPOINT,2,3,1,2.0,2.0,1,2,1,10,0,4.618351363090838,,,,-2.2577640226377405,1.642075819744323,-2.2131399287286966,1.504454190384122,-2.124985400195407,1.6284916970395036,1,16,0.9150893575447931,215,0,0,0,NORMAL
37.28,-2.2578808694103136,1.6707898100196774,1.652855718361115,133.10805539486236,572.0806705363823,629.4607371583484,DRIVE_TO_WAYPOINT,2,3,1,2.0,2.0,1,2,1,10,0,4.647065715065178,,,,-2.2578808694103136,1.6707898100196774,-2.288734271320099,1.6625707906391156,-2.1249944277369064,1.6299672309384536,1,16,0.9412060975677916,215,0,0,0,NORMAL
37.408,-2.257744548712822,1.6994763640374764,1.652840957660432,131.71442435448466,551.1735340115443,580.6607284830332,DRIVE_TO_WAYPOINT,2,3,1,2.0,2.0,1,2,1,10,0,4.675753669319944,,,,-2.257744548712822,1.6994763640374764,-2.1862058145714527,1.7775568519966387,-2.1249973728786067,1.6395286660368746,1,16,0.9304132611383746,215,0,0,0,NORMAL
37.536,-2.2578605409156776,1.7281925459749796,1.6528313737123963,130.47777696591712,523.7817398560918,574.17200607899,DRIVE_TO_WAYPOINT,2,3,1,2.0,2.0,1,2,1,10,0,4.704470211432357,,,,-2.2578605409156776,1.7281925459749796,-2.207245102492287,1.741579449159182,-2.1249996802902924,1.6489262031182041,1,16,0.9020811132289085,215,0,0,0,NORMAL
37.664,-2.257845343770843,1.756863363462252,1.6528183158377479,136.99042900104052,484.5443970596268,531.8155443202011,DRIVE_TO_WAYPOINT,2,3,1,2.0,2.0,1,2,1,10,0,4.733142406105618,,,,-2.257845343770843,1.756863363462252,-2.2696548070570226,1.5937815380166085,-2.124999933949363,1.6813195224102322,1,16,0.7768558298857825,215,0,0,0,NORMAL
37.792,-2.2578915385959024,1.785591531395918,1.6528092180790648,127.47992885327751,464.08336709450657,499.8922890225551,DRIVE_TO_WAYPOINT,2,3,1,2.0,2.0,1,2,1,10,0,4.761870792833012,,,,-2.2578915385959024,1.785591531395918,-2.222649293101397,1.7307291445630715,-2.124999930201609,1.7313687100212156,1,16,0.5834646851692191,215,0,0,0,NORMAL
37.92,-2.2578416187718853,1.8142675503355454,1.6527961556533113,119.99031081619489,437.72284271502974,470.28944626800256,DRIVE_TO_WAYPOINT,2,3,1,2.0,2.0,1,2,1,10,0,4.79054828562857,,,,-2.2578416187718853,1.8142675503355454,-2.2796581740173303,1.8402828552240464,-2.1249996552894266,1.7507886332713531,1,16,0.5060871314373802,215,0,0,0,NORMAL
38.048,-2.2578782582365746,1.8429966081853233,1.652786665008853,134.79848250218387,406.6118307859263,458.902719017,DRIVE_TO_WAYPOINT,2,3,1,2.0,2.0,1,2,1,10,0,4.81927755577647,,,,-2.2578782582365746,1.8429966081853233,-2.279610836310748,1.8297388855170766,-2.124997093312589,1.8284719811533898,1,17,0.7395094185793737,215,0,0,0,NORMAL
38.176,-2.25782577100841,1.8716705889553733,1.652773150935112,120.2696236329851,378.91043276962364,403.05195754806516,DRIVE_TO_WAYPOINT,2,3,1,2.0,2.0,1,2,1,10,0,4.847953030529183,,,,-2.25782577100841,1.8716705889553733,-2.149500952949129,1.9011096053665377,-2.1249980766842023,1.8674938972363468,1,17,0.858664365039577,215,0,0,0,NORMAL
38.304,-2.2578594255146727,1.900400375041313,1.6527634176079165,115.53775221135291,346.33880179275457,364.829935723591,DRIVE_TO_WAYPOINT,2,3,1,2.0,2.0,1,2,1,10,0,4.876683028389406,,,,-2.2578594255146727,1.900400375041313,-2.235575636869947,1.8996065784525167,-2.124993506928874,1.881424799338232,1,17,0.906610214270033,215,0,0,0,NORMAL
38.432,-2.2578074339689094,1.9290725356190064,1.6527495516901018,131.39159309151952,313.77247362624126,329.42686659542943,DRIVE_TO_WAYPOINT,2,3,1,2.0,2.0,1,2,1,10,0,4.905356704154203,,,,-2.2578074339689094,1.9290725356190064,-2.3735618196576342,1.9931701186204596,-2.124989688142842,1.898414652669197,1,17,0.8916405548958221,215,0,0,0,NORMAL
38.56,-2.25783935157296,1.9578035790587776,1.6527396543557484,125.25574733247885,281.35414504032804,308.83607527512135,DRIVE_TO_WAYPOINT,2,3,1,2.0,2.0,1,2,1,10,0,4.934087959618822,,,,-2.25783935157296,1.9578035790587776,-2.253541694828797,1.9491434760126136,-2.124991527926952,1.9005180920525284,1,17,0.8937889747591231,215,0,0,0,NORMAL
38.688,-2.2577884537131654,1.986473731991946,1.6527254450807567,122.00293808236302,268.3690237257376,281.5232778020095,DRIVE_TO_WAYPOINT,2,3,1,2.0,2.0,1,2,1,10,0,4.962759649127476,,,,-2.2577884537131654,1.986473731991946,-2.159415929801465,2.0376922114966884,-2.124990938618375,1.8961391849144886,1,17,0.9139343698955683,215,0,0,0,NORMAL
38.816,-2.257818864874808,2.0152063837088074,1.652715417218589,123.04202484725238,232.1185351938889,254.6883509391566,DRIVE_TO_WAYPOINT,2,3,1,2.0,2.0,1,2,1,10,0,4.991492513430679,,,,-2.257818864874808,2.0152063837088074,-2.1768728887201116,2.058787267286397,-2.124944823584713,1.9276639993914924,1,17,0.7891994551450403,215,0,0,0,NORMAL
38.944,-2.2577692619304903,2.0438747233342474,1.6527008804121934,134.63697441480892,215.69037051124587,239.11296512706616,DRIVE_TO_WAYPOINT,2,3,1,2.0,2.0,1,2,1,10,0,5.020162410719354,,,,-2.2577692619304903,2.0438747233342474,-2.2355203672382786,2.0950961256948815,-2.1249653609803296,1.9730163247276689,1,17,0.6079248236891813,215,0,0,0,NORMAL
39.072,-2.2577733095741257,2.067355311464698,1.652837114523444,135.4397381219119,181.374314866286,193.06803819074688,TURN_TO_WAYPOINT,3,3,1,2.0,2.0,1,2,1,10,0,5.043643160211289,,,,-2.2577733095741257,2.067355311464698,-2.2307980826756384,2.062835768992243,-2.1248856408879186,2.0263005243248253,1,18,0.6047449096511025,215,0,0,0,NORMAL
39.2,-2.258303800353761,2.071607457180404,1.5928471709756002,167.76510122438597,181.42312730214533,211.551296046696,TURN_TO_WAYPOINT,3,3,1,2.0,2.0,1,2,1,10,0,5.04792846448049,,,,-2.258303800353761,2.071607457180404,-2.279792851912172,1.9981057291969362,-2.124953415416814,2.0640572147578817,1,18,0.7560425316444623,215,0,0,0,NORMAL
39.328,-2.257714356511323,2.073910015979324,1.5327151654217825,193.61037149501428,162.36984012390934,227.0086305748754,TURN_TO_WAYPOINT,3,3,1,2.0,2.0,1,2,1,10,0,5.050855116592873,,,,-2.257714356511323,2.073910015979324,-2.2859612858417333,2.0753936304298537,-2.1249910378135772,2.0583409745039507,1,18,0.7333280512212237,215,0,0,0,NORMAL
39.456,-2.2560544750765716,2.0717004536929426,1.4727264538013893,190.51254383548024,174.4055823184324,241.46059296495804,TURN_TO_WAYPOINT,3,3,1,2.0,2.0,1,2,1,10,0,5.0536979770622095,,,,-2.2560544750765716,2.0717004536929426,-2.274071192349938,1.9945359020019295,-2.124999313412923,2.1001888817083163,1,18,0.9007527805169268,215,0,0,0,NORMAL
39.584,-2.25419539471586,2.066442933764786,1.412517144199025,177.435139525182,175.18530193735376,283.78443010753176,TURN_TO_WAYPOINT,3,3,1,2.0,2.0,1,2,1,10,0,5.059279429125706,,,,-2.25419539471586,2.066442933764786,-2.324258267456082,1.9220343486577418,-2.124999897737118,2.1115881325022983,1,18,0.9463521209589564,215,0,0,0,NORMAL
39.712,-2.2524753929429178,2.067238435093957,1.3524610474745213,163.42126465371837,183.261164576811,300.6086261982571,TURN_TO_WAYPOINT,3,3,1,2.0,2.0,1,2,1,10,0,5.0611890946724465,,,,-2.2524753929429178,2.067238435093957,-2.3731473982584013,2.123646451458077,-2.1249999770652805,2.1192973426648205,1,18,0.9771892789204354,215,0,0,0,NORMAL
39.84,-2.248955527120304,2.061151626842005,1.3217700816222637,160.5586458767619,190.0237550415345,311.9486010609439,TURN_TO_WAYPOINT,3,3,1,2.0,2.0,1,2,1,10,0,5.068269033776836,,,,-2.248955527120304,2.061151626842005,-2.365385227624186,2.0789096901977717,-2.124999996587488,2.1202059207577255,1,18,0.9808236693808583,215,0,0,0,NORMAL
39.968,-2.2452391717750073,2.053830481008089,1.2933465676748273,159.80406339828406,205.89179276134035,355.4941564474161,TURN_TO_WAYPOINT,3,3,1,2.0,2.0,1,2,1,10,0,5.076484977942697,,,,-2.2452391717750073,2.053830481008089,-2.280102641094481,2.0974223236900533,-2.124999999537241,2.12272968245672,1,18,0.9909187279758405,215,0,0,0,NORMAL
40.096,-2.2407956502791846,2.0464776066558334,1.2653631180636882,162.94908363006687,207.65354475351023,402.27605686649,TURN_TO_WAYPOINT,3,3,1,2.0,2.0,1,2,1,10,0,5.08507656435034,,,,-2.2407956502791846,2.0464776066558334,-2.2837200941070597,2.087950209992504,-2.1249999999525557,2.123311401261534,1,18,0.9932456048563597,215,0,0,0,NORMAL
40.224,-2.2362288157330714,2.0390987265897262,1.237797486587723,187.183185008707,234.86673033722082,438.3398500520496,TURN_TO_WAYPOINT,3,3,1,2.0,2.0,1,2,1,10,0,5.093754353221854,,,,-2.2362288157330714,2.0390987265897262,-2.175399263871366,2.0376566683134953,-2.1249999999960867,2.124092807143945,1,18,0.9963712285601259,215,0,0,0,NORMAL
40.352,-2.231714377503275,2.031792132485347,1.210229098560089,174.14816418151938,246.00117279045165,473.24920455634356,TURN_TO_WAYPOINT,3,3,1,2.0,2.0,1,2,1,10,0,5.102343455319438,,,,-2.231714377503275,2.031792132485347,-2.2783447836395254,1.985182889320618,-2.1249999999985687,2.1238160967644255,1,18,0.9952643870519785,215,0,0,0,NORMAL
40.48,-2.2267062132763114,2.0254997944156345,1.1784631474865204,193.08313504661442,265.8368872450603,499.36042008997447,TURN_TO_WAYPOINT,3,3,1,2.0,2.0,1,2,1,10,0,5.110401553110734,,,,-2.2267062132763114,2.0254997944156345,-2.249026404868827,2.051050887906535,-2.124999999999854,2.1233405408429182,1,18,0.9933621633710895,215,0,0,0,NORMAL
40.608,-2.2202891742597735,2.02181578534892,1.135226438649891,189.0491176408109,262.0100986711579,561.2791306288318,TURN_TO_WAYPOINT,3,3,1,2.0,2.0,1,2,1,10,0,5.117887946749384,,,,-2.2202891742597735,2.02181578534892,-2.2952132448506735,2.038979139515228,-2.12499999999998,2.1238865283624673,1,18,0.9955461134497908,215,0,0,0,NORMAL
40.736,-2.212264572069129,2.0220908538188893,1.0765261969958047,179.62576026823774,286.292686519941,647.7393157339379,TURN_TO_WAYPOINT,3,3,1,2.0,2.0,1,2,1,10,0,5.125965973617039,,,,-2.212264572069129,2.0220908538188893,-2.2598303883923543,2.0535471655242317,-2.1249999999999956,2.1244516446388118,1,18,0.9978065785552305,215,0,0,0,NORMAL
40.864,-2.204733671216366,2.025496147131894,1.0167426450400239,173.85346519275186,304.46154212055245,729.6029056637751,TURN_TO_WAYPOINT,3,3,1,2.0,2.0,1,2,1,10,0,5.134278130457732,,,,-2.204733671216366,2.025496147131894,-2.2562066740817697,1.9953484897207636,-2.1249999999999973,2.124553368675276,1,18,0.9982134747010956,215,0,0,0,NORMAL
40.992,-2.197779247707719,2.032112683231301,0.957044176343469,176.17312420515114,324.998420473559,433.3906772296195,TURN_TO_WAYPOINT,3,3,1,2.0,2.0,1,2,1,10,0,5.143905446388727,,,,-2.197779247707719,2.032112683231301,-2.259805020536724,2.1042770565973665,-2.124999999999999,2.1244236386029742,1,18,0.997694554411894,215,0,0,0,NORMAL
41.12,-2.1929791489054056,2.0314935956919826,0.9053271128500248,194.37279497891808,329.97601453764156,453.17508303808603,TURN_TO_WAYPOINT,3,3,1,2.0,2.0,1,2,1,10,0,5.148841858985523,,,,-2.1929791489054056,2.0314935956919826,-2.293573366295349,2.116353241857177,-2.125,2.124586680362871,1,18,0.9983467214514821,215,0,0,0,NORMAL
41.248,-2.1889511844143246,2.031405327295057,0.8453027113605772,169.41851266679538,375.0750607916538,457.0203087704158,TURN_TO_WAYPOINT,3,3,1,2.0,2.0,1,2,1,10,0,5.15287094738001,,,,-2.1889511844143246,2.031405327295057,-2.2872607212828413,2.0912582200553933,-2.125,2.1248174964360467,1,18,0.9992699857441862,215,0,0,0,NORMAL
41.376,-2.186072399294353,2.031262633940453,0.7852889655568155,194.50732768576248,390.93752447738933,428.7687922262441,TURN_TO_WAYPOINT,3,3,1,2.0,2.0,1,2,1,10,0,5.155753322884133,,,,-2.186072399294353,2.031262633940453,-2.2221164899774655,1.9936937192342568,-2.125,2.124749067095879,1,18,0.9989962683835167,215,0,0,0,NORMAL
41.504,-2.184112851818232,2.0311160709624017,0.7251964434835292,195.30698304306242,401.5453715821254,452.65904420171887,TURN_TO_WAYPOINT,3,3,1,2.0,2.0,1,2,1,10,0,5.157718360656805,,,,-2.184112851818232,2.0311160709624017,-2.1331960075128165,2.1427402946009075,-2.125,2.124865673705688,1,18,0.9994626948227531,215,0,0,0,NORMAL
41.632,-2.1825349266235707,2.0306526227532444,0.6627896350218224,219.84838485693587,368.99297352168566,438.97944071503946,TURN_TO_WAYPOINT,3,3,1,2.0,2.0,1,2,1,10,0,5.159416176161315,,,,-2.1825349266235707,2.0306526227532444,-2.111805846211088,2.094889805442795,-2.125,2.1248927860786644,1,18,0.9995711443146589,216,0,0,0,NORMAL
41.76,-2.181405302312412,2.0297532175149184,0.5973098339689764,234.3999262175246,384.6357893724986,439.9177268205597,TURN_TO_WAYPOINT,3,3,1,2.0,2.0,1,2,1,10,0,5.1608601583480604,,,,-2.181405302312412,2.0297532175149184,-2.2096924928486237,2.048074966127399,-2.125,2.124941658239617,1,18,0.9997666329584671,216,0,0,0,NORMAL
41.888,-2.180874928241838,2.0292281009708577,0.5344434530285419,231.3322040832057,412.6029741793904,478.30782138598215,TURN_TO_WAYPOINT,3,3,1,2.0,2.0,1,2,1,10,0,5.161637718775223,,,,-2.180874928241838,2.0292281009708577,-2.20271253961772,2.0673116742867386,-2.125,2.1249519864636017,1,18,0.9998079458544076,216,0,0,0,NORMAL
42.016,-2.1810748020887445,2.0289379108357655,0.47420652871762065,275.00032755911263,398.21042605606675,477.23780903293925,TURN_TO_WAYPOINT,3,3,1,2.0,2.0,1,2,1,10,0,5.161990775650301,,,,-2.1810748020887445,2.0289379108357655,-2.1581002464073142,2.0067848067022585,-2.1249999999999996,2.124947436411293,1,18,0.9997897456451733,216,0,0,0,NORMAL
42.144,-2.181502433230436,2.028523837714281,0.4140297562832921,302.4913058828786,436.97648571669,497.06431867805367,TURN_TO_WAYPOINT,3,3,1,2.0,2.0,1,2,1,10,0,5.162586810057296,,,,-2.181502433230436,2.028523837714281,-2.079648390532943,2.0250443021126006,-2.1250000000000004,2.1249563707333006,1,18,0.9998254829332011,216,0,0,0,NORMAL
42.272,-2.1822440942992154,2.0280125874379262,0.3538802609963374,320.39867765402005,475.52927704590013,560.6253724831364,TURN_TO_WAYPOINT,3,3,1,2.0,2.0,1,2,1,10,0,5.163488401744452,,,,-2.1822440942992154,2.0280125874379262,-2.1139924361813263,1.928712515442427,-2.125,2.1249448627397642,1,18,0.9997794509590571,217,0,0,0,NORMAL
42.4,-2.1834125961327904,2.0274228259804605,0.29374419370794386,344.1825936137188,548.6041893620416,631.7354499028128,TURN_TO_WAYPOINT,3,3,1,2.0,2.0,1,2,1,10,0,5.164798084156741,,,,-2.1834125961327904,2.0274228259804605,-2.0938784711402727,2.0421590321850767,-2.125,2.124977891271395,1,18,0.9999115650855792,218,0,0,0,NORMAL
42.528,-2.185164400460955,2.0267764101936128,0.23361583460968416,389.2363745978547,696.1007755534606,831.0079678406718,TURN_TO_WAYPOINT,3,3,1,2.0,2.0,1,2,1,10,0,5.166666152751134,,,,-2.185164400460955,2.0267764101936128,-2.199991893242139,1.8767660686434084,-2.125,2.124966216272952,1,18,0.999864865091808,218,0,0,0,NORMAL
42.656,-2.1877185419954746,2.026109835902624,0.1734919473178392,446.30854355042754,1000.0,986.7934193742797,TURN_TO_WAYPOINT,3,3,1,2.0,2.0,1,2,1,10,0,5.169306714020415,,,,-2.1877185419954746,2.026109835902624,-2.1863131917784955,1.9386979262244595,-2.125,2.124976624159859,1,18,0.999906496639436,221,0,0,0,NORMAL
42.784,-2.191380049788119,2.0254885153659004,0.113368682315263,500.6613899269442,1000.0,355.8214566233835,TURN_TO_WAYPOINT,3,3,1,2.0,2.0,1,2,1,10,0,5.173021556405147,,,,-2.191380049788119,2.0254885153659004,-2.2492610879655817,2.0509228672910584,-2.125,2.1249617989723433,1,18,0.9998471958893733,222,0,0,0,NORMAL
42.912,-2.193839327813208,2.0252327033930744,0.05191669454346101,573.8954674388666,1000.0,288.5818729459227,DRIVE_TO_WAYPOINT,3,3,1,2.0,2.0,1,2,1,10,0,5.175647453369364,,,,-2.193839327813208,2.0252327033930744,-2.199129026704683,2.043236427159516,-2.1249999999999996,2.12498429761129,1,18,0.9999371904451608,223,0,0,0,NORMAL
43.04,-2.172615854469456,2.0263522252384565,0.051907963287407245,574.0475792821245,988.5564298137423,280.0028100575544,DRIVE_TO_WAYPOINT,3,3,1,2.0,2.0,1,2,1,10,0,5.19690068786611,,,,-2.172615854469456,2.0263522252384565,-2.196155777769385,2.102618346056653,-2.1226674551424773,2.124483049169078,1,18,0.9886020297330665,223,0,0,0,NORMAL
43.168,-2.1434150807436723,2.0278786806248448,0.0519159590356297,562.3929172277326,992.5900260327949,271.9522276148395,DRIVE_TO_WAYPOINT,3,3,1,2.0,2.0,1,2,1,10,0,5.226141331738097,,,,-2.1434150807436723,2.0278786806248448,-2.0375685171701234,1.9134185566212005,-2.1166932671337824,2.1236340306120427,1,18,0.9613228753643581,223,0,0,0,NORMAL
43.296,-2.1144755332244136,2.0293873925091814,0.05191835403976919,560.0953363302976,1000.0,288.35406946075193,DRIVE_TO_WAYPOINT,3,3,1,2.0,2.0,1,2,1,10,0,5.255120179593484,,,,-2.1144755332244136,2.0293873925091814,-2.191875283244203,2.062426971691423,-2.1107997403478107,2.1230696360506505,1,18,0.9355737077025955,223,0,0,0,NORMAL
43.424,-2.0856477732137884,2.0308877423710654,0.05191895926707492,560.3843995588588,1000.0,293.59002772795185,DRIVE_TO_WAYPOINT,3,3,1,2.0,2.0,1,2,1,10,0,5.283986956296116,,,,-2.0856477732137884,2.0308877423710654,-2.1503749292213676,1.961603616069111,-2.1094087451920416,2.118827884335751,1,18,0.9131138424949103,223,0,0,0,NORMAL
43.552,-2.0568617853142928,2.032384604000704,0.05191907108989371,561.19115871205,990.7823060730691,1000.0,DRIVE_TO_WAYPOINT,3,3,1,2.0,2.0,1,2,1,10,0,5.312811836072938,,,,-2.0568617853142928,2.032384604000704,-2.008115554211852,1.9935208288869524,-2.101021004324381,2.115190777778468,1,18,0.8652582866544936,224,0,0,0,NORMAL
43.68,-2.0280913533666034,2.033880056662234,0.051919081931132746,546.5148457892196,1000.0,998.6206009394954,DRIVE_TO_WAYPOINT,3,3,1,2.0,2.0,1,2,1,10,0,5.341621107725141,,,,-2.0280913533666034,2.033880056662234,-2.064638361354882,1.8862151822133313,-2.071177751290413,2.119302695508923,1,18,0.7641123500156572,224,0,0,0,NORMAL
43.808,-1.999326716687819,2.035374962517637,0.051919087598384824,549.0223931912856,1000.0,1000.0,DRIVE_TO_WAYPOINT,3,3,1,2.0,2.0,1,2,1,10,0,5.3704245635383,,,,-1.999326716687819,2.035374962517637,-1.9883468746561657,2.0387187994533424,-2.0684025140826217,2.1062475449557,1,18,0.700955774026804,224,0,0,0,NORMAL
43.936,-1.9705642399535896,2.036869666122307,0.051919100440177134,540.4358714088971,993.9307042527402,1000.0,DRIVE_TO_WAYPOINT,3,3,1,2.0,2.0,1,2,1,10,0,5.399225851821171,,,,-1.9705642399535896,2.036869666122307,-1.9970929611658665,1.9696986383599786,-2.0191997071863534,2.1197162899254414,1,18,0.5641982376570764,224,0,0,0,NORMAL
44.064,-1.941802568584442,2.0383642989225543,0.051919115699538006,548.1644565937532,987.0162181614779,1000.0,DRIVE_TO_WAYPOINT,3,3,1,2.0,2.0,1,2,1,10,0,5.428026332149708,,,,-1.941802568584442,2.0383642989225543,-1.958743734164331,2.100872158898638,-1.9830492191909763,2.1179775530252476,2,18,0.541283449758878,225,0,0,0,NORMAL
44.192,-1.913041197621242,2.039858908396294,0.051919128283707885,537.5287008973804,1000.0,1000.0,DRIVE_TO_WAYPOINT,3,3,1,2.0,2.0,1,2,1,10,0,5.456826511266542,,,,-1.913041197621242,2.039858908396294,-1.9305563395886067,2.0102444359109457,-1.9137953376003534,2.123131371512113,2,18,0.7681374239817784,225,0,0,0,NORMAL
44.32,-1.8842799387449922,2.0413535106399148,0.05191913532395294,531.4191742462605,1000.0,989.1195710707873,DRIVE_TO_WAYPOINT,3,3,1,2.0,2.0,1,2,1,10,0,5.48562657807225,,,,-1.8842799387449922,2.0413535106399148,-1.8733227946619533,2.059702882968902,-1.885209475349642,2.124358993915977,2,18,0.8682000259808522,226,0,0,0,NORMAL
44.448,-1.8555187216963298,2.0428481107139373,0.05191913576135396,532.1309740796067,997.3277923494542,1000.0,DRIVE_TO_WAYPOINT,3,3,1,2.0,2.0,1,2,1,10,0,5.514426602994141,,,,-1.8555187216963298,2.0428481107139373,-1.9884690460572139,2.019393359041045,-1.8709855186721875,2.124741822189185,2,18,0.9134345826072108,226,0,0,0,NORMAL
44.576,-1.8267575202535749,2.044342710059803,0.05191912978681465,534.5569396595706,990.7984815722915,1000.0,DRIVE_TO_WAYPOINT,3,3,1,2.0,2.0,1,2,1,10,0,5.543226612293365,,,,-1.8267575202535749,2.044342710059803,-1.832360496273092,2.070226814315351,-1.856529959806879,2.124932730209016,2,18,0.9088060890491607,226,0,0,0,NORMAL
44.704,-1.7979963246278012,2.0458373090282826,0.051919118508551354,526.1554885021533,999.2750708766534,1000.0,DRIVE_TO_WAYPOINT,3,3,1,2.0,2.0,1,2,1,10,0,5.572026615763861,,,,-1.7979963246278012,2.0458373090282826,-1.7622533050917468,2.0814681274384355,-1.84295347715853,2.1249850585750862,2,18,0.8693506389011978,226,0,0,0,NORMAL
44.832,-1.7692351311639092,2.047331907680747,0.05191910372040034,525.3738523124888,1000.0,1000.0,DRIVE_TO_WAYPOINT,3,3,1,2.0,2.0,1,2,1,10,0,5.60082661705899,,,,-1.7692351311639092,2.047331907680747,-1.8064894489490564,2.1173236720492277,-1.8524257222749319,2.124992997726009,2,18,0.9088229735023604,226,0,0,0,NORMAL
44.96,-1.7404739384972017,2.04882650602514,0.05191908765459436,530.8369736358212,978.5145489988447,1000.0,DRIVE_TO_WAYPOINT,3,3,1,2.0,2.0,1,2,1,10,0,5.629626617542019,,,,-1.7404739384972017,2.04882650602514,-1.8695141965718591,2.0998421851152176,-1.841646879842121,2.1249985344436597,2,18,0.8671225500849922,226,0,0,0,NORMAL
45.088,-1.7117127461189685,2.05032110408103,0.051919072685656105,527.8326316903082,1000.0,983.0226057127829,DRIVE_TO_WAYPOINT,3,3,1,2.0,2.0,1,2,1,10,0,5.658426617721991,,,,-1.7117127461189685,2.05032110408103,-1.6550416237290033,2.1041223919145455,-1.850843969442728,2.1249990301331074,2,18,0.9036681021280663,226,0,0,0,NORMAL
45.216,-1.6829515538411646,2.0518157018953356,0.051919061006465914,517.0328590822763,984.2673282526831,1000.0,DRIVE_TO_WAYPOINT,3,3,1,2.0,2.0,1,2,1,10,0,5.687226617789133,,,,-1.6829515538411646,2.0518157018953356,-1.7509676185438117,2.090568824611472,-1.7622084085210872,2.1249993153572513,2,18,0.5610727816752047,226,0,0,0,NORMAL
45.344,-1.6541903615965008,2.053310299542236,0.05191905432158746,512.8660097247749,1000.0,990.243196457148,DRIVE_TO_WAYPOINT,3,3,1,2.0,2.0,1,2,1,10,0,5.7160266178144905,,,,-1.6541903615965008,2.053310299542236,-1.800328176127397,2.0148135977722705,-1.663923608194278,2.124984281220907,3,18,0.7413411098255541,227,0,0,0,NORMAL
45.472,-1.6254291693634793,2.05480489711584,0.05191905360537422,516.4729742906554,1000.0,1000.0,DRIVE_TO_WAYPOINT,3,3,1,2.0,2.0,1,2,1,10,0,5.744826617824418,,,,-1.6254291693634793,2.05480489711584,-1.601210779881071,2.036469489927968,-1.6512038654672578,2.1249906617693095,3,18,0.8295893614758737,227,0,0,0,NORMAL
45.6,-1.5966679771378485,2.0562994947185502,0.05191905896269218,518.529476242369,1000.0,1000.0,DRIVE_TO_WAYPOINT,3,3,1,2.0,2.0,1,2,1,10,0,5.773626617828476,,,,-1.5966679771378485,2.0562994947185502,-1.5980028906490091,2.085878784051523,-1.624824507000809,2.1249726828723343,3,18,0.8970569757012468,228,0,0,0,NORMAL
45.728,-1.567906784921298,2.0577940924473737,0.05191906961461482,502.3223754381471,1000.0,986.6460571685274,DRIVE_TO_WAYPOINT,3,3,1,2.0,2.0,1,2,1,10,0,5.80242661783001,,,,-1.567906784921298,2.0577940924473737,-1.5386469225455741,2.0856071482399625,-1.6018337225916173,2.1249290032278725,3,18,0.8875919168150612,228,0,0,0,NORMAL
45.856,-1.5391455927166793,2.05928869038046,0.05191908401197889,512.0523927210863,997.2093786121187,996.4519343366223,DRIVE_TO_WAYPOINT,3,3,1,2.0,2.0,1,2,1,10,0,5.831226617830228,,,,-1.5391455927166793,2.05928869038046,-1.5279218123674716,2.0093918994397226,-1.5990367559412888,2.124958725732211,3,18,0.8912814764446292,228,0,0,0,NORMAL
45.984,-1.5103844005258813,2.06078328856606,0.05191910006080235,498.6263650420482,987.5007688471085,994.568321276918,DRIVE_TO_WAYPOINT,3,3,1,2.0,2.0,1,2,1,10,0,5.8600266178297495,,,,-1.5103844005258813,2.06078328856606,-1.4474677048505207,2.032853106403712,-1.5842696370337253,2.124910350242413,3,18,0.8374180968572769,228,0,0,0,NORMAL
46.112,-1.4816232083489866,2.0622778870156444,0.051919115426946036,498.03697953196087,996.9677309737671,999.0462535306798,DRIVE_TO_WAYPOINT,3,3,1,2.0,2.0,1,2,1,10,0,5.888826617829086,,,,-1.4816232083489866,2.0622778870156444,-1.430967432228348,2.04839169592732,-1.5543001877280511,2.124659026792791,3,18,0.7208317033020838,228,0,0,0,NORMAL
46.24,-1.4528620161841652,2.0637724857022763,0.051919127875597555,492.0487522521517,1000.0,1000.0,DRIVE_TO_WAYPOINT,3,3,1,2.0,2.0,1,2,1,10,0,5.917626617828666,,,,-1.4528620161841652,2.0637724857022763,-1.3788607466638463,2.006570674226655,-1.5240950092849088,2.1235772360794285,3,18,0.6032043826133945,228,0,0,0,NORMAL
46.368,-1.4288569258068522,2.065019929867557,0.05191913114158375,501.29397893351916,1000.0,996.4928243885696,TURN_TO_WAYPOINT,3,3,1,2.0,2.0,1,2,1,11,0,5.941664098582033,,,,-1.4288569258068522,2.065019929867557,-1.3689400770393108,2.039647467242926,-1.4652787793744424,2.123461071669638,4,18,0.594584816052347,229,0,0,0,NORMAL
46.496,-1.4105635392350258,2.0657046983952245,0.03689032738754451,513.530376071998,896.349416140198,988.8679538580342,DRIVE_TO_WAYPOINT,3,3,1,2.0,2.0,1,2,1,11,0,5.959970357549158,,,,-1.4105635392350258,2.0657046983952245,-1.5068203507284905,2.139322483408073,-1.3928993083956245,2.123351540310464,4,18,0.8527802043124991,229,0,0,0,NORMAL
46.624,-1.383916344949317,2.0666809176383545,0.036895648773306276,525.7907062700829,999.8118349676191,981.9249352581112,DRIVE_TO_WAYPOINT,3,3,1,2.0,2.0,1,2,1,11,0,5.98663542777991,,,,-1.383916344949317,2.0666809176383545,-1.4098747698485574,1.9973445929100533,-1.3630754038393191,2.1231930420866028,4,18,0.8913777810057516,230,0,0,0,NORMAL
46.752,-1.3584746949416155,2.0676170199067445,0.03689741209732344,513.8739931818141,1000.0,1000.0,DRIVE_TO_WAYPOINT,3,3,1,2.0,2.0,1,2,1,11,0,6.012094293486442,,,,-1.3584746949416155,2.0676170199067445,-1.4158803186729418,2.099146880909741,-1.358061163622948,2.1231136996091435,4,18,0.907528500836392,230,0,0,0,NORMAL
46.88,-1.3305946092572134,2.06864492701616,0.036897532176876593,515.4603009523236,1000.0,998.5544345023951,DRIVE_TO_WAYPOINT,3,3,1,2.0,2.0,1,2,1,11,0,6.039993321622715,,,,-1.3305946092572134,2.06864492701616,-1.3536118503843955,2.10795713283268,-1.3570214037595718,2.1203916491592034,4,18,0.9049195857576804,230,0,0,0,NORMAL
47.008,-1.30179146983616,2.0697076376005614,0.03689750476250849,512.1790093305743,993.6695715329441,997.9286216600681,DRIVE_TO_WAYPOINT,3,3,1,2.0,2.0,1,2,1,11,0,6.068816059076178,,,,-1.30179146983616,2.0697076376005614,-1.2081719260981578,2.166358994208457,-1.3469234604761948,2.12257104567109,4,18,0.8781327106371885,230,0,0,0,NORMAL
47.136,-1.273004107778616,2.0707700754662652,0.03689748698568243,499.1477038611644,1000.0,997.5320593787699,DRIVE_TO_WAYPOINT,3,3,1,2.0,2.0,1,2,1,11,0,6.097623019840088,,,,-1.273004107778616,2.0707700754662652,-1.3484414332701828,2.1902758508207474,-1.338227525346097,2.1208289976280432,4,18,0.8388295957970413,230,0,0,0,NORMAL
47.264,-1.2442211810156636,2.071832480281442,0.0368974731219441,502.4086497664862,1000.0,993.7568279495922,DRIVE_TO_WAYPOINT,3,3,1,2.0,2.0,1,2,1,11,0,6.126425547108251,,,,-1.2442211810156636,2.071832480281442,-1.2684782451377898,2.1312723970836482,-1.3040629705613127,2.120608748443545,4,18,0.7066085630405439,230,0,0,0,NORMAL
47.392,-1.2154398609390538,2.0728948809492658,0.03689746256038143,496.6303506699649,1000.0,993.9178029020486,DRIVE_TO_WAYPOINT,3,3,1,2.0,2.0,1,2,1,11,0,6.155226468630511,,,,-1.2154398609390538,2.0728948809492658,-1.1751829347049143,2.1977852107754066,-1.266269979683431,2.122930829927581,4,18,0.5682830691537347,230,0,0,0,NORMAL
47.52,-1.1866591274748417,2.073957283118651,0.03689745630362113,514.7658353610889,1000.0,1000.0,DRIVE_TO_WAYPOINT,3,3,1,2.0,2.0,1,2,1,11,0,6.18402680399501,,,,-1.1866591274748417,2.073957283118651,-1.176285478981562,2.1572258376743623,-1.2141936860248475,2.123569017095968,5,18,0.6032623553243562,231,0,0,0,NORMAL
47.648,-1.157878607833507,2.0750196870403164,0.03689745537956328,491.3633289098445,1000.0,994.5587052333022,DRIVE_TO_WAYPOINT,3,3,1,2.0,2.0,1,2,1,11,0,6.212826925746802,,,,-1.157878607833507,2.0750196870403164,-1.1459276613647538,2.110159530242169,-1.160082135082435,2.1218562481154444,5,18,0.7764943741109157,231,0,0,0,NORMAL
47.776,-1.1290981659603885,2.0760820921129715,0.03689746013973938,497.53021007165415,1000.0,1000.0,DRIVE_TO_WAYPOINT,3,3,1,2.0,2.0,1,2,1,11,0,6.2416269698257665,,,,-1.1290981659603885,2.0760820921129715,-0.9753383739084576,2.0164988810884474,-1.112606154727392,2.1221507038595746,5,18,0.8611570248819125,232,0,0,0,NORMAL
47.904,-1.1003177523034802,2.0771444978826046,0.036897470052603645,480.18606963887123,1000.0,1000.0,DRIVE_TO_WAYPOINT,3,3,1,2.0,2.0,1,2,1,11,0,6.2704269857334385,,,,-1.1003177523034802,2.0771444978826046,-1.1096264296513079,2.094677390093649,-1.1049134170915536,2.121984949837878,5,18,0.8854463748521574,232,0,0,0,NORMAL
48.032,-1.071537348858732,2.078206904118419,0.03689748376826138,493.97945055847913,993.6795066413346,985.3479157992863,DRIVE_TO_WAYPOINT,3,3,1,2.0,2.0,1,2,1,11,0,6.299226991453097,,,,-1.071537348858732,2.078206904118419,-1.1040454075663932,1.9887777220072604,-1.1095559740514638,2.120818709818049,5,18,0.9125978489345007,232,0,0,0,NORMAL
48.16,-1.0427569491021949,2.079269310719184,0.03689749933717422,487.26786038167023,992.2658213050489,993.8951656550449,DRIVE_TO_WAYPOINT,3,3,1,2.0,2.0,1,2,1,11,0,6.328026993500518,,,,-1.0427569491021949,2.079269310719184,-1.0952450850190307,2.0983506988119007,-1.108229320634397,2.1203296975343218,5,18,0.912035866341726,232,0,0,0,NORMAL
48.288,-1.0139765506764864,2.0803317176312084,0.03689751451491205,490.7443316136315,1000.0,1000.0,DRIVE_TO_WAYPOINT,3,3,1,2.0,2.0,1,2,1,11,0,6.356826994229497,,,,-1.0139765506764864,2.0803317176312084,-0.9895185822027432,2.068179038756534,-1.0877467096442657,2.122563024327996,5,18,0.8428801034618041,232,0,0,0,NORMAL
48.416,-0.9851961527316623,2.0813941248023853,0.036897527102156394,493.6580022004112,991.2570191808032,994.9324096854741,DRIVE_TO_WAYPOINT,3,3,1,2.0,2.0,1,2,1,11,0,6.38562699448748,,,,-0.9851961527316623,2.0813941248023853,-0.9725856514188005,2.021688184468987,-1.0947176594514818,2.1229797402400754,5,18,0.8720180094692296,232,0,0,0,NORMAL
48.544,-0.9564157549610973,2.0824565321636177,0.036897535271296654,480.58257153574846,998.2371226196138,990.2721060470235,DRIVE_TO_WAYPOINT,3,3,1,2.0,2.0,1,2,1,11,0,6.414426994578334,,,,-0.9564157549610973,2.0824565321636177,-0.9172496086422359,2.1775973965298925,-1.0925042735157906,2.1229571183516955,5,18,0.8633350708684789,232,0,0,0,NORMAL
48.672,-0.9276353572531677,2.0835189396270524,0.036897537835415765,481.6082474868994,1000.0,1000.0,DRIVE_TO_WAYPOINT,3,3,1,2.0,2.0,1,2,1,11,0,6.443226994610365,,,,-0.9276353572531677,2.0835189396270524,-0.8234975617825803,2.0988341687704715,-1.0299949581553314,2.121639568357808,5,18,0.6184475634204347,232,0,0,0,NORMAL
48.8,-0.898854959566001,2.084581347093741,0.03689753442205869,484.22786075572657,1000.0,717.4273070424615,DRIVE_TO_WAYPOINT,3,3,1,2.0,2.0,1,2,1,11,0,6.472026994621767,,,,-0.898854959566001,2.084581347093741,-0.8384989410650188,2.1309824861847946,-0.9583892916205283,2.1212277883295583,6,18,0.6099751178884264,233,0,0,0,NORMAL
48.928,-0.8700745618827472,2.085643754465869,0.03689752552783908,475.3199276458467,1000.0,693.7077591799604,DRIVE_TO_WAYPOINT,3,3,1,2.0,2.0,1,2,1,11,0,6.50082699462577,,,,-0.8700745618827472,2.085643754465869,-0.8925115730615594,2.0887290478865133,-0.8712346113568918,2.1217768472375824,6,18,0.8183014583758171,233,0,0,0,NORMAL
49.056,-0.8412941641958022,2.086706161660083,0.036897512446280305,471.6722976111727,1000.0,645.8099687231203,DRIVE_TO_WAYPOINT,3,3,1,2.0,2.0,1,2,1,11,0,6.529626994626899,,,,-0.8412941641958022,2.086706161660083,-0.9713219980218519,2.0653938483329957,-0.8577546859822964,2.1228146690517335,6,18,0.8751771250592308,233,0,0,0,NORMAL
49.184,-0.8125137665014042,2.087768568619232,0.03689749707975772,487.7594400174693,984.850715797347,625.9013429031281,DRIVE_TO_WAYPOINT,3,3,1,2.0,2.0,1,2,1,11,0,6.558426994626805,,,,-0.8125137665014042,2.087768568619232,-0.780917672007519,2.1588679520695258,-0.8404697818488245,2.123985423584451,6,18,0.8506665879030654,233,0,0,0,NORMAL
49.312,-0.7837333687979235,2.0888309753205174,0.036897481662906156,483.28792831570706,999.8348362661811,589.255688161861,DRIVE_TO_WAYPOINT,3,3,1,2.0,2.0,1,2,1,11,0,6.587226994626274,,,,-0.7837333687979235,2.0888309753205174,-0.813933280175456,2.147180397507165,-0.8350188217365319,2.1239456109244426,6,18,0.8357427451291951,233,0,0,0,NORMAL
49.44,-0.7549529710854012,2.089893381778723,0.03689746843775371,483.2275254234101,1000.0,562.3819299064245,DRIVE_TO_WAYPOINT,3,3,1,2.0,2.0,1,2,1,11,0,6.616026994625813,,,,-0.7549529710854012,2.089893381778723,-0.7478440179981803,2.236595081535643,-0.8300686611936716,2.123717590925077,6,18,0.8168574298147143,233,0,0,0,NORMAL
49.568,-0.7261725733653998,2.0909557880440146,0.036897459327670586,459.18394849793066,1000.0,523.5789056570393,DRIVE_TO_WAYPOINT,3,3,1,2.0,2.0,1,2,1,11,0,6.644826994625707,,,,-0.7261725733653998,2.0909557880440146,-0.7636738118991436,1.983101757802183,-0.787343463268763,2.1237117580945757,6,18,0.6515896510254562,233,0,0,0,NORMAL
49.696,-0.6973921756407762,2.0920181941946123,0.03689745565765048,458.1640382720511,1000.0,496.93333981056736,DRIVE_TO_WAYPOINT,3,3,1,2.0,2.0,1,2,1,11,0,6.673626994625991,,,,-0.6973921756407762,2.0920181941946123,-0.7180426625905557,2.0550354577496814,-0.7408508165040314,2.1205322310522603,7,18,0.5027012386422843,234,0,0,0,NORMAL
49.824,-0.6686117779152381,2.0930806003253943,0.036897457961596596,466.55085235441726,997.1419548321568,466.62634541594684,DRIVE_TO_WAYPOINT,3,3,1,2.0,2.0,1,2,1,11,0,6.702426994626457,,,,-0.6686117779152381,2.0930806003253943,-0.6926977399732351,2.147571023880739,-0.7049481595098281,2.122393988437898,7,18,0.638497151693151,234,0,0,0,NORMAL
49.952,-0.6398313801927071,2.0941430065341033,0.03689746590453638,461.6690065809578,1000.0,423.8477164261469,DRIVE_TO_WAYPOINT,3,3,1,2.0,2.0,1,2,1,11,0,6.731226994626794,,,,-0.6398313801927071,2.0941430065341033,-0.6697212414078887,2.00891719426677,-0.6640530822371344,2.1238714176497524,7,18,0.7814214279012832,234,0,0,0,NORMAL
50.08,-0.6110509824766149,2.0952054129071453,0.03689747833132773,448.3738883403691,998.9786793345645,394.8292548210845,DRIVE_TO_WAYPOINT,3,3,1,2.0,2.0,1,2,1,11,0,6.760026994626758,,,,-0.6110509824766149,2.0952054129071453,-0.5699503920201695,2.0640542383968303,-0.639442124948992,2.1209311513693865,7,18,0.854967496848654,234,0,0,0,NORMAL
50.208,-0.5822705847693028,2.0962678195070414,0.03689749343461708,461.4990443001313,999.5808049163215,368.4204514207056,DRIVE_TO_WAYPOINT,3,3,1,2.0,2.0,1,2,1,11,0,6.788826994626317,,,,-0.5822705847693028,2.0962678195070414,-0.4964203500366101,2.0840866698390053,-0.6248970533233752,2.1219940189618156,7,18,0.9027856694958784,234,0,0,0,NORMAL
50.336,-0.5534901870716679,2.097330226363347,0.03689750901773726,461.99890077534553,1000.0,340.735546108622,DRIVE_TO_WAYPOINT,3,3,1,2.0,2.0,1,2,1,11,0,6.8176269946256625,,,,-0.5534901870716679,2.097330226363347,-0.5233878521830042,2.1769414688778994,-0.5995203431793377,2.1227856809530383,7,18,0.8759104815916975,234,0,0,0,NORMAL
50.464,-0.5247097893831122,2.098392633468348,0.03689752281428672,454.41746054164827,1000.0,319.69048944473457,DRIVE_TO_WAYPOINT,3,3,1,2.0,2.0,1,2,1,11,0,6.84642699462511,,,,-0.5247097893831122,2.098392633468348,-0.5199233124641495,2.074360109223825,-0.5760970291870054,2.12308037772708,7,18,0.7978277760147892,234,0,0,0,NORMAL
50.592,-0.4959293917017602,2.0994550407781682,0.036897532817774664,461.5163335374869,992.2718673197539,321.5984641686925,DRIVE_TO_WAYPOINT,3,3,1,2.0,2.0,1,2,1,11,0,6.875226994624915,,,,-0.4959293917017602,2.0994550407781682,-0.5601842025778782,2.1143905285546385,-0.5986007211260328,2.122962427943738,7,18,0.8865284084461948,234,0,0,0,NORMAL
50.72,-0.46714899402483595,2.1005174482191316,0.036897537573477315,448.07464456366176,1000.0,315.15143475552543,DRIVE_TO_WAYPOINT,3,3,1,2.0,2.0,1,2,1,11,0,6.904026994625133,,,,-0.46714899402483595,2.1005174482191316,-0.48133668956586323,2.109673580573902,-0.5881665149239884,2.1226367069324894,7,18,0.8450868217916397,234,0,0,0,NORMAL
50.848,-0.43836859634909037,2.101579855698464,0.036897536389896984,438.90837831396584,996.266915095985,321.61261537986616,DRIVE_TO_WAYPOINT,3,3,1,2.0,2.0,1,2,1,11,0,6.9328269946255885,,,,-0.43836859634909037,2.101579855698464,-0.4996744335318029,2.0355075998721874,-0.5872025569937864,2.12316076939344,7,18,0.8432692861486641,234,0,0,0,NORMAL
50.976,-0.40958819867120094,2.1026422631177906,0.036897529439282616,454.5926607987074,999.8775690201185,335.99743027136424,DRIVE_TO_WAYPOINT,3,3,1,2.0,2.0,1,2,1,11,0,6.961626994625973,,,,-0.40958819867120094,2.1026422631177906,-0.5095168482218532,2.1551946694196698,-0.5494884217233357,2.121564450568302,7,18,0.6919945419752715,234,0,0,0,NORMAL
51.104,-0.38080780098812694,2.1037046703874545,0.03689751773251905,445.8386515195083,1000.0,323.5526017386338,DRIVE_TO_WAYPOINT,3,3,1,2.0,2.0,1,2,1,11,0,6.9904269946260165,,,,-0.38080780098812694,2.1037046703874545,-0.2707049788480175,2.0947090164697237,-0.46565397829902605,2.1228538852185515,8,18,0.5853305383537659,235,0,0,0,NORMAL
51.232,-0.35678668100768535,2.104591392348912,0.03689750736413358,450.2651384816286,990.5618096970121,317.213577219782,TURN_TO_WAYPOINT,3,3,1,2.0,2.0,1,2,1,12,0,7.014464475379035,,,,-0.35678668100768535,2.104591392348912,-0.36438578638515606,2.2337673660287023,-0.3922449893815079,2.1235037001773893,8,18,0.8053168836141824,235,0,0,0,NORMAL
51.36,-0.33848505491560743,2.1050013030880783,0.02186902702102368,462.136147670327,915.6826417092317,326.1234062053934,DRIVE_TO_WAYPOINT,3,3,1,2.0,2.0,1,2,1,12,0,7.03277075193537,,,,-0.33848505491560743,2.1050013030880783,-0.2786394490736736,2.1466928504493428,-0.373172704699536,2.124156689911138,8,18,0.9097120163890928,235,0,0,0,NORMAL
51.488,-0.31182619093651187,2.105577152714378,0.021874355567838226,448.29432525485254,995.8966497596226,1000.0,DRIVE_TO_WAYPOINT,3,3,1,2.0,2.0,1,2,1,12,0,7.059435834619442,,,,-0.31182619093651187,2.105577152714378,-0.2582324941421664,2.1446065782098787,-0.36187510484566954,2.123815448895346,8,18,0.917642585651105,237,0,0,0,NORMAL
51.616,-0.28637333546417043,2.106130998282287,0.021876121548607637,463.4878013397157,1000.0,996.037484987505,DRIVE_TO_WAYPOINT,3,3,1,2.0,2.0,1,2,1,12,0,7.084894715134913,,,,-0.28637333546417043,2.106130998282287,-0.22997653454636094,2.112045513758198,-0.3458754837847645,2.1243070317004418,8,18,0.8767807411661959,239,0,0,0,NORMAL
51.744,-0.2584809636004621,2.1067400108814986,0.02187624544809223,450.7636618184139,1000.0,1000.0,DRIVE_TO_WAYPOINT,3,3,1,2.0,2.0,1,2,1,12,0,7.112793734914876,,,,-0.2584809636004621,2.1067400108814986,-0.33601722786564303,2.096917962109059,-0.3533287681930418,2.123979620602651,8,18,0.9078598813471311,239,0,0,0,NORMAL
51.872,-0.22966512737022668,2.1073699580995737,0.02187622871571606,449.5224857165675,1000.0,1000.0,DRIVE_TO_WAYPOINT,3,3,1,2.0,2.0,1,2,1,12,0,7.141616456007128,,,,-0.22966512737022668,2.1073699580995737,-0.2372338742297474,2.0727278535506417,-0.3160832993712493,2.1240696472329414,8,18,0.7630776618769408,239,0,0,0,NORMAL
52.0,-0.2008650607979701,2.107999870049781,0.021876228433752632,447.9479902657884,999.3110092360689,993.5536623182044,DRIVE_TO_WAYPOINT,3,3,1,2.0,2.0,1,2,1,12,0,7.170423410438903,,,,-0.2008650607979701,2.107999870049781,-0.26916496664375966,2.1745957853442186,-0.327147022299741,2.1244972916410716,8,18,0.8078736259086956,239,0,0,0,NORMAL
52.128,-0.17206942555887036,2.1086298159820087,0.021876236630172317,451.108027202464,984.8816224311114,1000.0,DRIVE_TO_WAYPOINT,3,3,1,2.0,2.0,1,2,1,12,0,7.199225935340399,,,,-0.17206942555887036,2.1086298159820087,-0.1506240517418515,2.108855993132358,-0.294328191031067,2.123768402323983,8,18,0.6771102092695581,239,0,0,0,NORMAL
52.256,-0.14327539541309348,2.1092597823122157,0.021876249613867204,440.9381855389936,992.7063409053719,996.8507818679054,DRIVE_TO_WAYPOINT,3,3,1,2.0,2.0,1,2,1,12,0,7.228026855978691,,,,-0.14327539541309348,2.1092597823122157,-0.17035040474785795,2.0892051759464856,-0.22732643835871846,2.124711619300616,9,18,0.5552333586482939,240,0,0,0,NORMAL
52.384,-0.11448195124650218,2.109889759348435,0.02187626501783146,449.6166574914585,999.1939890409664,1000.0,DRIVE_TO_WAYPOINT,3,3,1,2.0,2.0,1,2,1,12,0,7.2568271910121736,,,,-0.11448195124650218,2.109889759348435,-0.12638123755058667,2.0011168128356474,-0.1900803918552238,2.124813382093769,9,18,0.6958663653592939,240,0,0,0,NORMAL
52.512,-0.08568872065328274,2.110519741681059,0.021876280742668765,444.6192019662959,1000.0,1000.0,DRIVE_TO_WAYPOINT,3,3,1,2.0,2.0,1,2,1,12,0,7.285627312639238,,,,-0.08568872065328274,2.110519741681059,-0.09875680656088977,2.073212594559764,-0.19368142091717633,2.124722793895021,9,18,0.7006557903987451,240,0,0,0,NORMAL
52.64,-0.05689556772984809,2.1111497265616497,0.021876294728033072,428.17041649648434,989.5941802522063,1000.0,DRIVE_TO_WAYPOINT,3,3,1,2.0,2.0,1,2,1,12,0,7.314427356670836,,,,-0.05689556772984809,2.1111497265616497,-0.06871868225359169,2.0334800750694875,-0.12126299351978125,2.124939782223309,9,18,0.8604243900482049,242,0,0,0,NORMAL
52.768,-0.02810244298150954,2.1117797126571785,0.021876305104594457,430.07561322410373,992.4436951460001,995.5491113151367,DRIVE_TO_WAYPOINT,3,3,1,2.0,2.0,1,2,1,12,0,7.343227372560657,,,,-0.02810244298150954,2.1117797126571785,-0.024112009685427493,2.181153945378577,-0.11026662965921227,2.124987990651679,9,18,0.9007478265913681,243,0,0,0,NORMAL
52.896,0.0006906715756375085,2.1124096993187638,0.021876310456794352,444.44242468361637,994.2564949002357,999.5851905721629,DRIVE_TO_WAYPOINT,3,3,1,2.0,2.0,1,2,1,12,0,7.372027378274107,,,,0.0006906715756375085,2.1124096993187638,0.07814602808671703,2.1236949027879284,-0.08113024211075835,2.1249985884714895,9,18,0.8212037757948849,243,0,0,0,NORMAL
53.024,0.029483782459359908,2.1130396862075513,0.021876310052296476,444.7911184325372,989.4687075441261,996.8081757696453,DRIVE_TO_WAYPOINT,3,3,1,2.0,2.0,1,2,1,12,0,7.400827380319982,,,,0.029483782459359908,2.1130396862075513,0.05595104716961026,2.0487955437131333,-0.06930196241690949,2.124999574550525,9,18,0.7785943372506798,243,0,0,0,NORMAL
53.152,0.058276892025347846,2.113669673122959,0.021876303970342764,443.63818426848167,1000.0,993.4343364140245,DRIVE_TO_WAYPOINT,3,3,1,2.0,2.0,1,2,1,12,0,7.42962738104902,,,,0.058276892025347846,2.113669673122959,0.06780932056774468,2.1007976928390937,-0.0452267021348023,2.1249997597775514,9,18,0.6851895551235445,243,0,0,0,NORMAL
53.28,0.08707000112263329,2.1142996599329407,0.02187629310365803,452.249348595569,1000.0,1000.0,DRIVE_TO_WAYPOINT,3,3,1,2.0,2.0,1,2,1,12,0,7.458427381307161,,,,0.08707000112263329,2.1142996599329407,0.04707169898715158,2.1045081308116464,0.02065310135632387,2.12499829515168,10,18,0.5483636216244336,244,0,0,0,NORMAL
53.408,0.1158631100564152,2.1149296465507117,0.02187627903555158,433.0885895008704,996.613818039053,1000.0,DRIVE_TO_WAYPOINT,3,3,1,2.0,2.0,1,2,1,12,0,7.487227381397632,,,,0.1158631100564152,2.1149296465507117,0.1142048314517192,2.1780638260898453,0.08297836524789759,2.1249874523691497,10,18,0.7583150732702124,244,0,0,0,NORMAL
53.536,0.1398948392455042,2.1154554551696676,0.02187626902245646,440.5277434002038,997.180078173438,995.1650481344207,TURN_TO_WAYPOINT,3,3,1,2.0,2.0,1,2,1,13,0,7.511264862183304,,,,0.1398948392455042,2.1154554551696676,0.1604247804146456,2.135887908912539,0.16073845977674817,2.1249539201899257,10,18,0.8130508832269872,245,0,0,0,NORMAL
53.664,0.1582005593384185,2.1155904226514397,0.006848141047925178,444.6674210695748,333.94882642551215,989.6280984905803,DRIVE_TO_WAYPOINT,3,3,1,2.0,2.0,1,2,1,13,0,7.5295711403723615,,,,0.1582005593384185,2.1155904226514397,0.08473477737629344,2.1203892755817995,0.16580727308025214,2.124971716303321,10,18,0.8298646982042936,245,0,0,0,NORMAL
53.792,0.18486506707633982,2.115765783360266,0.006853497984282959,468.55374889186226,301.77953610260084,1000.0,DRIVE_TO_WAYPOINT,3,3,1,2.0,2.0,1,2,1,13,0,7.556236224797221,,,,0.18486506707633982,2.115765783360266,0.2023156438049516,2.1416148038131433,0.14830789363865843,2.124942820784898,10,18,0.9036888268062039,245,0,0,0,NORMAL
53.92,0.2056655341484584,2.115905323169075,0.006854788627060149,456.62102518877947,297.8577731674893,998.6645181272108,CONFIRM_OBSTACLE,3,3,1,2.0,2.0,1,2,1,13,0,7.577037159951372,OBSTACLE_DETECTED,,,0.2056655341484584,2.115905323169075,0.16538284332351982,2.227382708907436,0.15663659701969,2.1248465171653383,10,18,0.8734451800052921,245,0,0,0,NORMAL
54.048,0.21123220306430407,2.115942221347663,0.006854719093181586,451.23322515054946,296.45240402600905,725.1147827033674,CONFIRM_OBSTACLE,3,3,1,2.0,2.0,1,2,1,13,0,7.582603951159671,,,,0.21123220306430407,2.115942221347663,0.0010239586476232243,2.096056384405156,0.13582126348055176,2.1249646236285424,10,18,0.9563808711612324,245,0,0,0,NORMAL
54.176,0.21613646262588043,2.1159753247236086,0.006854977901561628,406.4887246310685,279.99395782334494,432.51917753871777,CONFIRM_OBSTACLE,3,3,1,2.0,2.0,1,2,1,13,0,7.587508322443988,,,,0.21613646262588043,2.1159753247236086,0.15949789909644935,2.0056360914365774,0.12861003244683222,2.124990968065435,10,18,0.9854010312359894,245,0,0,0,NORMAL
54.304,0.21438669588875883,2.115963136014309,0.006855261266044006,465.91021859140255,287.3672860087683,517.3295165805515,CONFIRM_OBSTACLE,3,3,1,2.0,2.0,1,2,1,13,0,7.589258131633689,,,,0.21438669588875883,2.115963136014309,0.2085366931697485,2.038355163851089,0.12728767466441332,2.1249982494748747,10,18,0.9908123890833719,245,0,0,0,NORMAL
54.432,0.2123428943073336,2.1159490283670492,0.006855382658459319,458.8192386612295,281.98511580465197,647.094080535108,TURN_TO_WAYPOINT,1,12,1,2.0,2.0,2,3,2,13,0,7.591301981904819,TEMPORARY_OBSTACLE_ADDED|PATH_PLANNED,0.6649113614507463,2.1286886371407734,0.2123428943073336,2.1159490283670492,0.1871242938272232,2.117210396039845,0.1267890161524062,2.12499955552622,10,18,0.9928370414656755,245,0,0,0,NORMAL
54.56,0.20976474448621654,2.1160216673155605,0.051892339080878216,411.1560777571387,764.0152886832249,900.747378748137,TURN_TO_WAYPOINT,1,12,1,2.0,2.0,2,3,2,13,0,7.593882130444551,,,,0.20976474448621654,2.1160216673155605,0.13288275444935732,2.209868764247324,0.1268054724509299,2.1249998417502685,10,18,0.992777117569396,245,0,0,0,NORMAL
54.688,0.20634533632405597,2.1158684040136513,0.1120218438023187,341.51438606432333,1000.0,1000.0,TURN_TO_WAYPOINT,1,12,1,2.0,2.0,2,3,2,13,0,7.597305979597725,,,,0.20634533632405597,2.1158684040136513,0.07029171743309753,2.114279522317149,0.1260073353044072,2.1249999604603667,10,18,0.9959703986022177,245,0,0,0,NORMAL
54.816,0.2017266335574048,2.115274669511206,0.17216970811160295,315.1660828845319,1000.0,316.44553203105744,TURN_TO_WAYPOINT,1,12,1,2.0,2.0,2,3,2,13,0,7.601963831210571,,,,0.2017266335574048,2.115274669511206,0.24301006563619496,2.174011697926755,0.12542931393612025,2.124999992118636,10,18,0.9982826551446619,245,0,0,0,NORMAL
54.944,0.20174974476156474,2.1152969614807797,0.2336871740914371,266.6070699686906,990.0908393064867,289.40982348269216,TURN_TO_WAYPOINT,1,12,1,2.0,2.0,2,3,2,13,0,7.602292037027675,,,,0.20174974476156474,2.1152969614807797,0.33953675969499647,2.106974704030441,0.12528746011902395,2.124999997293389,10,18,0.9988501401656381,245,0,0,0,NORMAL
55.072,0.2018720021071877,2.1153460345777533,0.2938349213271864,233.5557685717528,1000.0,279.70002584998736,TURN_TO_WAYPOINT,1,12,1,2.0,2.0,2,3,2,13,0,7.60242407647095,,,,0.2018720021071877,2.1153460345777533,0.21844128398284154,2.1204498386998187,0.12528010390292163,2.124999998824153,10,18,0.998879581501678,245,0,0,0,NORMAL
55.2,0.20192607950894675,2.1153847435611364,0.3540386229644114,197.75245014691257,851.378867475723,257.75351826986775,TURN_TO_WAYPOINT,1,12,1,2.0,2.0,2,3,2,13,0,7.6024907500886245,,,,0.20192607950894675,2.1153847435611364,0.1450395610130395,2.104954024456909,0.1251440634317302,2.124999999639885,10,18,0.99942374545674,245,0,0,0,NORMAL
55.328,0.20195058009943093,2.1154171966955135,0.41425071113950745,180.83654345549806,705.6778884192278,259.2620097846129,TURN_TO_WAYPOINT,1,12,1,2.0,2.0,2,3,2,13,0,7.60253159631729,,,,0.20195058009943093,2.1154171966955135,0.2304193372793255,2.2069305631464,0.12509158485211982,2.1249999998589435,10,18,0.9996336604048726,245,0,0,0,NORMAL
55.456,0.20195849890979561,2.115446084183983,0.4744516829305364,163.141707064042,596.8292062340861,265.3601069905989,TURN_TO_WAYPOINT,1,12,1,2.0,2.0,2,3,2,13,0,7.60256177227565,,,,0.20195849890979561,2.115446084183983,0.19159813585872576,2.0856713457497493,0.12507714943853,2.124999999970364,10,18,0.9996914022136839,245,0,0,0,NORMAL
55.584,0.2019522122402592,2.1154728370860134,0.5346388038761057,135.5470767508697,502.04132759719414,258.33906770299467,TURN_TO_WAYPOINT,1,12,1,2.0,2.0,2,3,2,13,0,7.602589536834089,,,,0.2019522122402592,2.1154728370860134,0.1614266240582371,1.9989693914591133,0.12503360123535787,2.12499999999449,10,18,0.9998655950478244,245,0,0,0,NORMAL
55.712,0.20193278672860762,2.1154980481325034,0.594813225967346,130.453287417565,430.89365028594005,993.7309663803644,TURN_TO_WAYPOINT,1,12,1,2.0,2.0,2,3,2,13,0,7.602621462428805,,,,0.20193278672860762,2.1154980481325034,0.2026291530069583,2.227228899713081,0.12505008926758365,2.1249999999975775,10,18,0.9997996429286182,245,0,0,0,NORMAL
55.84,0.20287136193614008,2.1178259291685557,0.6547168185030611,115.07687677010867,386.70425561799567,1000.0,TURN_TO_WAYPOINT,1,12,1,2.0,2.0,2,3,2,13,0,7.605188367581282,,,,0.20287136193614008,2.1178259291685557,0.27618879467052865,2.104604571002662,0.12504683842926326,2.124999999999207,10,18,0.9998126462827843,245,0,0,0,NORMAL
55.968,0.2044580457196367,2.120705365949317,0.7147444648876864,102.91075108349628,327.4372859461378,1000.0,TURN_TO_WAYPOINT,1,12,1,2.0,2.0,2,3,2,13,0,7.60847830937841,,,,0.2044580457196367,2.120705365949317,0.19591599081465863,2.0638005104570145,0.12506031931113196,2.1249999999996927,10,18,0.999758722755454,245,0,0,0,NORMAL
56.096,0.20521201241915396,2.1231005243769703,0.7748414403822863,93.1867298652144,272.1654746228933,1000.0,TURN_TO_WAYPOINT,1,12,1,2.0,2.0,2,3,2,13,0,7.610995995821356,,,,0.20521201241915396,2.1231005243769703,0.2323125456388714,2.1179988144510533,0.12506305339774793,2.124999999999894,10,18,0.9997477864090059,245,0,0,0,NORMAL
56.224,0.20498461862545478,2.1247550001958837,0.8376162474421801,82.71421335609101,249.78916406148252,946.2734816608987,TURN_TO_WAYPOINT,1,12,1,2.0,2.0,2,3,2,13,0,7.61271317863246,,,,0.20498461862545478,2.1247550001958837,0.20023846223718636,2.0704259835915635,0.1250741421851141,2.124999999999986,10,18,0.9997034312595433,245,0,0,0,NORMAL
56.352,0.20409451281538935,2.1258013071443,0.9030163750062239,84.5606057661075,218.6512849098059,742.9235367145,TURN_TO_WAYPOINT,1,12,1,2.0,2.0,2,3,2,13,0,7.614087044881907,,,,0.20409451281538935,2.1258013071443,0.21535661905683035,2.118867421745142,0.12504300895905296,2.1249999999999964,10,18,0.9998279641637882,245,0,0,0,NORMAL
56.48,0.2036412037222048,2.1257737439331987,0.9645405942807074,88.89955960696375,205.6532393736179,598.7193860104777,TURN_TO_WAYPOINT,1,12,1,2.0,2.0,2,3,2,13,0,7.614797944121923,,,,0.2036412037222048,2.1257737439331987,0.26840024660431755,2.0759226166697675,0.12502672170655915,2.124999999999999,10,18,0.9998931131737633,245,0,0,0,NORMAL
56.608,0.20276593660208098,2.1245271502184924,1.0247210687738777,87.22910382870224,181.5253930572707,506.9270734315217,TURN_TO_WAYPOINT,1,12,1,2.0,2.0,2,3,2,13,0,7.61632151480812,,,,0.20276593660208098,2.1245271502184924,0.2548800622629418,2.194984820970013,0.12501316329872492,2.1249999999999996,10,18,0.9999473468051003,245,0,0,0,NORMAL
56.736,0.20131077176120266,2.122059605794962,1.0848800549343753,77.58320810967743,169.10435994452135,426.7102574717443,TURN_TO_WAYPOINT,1,12,1,2.0,2.0,2,3,2,13,0,7.6191868633507305,,,,0.20131077176120266,2.122059605794962,0.1472299859857084,2.2155513727632745,0.12501186344051965,2.1249999999999996,10,18,0.9999525462379213,245,0,0,0,NORMAL
56.864,0.200994631440843,2.121471057453574,1.145105215265264,83.44868615855907,163.13498011816787,364.2792789917802,TURN_TO_WAYPOINT,1,12,1,2.0,2.0,2,3,2,13,0,7.620440164439719,,,,0.200994631440843,2.121471057453574,0.06016771048938796,2.0673709022272844,0.1250039494356805,2.1249999999999996,10,18,0.999984202257278,245,0,0,0,NORMAL
56.992,0.20108384115876157,2.1217170200999207,1.2052441325929146,96.63047426654988,141.50062600821877,320.8218794939489,TURN_TO_WAYPOINT,1,12,1,2.0,2.0,2,3,2,13,0,7.620702112121642,,,,0.20108384115876157,2.1217170200999207,0.35426522139516237,2.1473092317310085,0.12500235717620325,2.1249999999999996,10,18,0.9999905712951869,245,0,0,0,NORMAL
57.12,0.2010943612135211,2.1218191832800413,1.2653778403468265,80.0254508603134,144.01979428224493,279.7300178347892,TURN_TO_WAYPOINT,1,12,1,2.0,2.0,2,3,2,13,0,7.620805280455474,,,,0.2010943612135211,2.1218191832800413,0.1548599736177384,2.1505437379222823,0.12500204935718537,2.1250000000000004,10,18,0.9999918025712586,245,0,0,0,NORMAL
57.248,0.20107804709643365,2.121862620410886,1.3255064736550757,95.20832483254502,112.9858893150842,250.15500703610383,TURN_TO_WAYPOINT,1,12,1,2.0,2.0,2,3,2,13,0,7.620852242606757,,,,0.20107804709643365,2.121862620410886,0.290262640265881,2.256341675130688,0.12500105069128772,2.125,10,18,0.9999957972348491,245,0,0,0,NORMAL
57.376,0.2010529430504857,2.121882413119289,1.3856299027779606,111.04163708201361,139.36904440910865,218.43568526598202,TURN_TO_WAYPOINT,1,12,1,2.0,2.0,2,3,2,13,0,7.6208844612851925,,,,0.2010529430504857,2.121882413119289,0.21083480503142574,2.1489089478028958,0.12500132802391734,2.125,10,18,0.9999946879043305,245,0,0,0,NORMAL
57.504,0.2010249559053897,2.12189208656353,1.4457478109433517,115.14776333439337,127.13466280398328,188.95853452445934,TURN_TO_WAYPOINT,1,12,1,2.0,2.0,2,3,2,13,0,7.620914134015703,,,,0.2010249559053897,2.12189208656353,0.251041499920966,2.136655471055909,0.12500098010289482,2.125,10,18,0.9999960795884207,245,0,0,0,NORMAL
57.632,0.20099600972854748,2.12189681756589,1.5058598230185027,131.55536586767093,122.82979402231976,156.2401016194393,TURN_TO_WAYPOINT,1,12,1,2.0,2.0,2,3,2,13,0,7.6209434820939,,,,0.20099600972854748,2.12189681756589,0.10055172826933469,2.0613313631331094,0.12500054254156842,2.125,10,18,0.9999978298337262,245,0,0,0,NORMAL
57.76,0.20096675659488147,2.121898577507813,1.565965559859391,134.322625246033,128.4239808600494,165.72105441245697,TURN_TO_WAYPOINT,1,12,1,2.0,2.0,2,3,2,13,0,7.620972796273764,,,,0.20096675659488147,2.121898577507813,0.1708714564619867,2.169972478227257,0.1250003443022228,2.125,10,18,0.999998622791109,245,0,0,0,NORMAL
57.888,0.2009374562330208,2.1218981154890137,1.6260680549052677,155.602830755521,128.0981963598523,138.9439018523129,TURN_TO_WAYPOINT,1,12,1,2.0,2.0,2,3,2,13,0,7.6210021057741875,,,,0.2009374562330208,2.1218981154890137,0.244160083757954,2.150921756648433,0.12500048977102896,2.125,10,18,0.9999980409158842,245,0,0,0,NORMAL
58.016,0.20090824438421315,2.1218957181222304,1.6861773009569505,182.624491372222,130.97774276546113,139.12028169180496,TURN_TO_WAYPOINT,1,12,1,2.0,2.0,2,3,2,13,0,7.621031420473362,,,,0.20090824438421315,2.1218957181222304,0.28430746285909614,2.0171249161933917,0.12500040308802166,2.125,10,18,0.9999983876479133,245,0,0,0,NORMAL
58.144,0.20087923534881644,2.1218915008745505,1.7462948093868986,203.78597146610744,136.19152170545757,114.36737888965442,TURN_TO_WAYPOINT,1,12,1,2.0,2.0,2,3,2,13,0,7.621060738791617,,,,0.20087923534881644,2.1218915008745505,0.2339113701905292,2.1726674083197937,0.12500019515643493,2.125,10,18,0.9999992193742603,245,0,0,0,NORMAL
58.272,0.20085053472622025,2.121885518979118,1.8064200057310718,230.0301184604631,133.5365681522448,114.46794244494998,TURN_TO_WAYPOINT,1,12,1,2.0,2.0,2,3,2,13,0,7.621090060402094,,,,0.20085053472622025,2.121885518979118,0.180700786287118,2.0566927145360876,0.1250000982794809,2.1250000000000004,10,18,0.9999996068820765,245,0,0,0,NORMAL
58.4,0.2008222277481164,2.1218769939227684,1.8665566124673316,264.174221936473,147.75427458715833,98.98085564122852,TURN_TO_WAYPOINT,1,12,1,2.0,2.0,2,3,2,13,0,7.621119674380149,,,,0.2008222277481164,2.1218769939227684,0.18432445778740636,2.1030002392630807,0.12500006899842134,2.125,10,18,0.9999997240063146,245,0,0,0,NORMAL
58.528,0.20079436821864732,2.1218563326485897,1.926749358957562,310.11068625090405,140.9940300151852,96.78982280770394,TURN_TO_WAYPOINT,1,12,1,2.0,2.0,2,3,2,13,0,7.621154517592818,,,,0.20079436821864732,2.1218563326485897,0.2501155433747559,2.2003230323122813,0.125000035763329,2.125,10,18,0.999999856946684,245,0,0,0,NORMAL
58.656,0.2007672284363267,2.12182807080566,1.9869565587960591,347.0739622986273,166.56579579827556,93.36362340568502,TURN_TO_WAYPOINT,1,12,1,2.0,2.0,2,3,2,13,0,7.621193701663809,,,,0.2007672284363267,2.12182807080566,0.22015664186788356,2.0996395009302398,0.1250000114902942,2.125,10,18,0.9999999540388232,245,0,0,0,NORMAL
58.784,0.20042880789954184,2.1224446347027324,2.0496771863401197,410.95351608297943,185.1030771668987,108.10197352529363,TURN_TO_WAYPOINT,1,12,1,2.0,2.0,2,3,2,13,0,7.6219222893239635,,,,0.20042880789954184,2.1224446347027324,0.27788108166284936,2.1085478738281327,0.12500001038159306,2.125,10,18,0.9999999584736278,245,0,0,0,NORMAL
58.912,0.1989481950183096,2.12508170307193,2.115001692000141,497.6078536827463,172.16592655837835,84.62814917477678,TURN_TO_WAYPOINT,1,12,1,2.0,2.0,2,3,2,13,0,7.624947450248451,,,,0.1989481950183096,2.12508170307193,0.13683677191491245,2.082932517351588,0.12500000626267316,2.1249999999999996,10,18,0.9999999749493073,245,0,0,0,NORMAL
59.04,0.19772025548449618,2.1268998313872425,2.1803805020427998,592.683650235001,207.03755207002328,81.9624294325852,TURN_TO_WAYPOINT,1,12,1,2.0,2.0,2,3,2,13,0,7.627141990436393,,,,0.19772025548449618,2.1268998313872425,0.12338718243049684,2.154135406898181,0.1250000030505,2.125,10,18,0.999999987798,245,0,0,0,NORMAL
59.168,0.19687822361601523,2.127950301940406,2.2457959939517758,750.7447615961323,220.69661934413463,90.64697696300173,TURN_TO_WAYPOINT,1,12,1,2.0,2.0,2,3,2,13,0,7.628488522359861,,,,0.19687822361601523,2.127950301940406,0.171003794017576,2.248668484083174,0.12500000105576223,2.125,10,18,0.9999999957769512,245,0,0,0,NORMAL
59.296,0.19655999123959347,2.128257827874763,2.3083589043042196,921.7310718483534,254.6235423740207,88.18057890340818,TURN_TO_WAYPOINT,1,12,1,2.0,2.0,2,3,2,13,0,7.6291626581737315,,,,0.19655999123959347,2.128257827874763,0.22697825714597367,2.209003453022468,0.12500000054649726,2.125,10,18,0.9999999978140109,245,0,0,0,NORMAL
59.424,0.19739955973159787,2.1273005455978096,2.368514534127654,1000.0,280.0015282473249,87.6232090505559,TURN_TO_WAYPOINT,1,12,1,2.0,2.0,2,3,2,13,0,7.630436754829385,,,,0.19739955973159787,2.1273005455978096,0.059170447596180564,2.0795803215503907,0.1250000003570113,2.125,10,18,0.9999999985719548,245,0,0,0,NORMAL
59.552,0.1982398658725491,2.1264554209704936,2.4286636911683677,986.2002494212904,318.889393512763,107.23688826077263,TURN_TO_WAYPOINT,1,12,1,2.0,2.0,2,3,2,13,0,7.631734388722168,,,,0.1982398658725491,2.1264554209704936,0.1543397777072536,2.1165216846588724,0.12500000028880393,2.125,10,18,0.9999999988447843,245,0,0,0,NORMAL
59.68,0.19838221415672372,2.1263035684615295,2.4888118048567693,1000.0,358.67377483133384,132.67176468524306,TURN_TO_WAYPOINT,1,12,1,2.0,2.0,2,3,2,13,0,7.631947607790446,,,,0.19838221415672372,2.1263035684615295,0.22985485737566647,2.075530962347889,0.12500000024531646,2.125,10,18,0.999999999018734,245,0,0,0,NORMAL
59.808,0.19836126819871203,2.1262867591712795,2.5489582452859767,998.6473056685419,409.7069826708685,124.24544382950238,TURN_TO_WAYPOINT,1,12,1,2.0,2.0,2,3,2,13,0,7.631974489033609,,,,0.19836126819871203,2.1262867591712795,0.11599562730364894,2.1346415988779572,0.12500000028265165,2.1249999999999996,10,18,0.9999999988693933,245,0,0,0,NORMAL
59.936,0.19834329571205017,2.126265045286696,2.609102862173425,997.8761521164157,474.9688598918437,137.75897681799532,TURN_TO_WAYPOINT,1,12,1,2.0,2.0,2,3,2,13,0,7.632002715116848,,,,0.19834329571205017,2.126265045286696,0.2515104135191989,2.110175039601037,0.12500000025312097,2.125,10,18,0.9999999989875161,245,0,0,0,NORMAL
60.064,0.1983282524541321,2.1262404657557172,2.6692451564054758,985.2849400488457,566.3751789718455,145.56767987818515,TURN_TO_WAYPOINT,1,12,1,2.0,2.0,2,3,2,13,0,7.632031545566853,,,,0.1983282524541321,2.1262404657557172,0.24501761978156827,2.083947640113806,0.1250000001143256,2.125,10,18,0.9999999995426976,245,0,0,0,NORMAL
60.192,0.1983153446981073,2.1262143720494526,2.7293845359003592,1000.0,671.9228224885934,169.74452255534723,TURN_TO_WAYPOINT,1,12,1,2.0,2.0,2,3,2,13,0,7.632060664019489,,,,0.1983153446981073,2.1262143720494526,0.2354376332591886,2.1332813123328993,0.12500000006279952,2.125,10,18,0.999999999748802,245,0,0,0,NORMAL
60.32,0.19830427125431738,2.1261873181667896,2.789520408690351,989.5981261671952,816.2959086998587,195.44597219018402,TURN_TO_WAYPOINT,1,12,1,2.0,2.0,2,3,2,13,0,7.632089901434098,,,,0.19830427125431738,2.1261873181667896,0.23695836272763213,2.1553695315791703,0.12500000001628156,2.1250000000000004,10,18,0.9999999999348739,245,0,0,0,NORMAL
60.448,0.19829493490386785,2.126159566769599,2.8496522155808495,987.6342330477722,990.2411051399906,236.90832238077408,TURN_TO_WAYPOINT,1,12,1,2.0,2.0,2,3,2,13,0,7.632119185682803,,,,0.19829493490386785,2.126159566769599,0.15470143016344734,2.103457545305341,0.1250000000106066,2.125,10,18,0.9999999999575735,245,0,0,0,NORMAL
60.576,0.1982873158362121,2.1261312771532905,2.909779435217304,994.8124876533176,993.9123252425369,247.4084231574018,TURN_TO_WAYPOINT,1,12,1,2.0,2.0,2,3,2,13,0,7.632148487572704,,,,0.1982873158362121,2.1261312771532905,0.14951627423942912,2.1080689586589747,0.12500000001137815,2.1249999999999996,10,18,0.9999999999544873,245,0,0,0,NORMAL
60.704,0.1982814209537274,2.1261025725769613,2.9699015816957313,986.1515484229443,1000.0,302.3738364269942,TURN_TO_WAYPOINT,1,12,1,2.0,2.0,2,3,2,13,0,7.632177795360033,,,,0.1982814209537274,2.1261025725769613,0.2453326154758415,2.092935624586081,0.1250000000098108,2.125,10,18,0.9999999999607568,245,0,0,0,NORMAL
60.832,0.19827726380682395,2.126073564186273,3.030018201258776,998.2401822937331,1000.0,329.16660347655454,TURN_TO_WAYPOINT,1,12,1,2.0,2.0,2,3,2,13,0,7.632207104253662,,,,0.19827726380682395,2.126073564186273,0.2006701586373322,2.0005985760692284,0.12500000000871558,2.1250000000000004,10,18,0.9999999999651378,245,0,0,0,NORMAL
60.96,0.19173878436580458,2.126594021885946,3.0600898425632552,999.5022142763247,1000.0,364.11725697191054,DRIVE_TO_WAYPOINT,1,12,1,2.0,2.0,2,3,2,13,0,7.6387818986171965,,,,0.19173878436580458,2.126594021885946,0.1983556229810133,2.1498547287418237,0.12500000000703163,2.125,10,18,0.9999999999718735,245,0,0,0,NORMAL
61.088,0.1627303720345341,2.1289658571391263,3.060076353164321,992.9119377493931,1000.0,355.3426758182774,DRIVE_TO_WAYPOINT,1,12,1,2.0,2.0,2,3,2,13,0,7.667887114460843,,,,0.1627303720345341,2.1289658571391263,0.05596307625626164,2.2521702790081055,0.12080481999341935,2.12499999999999,10,18,0.9832192799261001,245,0,0,0,NORMAL
61.216,0.13382084105793152,2.1313304795356673,3.0600718379969725,1000.0,1000.0,355.7406561547659,DRIVE_TO_WAYPOINT,1,12,1,2.0,2.0,2,3,2,13,0,7.696893190038285,,,,0.13382084105793152,2.1313304795356673,0.12040775895737449,2.26792291624504,0.12130335375569884,2.1249999999999805,10,18,0.985217383481728,245,0,0,0,NORMAL
61.344,0.10503906179446422,2.1336836779946795,3.0600705063142506,1000.0,1000.0,352.2160424413444,DRIVE_TO_WAYPOINT,1,12,1,2.0,2.0,2,3,2,13,0,7.725771007834028,,,,0.10503906179446422,2.1336836779946795,0.013116681398108024,2.0130875333491622,0.11669953853706037,2.124999999952618,10,18,0.9668167431925768,245,0,0,0,NORMAL
61.472,0.07630589085699342,2.136032041258306,3.060070167962066,1000.0,1000.0,339.1634034805878,DRIVE_TO_WAYPOINT,1,12,1,2.0,2.0,2,3,2,13,0,7.754599984960754,,,,0.07630589085699342,2.136032041258306,-0.003985803211571284,2.080491763095922,0.10390117515000312,2.12499999947895,10,18,0.915817034788329,245,0,0,0,NORMAL
61.6,0.0475908104152909,2.138378456011038,3.0600700905155778,988.2271008453312,982.4416140285014,329.8014694190063,DRIVE_TO_WAYPOINT,1,12,1,2.0,2.0,2,3,2,13,0,7.783410772991849,,,,0.0475908104152909,2.138378456011038,-0.0029753184706269448,2.0323021474781044,0.09770299083593248,2.1249999924742773,10,18,0.8912997831936427,245,0,0,0,NORMAL
61.728,0.01888246224151193,2.1407241183142194,3.0600700651169226,1000.0,992.4125835033908,341.1366123804769,DRIVE_TO_WAYPOINT,1,12,1,2.0,2.0,2,3,2,13,0,7.812214789838611,,,,0.01888246224151193,2.1407241183142194,0.06507032934037721,2.1377579429482894,0.0911260107960239,2.1249999767696752,10,18,0.8652842297007335,245,0,0,0,NORMAL
61.856,-0.009823378947069814,2.1430695053380915,3.060070046354307,978.5003846643137,998.7846122343401,321.1948435070324,DRIVE_TO_WAYPOINT,1,12,1,2.0,2.0,2,3,2,13,0,7.84101628560942,,,,-0.009823378947069814,2.1430695053380915,-0.05473517704434162,2.1436812639325318,0.0681549828424658,2.1249999721928887,10,18,0.7749710840215832,245,0,0,0,NORMAL
61.984,-0.03852828596061889,2.145414798127435,3.0600700304183306,1000.0,999.1559498498416,318.1792223732101,DRIVE_TO_WAYPOINT,1,12,1,2.0,2.0,2,3,2,13,0,7.869816842633968,,,,-0.03852828596061889,2.145414798127435,-0.20496515348171337,2.240634038431301,0.03125032054626268,2.124999661692531,10,18,0.6314294078844477,245,0,0,0,NORMAL
62.112,-0.06723284466466531,2.147760061186455,3.0600700200959414,998.6505340081496,1000.0,327.6454349221846,DRIVE_TO_WAYPOINT,1,12,1,2.0,2.0,2,3,2,13,0,7.898617050084784,,,,-0.06723284466466531,2.147760061186455,-0.08359693591400688,2.1944561294341303,-0.04134761724011209,2.124999100942822,9,18,0.6187259401425889,245,0,0,0,NORMAL
62.24,-0.09593727344454692,2.1501053157554675,3.0600700171180124,1000.0,1000.0,322.126700626763,DRIVE_TO_WAYPOINT,1,12,1,2.0,2.0,2,3,2,13,0,7.927417127351569,,,,-0.09593727344454692,2.1501053157554675,-0.12170838860671025,2.347431594045153,-0.027443605050238674,2.1249981050302664,9,18,0.5914921613096165,245,0,0,0,NORMAL
62.368,-0.12464165375670143,2.152450568130958,3.0600700215003296,1000.0,1000.0,312.02159557715834,DRIVE_TO_WAYPOINT,1,12,1,2.0,2.0,2,3,2,13,0,7.956217156132969,,,,-0.12464165375670143,2.152450568130958,-0.14092506649777595,2.1158849368735324,-0.0632599564276102,2.12499731695943,9,18,0.7144908874169571,245,0,0,0,NORMAL
62.496,-0.15334601599842138,2.1547958199022785,3.0600700320433556,992.7269747336907,981.2560830106366,297.1563909796772,DRIVE_TO_WAYPOINT,1,12,1,2.0,2.0,2,3,2,13,0,7.985017166854752,,,,-0.15334601599842138,2.1547958199022785,-0.1653601336852241,2.1623928536251533,-0.06983265973889898,2.124998095471,9,18,0.7486632329248191,245,0,0,0,NORMAL
62.624,-0.1820503715156404,2.157141071360418,3.060070046776407,1000.0,1000.0,300.6032583731361,DRIVE_TO_WAYPOINT,1,12,1,2.0,2.0,2,3,2,13,0,8.013817170848863,,,,-0.1820503715156404,2.157141071360418,-0.20148520487141372,2.1621023648276636,-0.1370218692782665,2.1249918717622953,9,18,0.8656851574475549,245,0,0,0,NORMAL
62.752,-0.21075472454238237,2.1594863225196854,3.060070063288534,1000.0,997.8298557323131,301.6285722157673,DRIVE_TO_WAYPOINT,1,12,1,2.0,2.0,2,3,2,13,0,8.04261717233643,,,,-0.21075472454238237,2.1594863225196854,-0.2635776778268316,2.0547099165254776,-0.15108136180613327,2.1249822480190432,9,18,0.8761768460147997,245,0,0,0,NORMAL
62.88,-0.2394590766565998,2.161831573380808,3.0600700790366324,991.5616891955766,1000.0,301.8648018783634,DRIVE_TO_WAYPOINT,1,12,1,2.0,2.0,2,3,2,13,0,8.071417172890225,,,,-0.2394590766565998,2.161831573380808,-0.1289516198553742,2.149769354188592,-0.16190520839273273,2.124951800830577,9,18,0.8496116338805867,245,0,0,0,NORMAL
63.008,-0.26816342844343055,2.164176823980918,3.060070091663597,1000.0,990.4071555974766,298.9650303060876,DRIVE_TO_WAYPOINT,1,12,1,2.0,2.0,2,3,2,13,0,8.100217173096466,,,,-0.26816342844343055,2.164176823980918,-0.357140186876412,2.1681128404530425,-0.21477301362058035,2.124826389658326,9,18,0.6473839404389069,245,0,0,0,NORMAL
63.136,-0.29686778011615456,2.166522074392584,3.0600700993045113,1000.0,990.1362654597712,280.94349062273835,DRIVE_TO_WAYPOINT,1,12,1,2.0,2.0,2,3,2,13,0,8.129017173173633,,,,-0.29686778011615456,2.166522074392584,-0.32543243785896875,2.3338880327454024,-0.25029184780708524,2.124912325074891,9,18,0.5094284639806693,245,0,0,0,NORMAL
63.264,-0.3255721317483637,2.1688673247124917,3.0600701008370748,1000.0,988.4497290474518,267.9579581579745,DRIVE_TO_WAYPOINT,1,12,1,2.0,2.0,2,3,2,13,0,8.157817173202949,,,,-0.3255721317483637,2.1688673247124917,-0.3612799848919612,2.122752916337461,-0.31314855378658457,2.1247016277393596,8,18,0.6960035476896983,245,0,0,0,NORMAL
63.392,-0.35427648336134304,2.1712125750476954,3.060070096034542,998.2973441410062,1000.0,279.46687752780457,DRIVE_TO_WAYPOINT,1,12,1,2.0,2.0,2,3,2,13,0,8.186617173214342,,,,-0.35427648336134304,2.1712125750476954,-0.45451889728195977,2.186178374969543,-0.33555492668743897,2.124628595130528,8,18,0.7892172238062164,245,0,0,0,NORMAL
63.52,-0.3829808349575923,2.1735578255010135,3.0600700855941407,1000.0,982.7549144366511,271.2069891020397,DRIVE_TO_WAYPOINT,1,12,1,2.0,2.0,2,3,2,13,0,8.21541717321868,,,,-0.3829808349575923,2.1735578255010135,-0.4231647802287464,2.2573631769239153,-0.37148684600333987,2.1245478842088517,8,18,0.8807646853104103,245,0,0,0,NORMAL
63.648,-0.4116851865341861,2.175903076156964,3.0600700710338478,952.958206950203,997.0395890642529,276.9794794206573,DRIVE_TO_WAYPOINT,1,12,1,2.0,2.0,2,3,2,13,0,8.244217173219928,,,,-0.4116851865341861,2.175903076156964,-0.4507180445918476,2.2233515652360794,-0.39495027886108225,2.1244157510345447,8,18,0.8891131751721981,245,0,0,0,NORMAL
63.776,-0.4403895380883295,2.1782483270700537,3.060070054471004,925.9122383713277,998.8040932528538,269.05944727782065,DRIVE_TO_WAYPOINT,1,12,1,2.0,2.0,2,3,2,13,0,8.27301717321974,,,,-0.4403895380883295,2.1782483270700537,-0.3479816476176997,2.2276554132845194,-0.40419826334027664,2.124660152234561,8,18,0.8761309912915829,245,0,0,0,NORMAL
63.904,-0.46909388961959597,2.1805935782571515,3.0600700383142416,886.6545550659554,998.7441244554261,246.04576335763386,DRIVE_TO_WAYPOINT,1,12,1,2.0,2.0,2,3,2,13,0,8.301817173219066,,,,-0.46909388961959597,2.1805935782571515,-0.48561208859242583,2.192718936101365,-0.41404761640449717,2.1239808128671163,8,18,0.8400372628555797,245,0,0,0,NORMAL
64.032,-0.4977982411305331,2.1829388296951815,3.0600700249132,845.5220854397247,996.0416643243325,281.4704704622555,DRIVE_TO_WAYPOINT,1,12,1,2.0,2.0,2,3,2,13,0,8.330617173218561,,,,-0.4977982411305331,2.1829388296951815,-0.37468752273290207,2.141218175021349,-0.4870871070760248,2.1240821614972067,8,18,0.5606545203648177,245,0,0,0,NORMAL
64.16,-0.5265025926263657,2.1852840813245313,3.0600700162168426,831.4977899858459,1000.0,259.08864911992947,DRIVE_TO_WAYPOINT,1,12,1,2.0,2.0,2,3,2,13,0,8.359417173218583,,,,-0.5265025926263657,2.1852840813245313,-0.5142100056134432,2.1830562636005126,-0.49515588276725775,2.1242243523868924,8,18,0.525461826535931,245,0,0,0,NORMAL
64.288,-0.5552069441142194,2.1876293330577483,3.0600700134899985,797.1038986412839,1000.0,246.3717211962052,DRIVE_TO_WAYPOINT,1,12,1,2.0,2.0,2,3,2,13,0,8.388217173219111,,,,-0.5552069441142194,2.1876293330577483,-0.5329237648761326,2.2479087690166644,-0.5190668396058467,2.12367649783372,7,18,0.5512727656311182,245,0,0,0,NORMAL
64.416,-0.5839112956021408,2.189974584792272,3.060070017129362,757.6240027851493,992.8244413538476,249.42262566589474,DRIVE_TO_WAYPOINT,1,12,1,2.0,2.0,2,3,2,13,0,8.417017173219811,,,,-0.5839112956021408,2.189974584792272,-0.5821069574216288,2.239846253004934,-0.5534106825136411,2.12438757703486,7,18,0.6759948355972614,245,0,0,0,NORMAL
64.544,-0.6126156470980825,2.1923198364253587,3.060070026605728,737.2272203899028,1000.0,239.92237660545885,DRIVE_TO_WAYPOINT,1,12,1,2.0,2.0,2,3,2,13,0,8.445817173220247,,,,-0.6126156470980825,2.1923198364253587,-0.6354978242359322,2.1251123130722105,-0.6065167472835441,2.124433645469204,7,18,0.8339340619995995,245,0,0,0,NORMAL
64.672,-0.6413199986089363,2.1946650878690317,3.0600700405409147,716.4177338535062,1000.0,227.68573425013022,DRIVE_TO_WAYPOINT,1,12,1,2.0,2.0,2,3,2,13,0,8.47461717322012,,,,-0.6413199986089363,2.1946650878690317,-0.588189666825201,2.241055955160686,-0.6340405317715138,2.1247725307321867,7,18,0.8926804417318501,245,0,0,0,NORMAL
64.8,-0.6700243501396576,2.197010339062869,3.0600700569082004,709.281556081528,1000.0,246.9439337404904,DRIVE_TO_WAYPOINT,1,12,1,2.0,2.0,2,3,2,13,0,8.503417173219448,,,,-0.6700243501396576,2.197010339062869,-0.5889210766435876,2.2103745991945445,-0.6346467392050684,2.124732287768519,7,18,0.9279016038166732,245,0,0,0,NORMAL
64.928,-0.6987287016925374,2.1993555899827855,3.0600700733271275,721.4540247975469,990.6909529356863,225.90148820649526,DRIVE_TO_WAYPOINT,1,12,1,2.0,2.0,2,3,2,13,0,8.532217173218557,,,,-0.6987287016925374,2.1993555899827855,-0.6367910740930582,2.1739169757304198,-0.6456599347202672,2.1243280371787003,7,18,0.9072073182349477,245,0,0,0,NORMAL
65.056,-0.7274330532667371,2.201700840644526,3.0600700874097684,721.330479936153,1000.0,233.87574534272085,DRIVE_TO_WAYPOINT,1,12,1,2.0,2.0,2,3,2,13,0,8.561017173217893,,,,-0.7274330532667371,2.201700840644526,-0.7840113761144533,2.1134939251087372,-0.6449023629111813,2.124402725917174,7,18,0.915792884297293,245,0,0,0,NORMAL
65.184,-0.7561374048582242,2.2040460911013717,3.060070097108054,749.3149789351402,1000.0,219.74941586678642,DRIVE_TO_WAYPOINT,1,12,1,2.0,2.0,2,3,2,13,0,8.58981717321777,,,,-0.7561374048582242,2.2040460911013717,-0.7646843711807089,2.2241331634333226,-0.6751924064177716,2.124849022728838,7,18,0.8002589677212186,245,0,0,0,NORMAL
65.312,-0.7848417564602259,2.2063913414363903,3.0600701010116276,728.2467926726575,993.1316855123881,210.5650983739322,DRIVE_TO_WAYPOINT,1,12,1,2.0,2.0,2,3,2,13,0,8.61861717321821,,,,-0.7848417564602259,2.2063913414363903,-0.7874741291080517,2.2526105080790053,-0.730637606814784,2.1248457700383683,7,18,0.5861673132593944,245,0,0,0,NORMAL
65.44,-0.8135461080642079,2.208736591750366,3.0600700985529072,754.2912534887597,990.2596159330889,192.9490159843117,DRIVE_TO_WAYPOINT,1,12,1,2.0,2.0,2,3,2,13,0,8.647417173218908,,,,-0.8135461080642079,2.208736591750366,-0.8006743767670665,2.156091212615539,-0.7962733204460933,2.1244272982599366,6,18,0.6358614090868426,245,0,0,0,NORMAL
65.568,-0.8422504596612386,2.2110818421471476,3.0600700900895608,992.2503295349179,998.8353752302114,213.2523947294532,DRIVE_TO_WAYPOINT,1,12,1,2.0,2.0,2,3,2,13,0,8.67621717321942,,,,-0.8422504596612386,2.2110818421471476,-0.834746795142133,2.1975791504193416,-0.8345107804422113,2.12425328464746,6,18,0.774787870216552,245,0,0,0,NORMAL
65.696,-0.8709548112434738,2.213427092718553,3.060070076852438,1000.0,998.4004914517642,206.4908763981846,DRIVE_TO_WAYPOINT,1,12,1,2.0,2.0,2,3,2,13,0,8.705017173219408,,,,-0.8709548112434738,2.213427092718553,-0.8846729980683722,2.3266922841806763,-0.8780314380649645,2.1247379673455162,6,18,0.8763269193196355,245,0,0,0,NORMAL
65.824,-0.8996591628054397,2.215772343531015,3.060070060766563,996.3332193242409,1000.0,188.31069028990913,DRIVE_TO_WAYPOINT,1,12,1,2.0,2.0,2,3,2,13,0,8.733817173218823,,,,-0.8996591628054397,2.215772343531015,-0.9676347008206294,2.2537842592438633,-0.8790637215010203,2.1248071714839303,6,18,0.9231388009665196,245,0,0,0,NORMAL
65.952,-0.9283635143448475,2.218117594615913,3.0600700441712188,1000.0,999.1459038140131,209.58494728491914,DRIVE_TO_WAYPOINT,1,12,1,2.0,2.0,2,3,2,13,0,8.762617173217942,,,,-0.9283635143448475,2.218117594615913,-0.8980636736039058,2.2210801967537686,-0.8932926702966428,2.1244592560374103,6,18,0.9102056150149281,245,0,0,0,NORMAL
66.08,-0.9570678658628147,2.2204628459649993,3.0600700294798084,993.977546149354,990.7021230674435,195.9603683877899,DRIVE_TO_WAYPOINT,1,12,1,2.0,2.0,2,3,2,13,0,8.791417173217202,,,,-0.9570678658628147,2.2204628459649993,-0.8545034744769001,2.1433810489765133,-0.9104154712124912,2.124402287529156,6,18,0.8546847451883938,245,0,0,0,NORMAL
66.208,-0.9857722173635168,2.222808097531596,3.060070018828923,1000.0,992.0777647492456,183.1618148793654,DRIVE_TO_WAYPOINT,1,12,1,2.0,2.0,2,3,2,13,0,8.820217173216967,,,,-0.9857722173635168,2.222808097531596,-0.9219699560126786,2.173701590299812,-0.9137901245853283,2.124657772461428,6,18,0.8441378110262552,245,0,0,0,NORMAL
66.336,-1.0144765688534316,2.225153349237378,3.0600700137676204,976.0358165436103,997.6778498488543,187.64957103125505,DRIVE_TO_WAYPOINT,1,12,1,2.0,2.0,2,3,2,13,0,8.849017173217316,,,,-1.0144765688534316,2.225153349237378,-0.9460480934749371,2.3113363491930725,-0.9560084260502911,2.12455650436783,6,18,0.6797269177661708,245,0,0,0,NORMAL
66.464,-1.0431809203403635,2.2274986009837754,3.060070015032101,988.6190592555547,1000.0,198.16853286080683,DRIVE_TO_WAYPOINT,1,12,1,2.0,2.0,2,3,2,13,0,8.877817173217998,,,,-1.0431809203403635,2.2274986009837754,-1.0173428777636015,2.2591353210109815,-0.9291420439484682,2.124839864060806,6,18,0.7843503837180352,245,0,0,0,NORMAL
66.592,-1.0718852718324103,2.229843852666316,3.0600700224385697,1000.0,992.0016742013142,175.7258705449962,DRIVE_TO_WAYPOINT,1,12,1,2.0,2.0,2,3,2,13,0,8.906617173218578,,,,-1.0718852718324103,2.229843852666316,-1.103269456496515,2.118370384585764,-0.9946790766525528,2.1243794245888936,6,18,0.5316916951180114,245,0,0,0,NORMAL
66.72,-1.1005896233369683,2.232189104189824,3.0600700349099093,1000.0,983.0347033518585,174.8308616216575,DRIVE_TO_WAYPOINT,1,12,1,2.0,2.0,2,3,2,13,0,8.935417173218678,,,,-1.1005896233369683,2.232189104189824,-1.154638760796841,2.357499674534647,-1.0491589864780075,2.1244991074124173,5,18,0.6500059817716688,245,0,0,0,NORMAL
66.848,-1.1292939748598134,2.234534355482265,3.0600700506323157,986.1902706310267,1000.0,177.0907223972557,DRIVE_TO_WAYPOINT,1,12,1,2.0,2.0,2,3,2,13,0,8.964217173218188,,,,-1.1292939748598134,2.234534355482265,-1.1374142208734785,2.2736222478435515,-1.107688965942616,2.1246699027723333,5,18,0.826940167982137,245,0,0,0,NORMAL
66.976,-1.157998326404307,2.236879606505213,3.0600700673191215,1000.0,985.782034584623,158.8079056842381,DRIVE_TO_WAYPOINT,1,12,1,2.0,2.0,2,3,2,13,0,8.99301717321733,,,,-1.157998326404307,2.236879606505213,-1.1523365131859697,2.286431229251279,-1.1411065489087127,2.1244265970749128,5,18,0.8772153135521071,245,0,0,0,NORMAL
67.104,-1.1867026779708165,2.2392248572594324,3.060070082543417,1000.0,985.6162930916479,152.31997836647335,DRIVE_TO_WAYPOINT,1,12,1,2.0,2.0,2,3,2,13,0,9.021817173216531,,,,-1.1867026779708165,2.2392248572594324,-1.215671911703842,2.139934179444927,-1.1554734265635829,2.1245124837510594,5,18,0.8655670330846652,245,0,0,0,NORMAL
67.232,-1.2154070295564832,2.241570107784759,3.0600700940910652,993.7554506036337,1000.0,147.62328778891379,DRIVE_TO_WAYPOINT,1,12,1,2.0,2.0,2,3,2,13,0,9.050617173216187,,,,-1.2154070295564832,2.241570107784759,-1.2228779162553902,2.187402139530139,-1.1510597537123994,2.1245125517012826,5,18,0.8908166011033892,245,0,0,0,NORMAL
67.36,-1.244111381155474,2.2439153581543057,3.060070100282724,999.1131608225153,992.466175949334,153.78817465628782,DRIVE_TO_WAYPOINT,1,12,1,2.0,2.0,2,3,2,13,0,9.079417173216436,,,,-1.244111381155474,2.2439153581543057,-1.3268484600370474,2.2153589877592195,-1.205007368991223,2.1248475032801526,5,18,0.6845732919474428,245,0,0,0,NORMAL
67.488,-1.272815732759771,2.2462606084638344,3.0600701002180433,1000.0,974.6696634302479,149.0234307721097,DRIVE_TO_WAYPOINT,1,12,1,2.0,2.0,2,3,2,13,0,9.108217173217087,,,,-1.272815732759771,2.2462606084638344,-1.3077181520813872,2.249581997551098,-1.2265529222420373,2.1249180391819524,5,18,0.6001232166429243,245,0,0,0,NORMAL
67.616,-1.3015200843604173,2.2486058588178373,3.0600700939065413,985.8653753791739,946.4442788214787,147.79747117561845,DRIVE_TO_WAYPOINT,1,12,1,2.0,2.0,2,3,2,13,0,9.137017173217721,,,,-1.3015200843604173,2.2486058588178373,-1.3287464460968732,2.22752201557074,-1.2358877842931677,2.1247759546440195,5,18,0.5624113791522738,245,0,0,0,NORMAL
67.744,-1.3302244359489936,2.2509511093143506,3.060070082266155,1000.0,918.9471372135482,131.9305314032632,DRIVE_TO_WAYPOINT,1,12,1,2.0,2.0,2,3,2,13,0,9.16581717321793,,,,-1.3302244359489936,2.2509511093143506,-1.2682792468864612,2.210353014675977,-1.2768411360893037,2.1249104472849014,4,18,0.5785872403381664,245,0,0,0,NORMAL
67.872,-1.3589287875190112,2.2532963600306952,3.060070066989721,968.3541705225031,884.0358650393275,142.797044875477,DRIVE_TO_WAYPOINT,1,12,1,2.0,2.0,2,3,2,13,0,9.19461717321754,,,,-1.3589287875190112,2.2532963600306952,-1.3006096527726316,2.3582132577200188,-1.3393455548070425,2.1246670182936147,4,18,0.7800490951531475,245,0,0,0,NORMAL
68.0,-1.3874499456840113,2.255492767124666,3.0600646205207003,934.4162465951558,854.7801835688447,127.87009857911262,DRIVE_TO_WAYPOINT,1,12,1,2.0,2.0,2,3,2,13,0,9.22322373817699,,,,-1.3874499456840113,2.255492767124666,-1.384070836685055,2.1487778605776144,-1.3592820516208564,2.1245982898451388,4,18,0.8627157457947372,245,0,0,0,NORMAL
68.128,-1.4154731486032395,2.25701730894177,3.0600777418445984,917.95196505953,840.0906289982929,116.00977587015079,DRIVE_TO_WAYPOINT,1,12,1,2.0,2.0,2,3,2,13,0,9.251288740639863,,,,-1.4154731486032395,2.25701730894177,-1.3543215603131062,2.272334758922898,-1.3901666250453901,2.1247421464191394,4,18,0.8930963574064871,245,0,0,0,NORMAL
68.256,-1.4439178613685748,2.2574617562142714,3.0601042677418824,873.0560238240928,798.589333454355,110.24463318901704,DRIVE_TO_WAYPOINT,1,12,1,2.0,2.0,2,3,2,13,0,9.27973955420885,,,,-1.4439178613685748,2.2574617562142714,-1.515570462655137,2.1950873653167853,-1.408911324320151,2.1247392863409007,4,18,0.8564786682194664,245,0,0,0,NORMAL
68.384,-1.4725560356058975,2.2578047209342045,3.0601184381722475,845.4806376534667,784.2312419456404,132.03253617933132,DRIVE_TO_WAYPOINT,1,12,1,2.0,2.0,2,3,2,13,0,9.308379795409493,,,,-1.4725560356058975,2.2578047209342045,-1.5248523963592686,2.24516899685557,-1.4125526496300291,2.1248491723592946,4,18,0.8484830351412375,245,0,0,0,NORMAL
68.512,-1.5012234850020387,2.257766253918248,3.0601331000445566,803.9601661204345,746.3356187717773,127.68715618588956,DRIVE_TO_WAYPOINT,1,12,1,2.0,2.0,2,3,2,13,0,9.33704830009436,,,,-1.5012234850020387,2.257766253918248,-1.470725646262373,2.2739081714257576,-1.406860056224733,2.1247140972152216,4,18,0.8715936020866523,245,0,0,0,NORMAL
68.64,-1.529929261191568,2.2579187906570635,3.06014230736018,782.461469270165,721.226422941364,132.71382270560434,DRIVE_TO_WAYPOINT,1,12,1,2.0,2.0,2,3,2,13,0,9.365754577042852,,,,-1.529929261191568,2.2579187906570635,-1.4390541011735696,2.316667576827647,-1.4591472041888147,2.1247642548884276,4,18,0.6682517093495736,245,0,0,0,NORMAL
68.768,-1.558618986873446,2.257796685884327,3.0601560991378927,730.2075934632302,700.4517012688154,142.2206594588542,DRIVE_TO_WAYPOINT,1,12,1,2.0,2.0,2,3,2,13,0,9.39444560252531,,,,-1.558618986873446,2.257796685884327,-1.6806762015699281,2.2339677236748736,-1.5070092377062096,2.1248051757112996,3,18,0.5026800643519389,245,0,0,0,NORMAL
68.896,-1.5873325288402138,2.2579192025208212,3.0601654320895646,714.8874522398339,679.6638372198579,124.0239971595984,DRIVE_TO_WAYPOINT,1,12,1,2.0,2.0,2,3,2,13,0,9.423159522117903,,,,-1.5873325288402138,2.2579192025208212,-1.5699912003943537,2.3327988963894772,-1.5465475921777685,2.12486948583748,3,18,0.6490483949986963,245,0,0,0,NORMAL
69.024,-1.6160216544237105,2.257785701755752,3.060179895612231,694.6065482803318,631.7209554604152,142.63464854498142,DRIVE_TO_WAYPOINT,1,12,1,2.0,2.0,2,3,2,13,0,9.451850013106148,,,,-1.6160216544237105,2.257785701755752,-1.5269943021935224,2.282995122014137,-1.5350295682972168,2.124887644445571,3,18,0.6218920187215576,245,0,0,0,NORMAL
69.152,-1.6447379530265158,2.257902391144498,3.0601894753430416,659.1200086341179,589.5869515630704,138.4803341482303,DRIVE_TO_WAYPOINT,1,12,1,2.0,2.0,2,3,2,13,0,9.480566670424986,,,,-1.6447379530265158,2.257902391144498,-1.6227815422662748,2.23478840895685,-1.600799121731129,2.1249859938722353,3,18,0.8181147457555396,245,0,0,0,NORMAL
69.28,-1.6734249889720556,2.257767593609513,3.0602044402197524,628.614783122823,561.818845072396,126.61138154540112,DRIVE_TO_WAYPOINT,1,12,1,2.0,2.0,2,3,2,13,0,9.509255102497042,,,,-1.6734249889720556,2.257767593609513,-1.8152305148944035,2.2431570365305324,-1.6419331697308193,2.1249912625024097,3,18,0.8745200238754754,245,0,0,0,NORMAL
69.408,-1.7021436200365911,2.2578825421753113,3.060214125873542,578.3675351105691,542.1003123923871,123.962431941566,DRIVE_TO_WAYPOINT,1,12,1,2.0,2.0,2,3,2,13,0,9.537974087681432,,,,-1.7021436200365911,2.2578825421753113,-1.7444050112270377,2.3231515005654098,-1.6378670307517946,2.1249965685845957,3,18,0.9221236153499842,245,0,0,0,NORMAL
69.536,-1.7308207223100485,2.257855345440366,3.060226973548897,552.1290656907471,516.9048450046231,139.70848618559074,DRIVE_TO_WAYPOINT,1,12,1,2.0,2.0,2,3,2,13,0,9.566652329209148,,,,-1.7308207223100485,2.257855345440366,-1.6989963281973417,2.235182460663102,-1.6516859472811922,2.1249992942034828,3,18,0.8885537713581441,245,0,0,0,NORMAL
69.664,-1.7595476657177875,2.2579079893036003,3.0602364968219584,522.708721650201,489.0013459993592,131.80958345915545,DRIVE_TO_WAYPOINT,1,12,1,2.0,2.0,2,3,2,13,0,9.595379493778218,,,,-1.7595476657177875,2.2579079893036003,-1.840073627307827,2.284255417321011,-1.6869375558112623,2.1249998463926087,3,18,0.754738569138375,245,0,0,0,NORMAL
69.792,-1.7882238813391087,2.2578614881564283,3.060249790161373,500.6577069160199,467.9321692345354,129.5987886176157,DRIVE_TO_WAYPOINT,1,12,1,2.0,2.0,2,3,2,13,0,9.624057180586826,,,,-1.7882238813391087,2.2578614881564283,-1.8030801827278145,2.2609197640912666,-1.7158465017544462,2.124999867783722,3,18,0.6423535383588984,245,0,0,0,NORMAL
69.92,-1.816954362817835,2.257898833727487,3.0602594650209403,462.64733974023653,430.98153167641124,131.04271852551156,DRIVE_TO_WAYPOINT,1,12,1,2.0,2.0,2,3,2,13,0,9.65278787117086,,,,-1.816954362817835,2.257898833727487,-1.8402557626420921,2.3210287326420516,-1.7545441984652328,2.1249995215859667,2,18,0.49568761331298394,245,0,0,0,NORMAL
70.048,-1.8456294954343213,2.2578473852875827,3.060273130075651,427.0677549712746,409.3136137779994,137.36174764252718,DRIVE_TO_WAYPOINT,1,12,1,2.0,2.0,2,3,2,13,0,9.681464493558032,,,,-1.8456294954343213,2.2578473852875827,-1.9366260857749735,2.3071415533619746,-1.727819620945156,2.124999905878682,3,18,0.5928486146630529,245,0,0,0,NORMAL
70.176,-1.874361008455073,2.2578808411484066,3.060283021568886,397.61331606354344,377.2463531883552,132.90011766731868,DRIVE_TO_WAYPOINT,1,12,1,2.0,2.0,2,3,2,13,0,9.710196214719675,,,,-1.874361008455073,2.2578808411484066,-1.9092273023716488,2.2671340256546038,-1.7297944822894813,2.1249999296035256,3,18,0.586022989165828,245,0,0,0,NORMAL
70.304,-1.9030339804510539,2.257829550594256,3.060297057855564,352.79867537165325,340.26921179397806,131.43358363751213,DRIVE_TO_WAYPOINT,1,12,1,2.0,2.0,2,3,2,13,0,9.738870697072867,,,,-1.9030339804510539,2.257829550594256,-1.9585425662359195,2.1591676914018896,-1.8090306066666897,2.1249986092419473,2,18,0.6784726088012292,245,0,0,0,NORMAL
70.432,-1.9317669446333516,2.257861203296828,3.06030710432822,346.65790454047277,307.1597962472646,117.66706768039734,DRIVE_TO_WAYPOINT,1,12,1,2.0,2.0,2,3,2,13,0,9.767603869832692,,,,-1.9317669446333516,2.257861203296828,-1.9253235263561919,2.2006315697217826,-1.8597952992210935,2.1249965043899777,2,18,0.8344003703288712,245,0,0,0,NORMAL
70.56,-1.9604380759862934,2.25781105155894,3.060321479576041,288.53497094876656,280.1044833955428,124.78022481744345,DRIVE_TO_WAYPOINT,1,12,1,2.0,2.0,2,3,2,13,0,9.796276532285097,,,,-1.9604380759862934,2.25781105155894,-1.9920470822532763,2.274741699798523,-1.8895136398482226,2.1249860164159795,2,18,0.8834952912898221,245,0,0,0,NORMAL
70.688,-1.9891727166055773,2.25784124494774,3.0603316599352146,261.8278998557813,246.0710001699955,120.62190429169151,DRIVE_TO_WAYPOINT,1,12,1,2.0,2.0,2,3,2,13,0,9.825011381916267,,,,-1.9891727166055773,2.25784124494774,-1.9937941771633454,2.342799032405645,-1.9072784656913073,2.1249903092400597,2,18,0.8598884212582382,245,0,0,0,NORMAL
70.816,-2.01784147680388,2.257924340613451,3.060343447158894,239.54201812955233,226.34073793181605,127.02983842322853,DRIVE_TO_WAYPOINT,1,12,1,2.0,2.0,2,3,2,13,0,9.853681249042067,,,,-2.01784147680388,2.257924340613451,-1.9806214159679865,2.1685995952489083,-1.9430372638912154,2.1249376959026685,2,18,0.7268685656955655,245,0,0,0,NORMAL
70.944,-2.0465750517641093,2.2578773923182434,3.060354066322586,210.03509683347647,212.6966455381904,127.95385501531074,DRIVE_TO_WAYPOINT,1,12,1,2.0,2.0,2,3,2,13,0,9.882415132333112,,,,-2.0465750517641093,2.2578773923182434,-2.0930767313188188,2.2259410821866585,-1.9821227739682874,2.1249169519457083,2,18,0.5714322564139106,245,0,0,0,NORMAL
71.072,-2.0699411043283877,2.2579116791616403,3.0602258098063024,179.67613412718651,187.9032659711888,133.58726981626924,TURN_TO_WAYPOINT,2,12,1,2.0,2.0,2,3,2,13,0,9.905786112615019,,,,-2.0699411043283877,2.2579116791616403,-2.093510258348178,2.2821430251667114,-2.068310152455832,2.1248361894053485,1,18,0.7725859749753148,245,0,0,0,NORMAL
71.2,-2.074001432431411,2.258415693654558,3.120219439198339,191.23861138000623,156.39486803770296,167.23270380090258,TURN_TO_WAYPOINT,2,12,1,2.0,2.0,2,3,2,13,0,9.909877789334937,,,,-2.074001432431411,2.258415693654558,-2.0775157842124026,2.309295093623657,-2.107334253604682,2.124979220100945,1,18,0.9292539018561947,245,0,0,0,NORMAL
71.328,-2.0759665002491046,2.257744656307553,-3.1028268417018983,219.61642560793734,169.77573598052328,204.6101189345083,TURN_TO_WAYPOINT,2,12,1,2.0,2.0,2,3,2,13,0,9.91269320399379,,,,-2.0759665002491046,2.257744656307553,-2.103127314571993,2.273963428203065,-2.119441447716415,2.1249965054603406,1,18,0.9777518128030017,245,0,0,0,NORMAL
71.456,-2.0740597589094305,2.2559162584245556,-3.0428790061125133,234.56614927094859,161.19375951410157,187.65330486358954,TURN_TO_WAYPOINT,2,12,1,2.0,2.0,2,3,2,13,0,9.915387130226376,,,,-2.0740597589094305,2.2559162584245556,-2.111082782435692,2.3094005015608263,-2.122679247825252,2.1249988901003256,1,18,0.9907125517047066,245,0,0,0,NORMAL
71.584,-2.06994516052779,2.2545863254796914,-2.982683687548467,267.01402067352984,184.41383192651008,152.0305833612295,TURN_TO_WAYPOINT,2,12,1,2.0,2.0,2,3,2,13,0,9.919715817319778,,,,-2.06994516052779,2.2545863254796914,-1.9873707704111596,2.2701042182207307,-2.1201668855085467,2.124999800312058,1,18,0.9806667432839442,245,0,0,0,NORMAL
71.712,-2.0679494394474554,2.252493125917317,-2.926821845247276,282.5896218592915,186.47832906737713,157.53155522503477,TURN_TO_WAYPOINT,2,12,1,2.0,2.0,2,3,2,13,0,9.923294542682372,,,,-2.0679494394474554,2.252493125917317,-2.0117240116997075,2.3400137681833866,-2.1225788764417053,2.1249999785528173,1,18,0.990315419978143,245,0,0,0,NORMAL
71.84,-2.061898007888651,2.2491280520358496,-2.893623711164339,315.5214427422649,201.44108029855627,167.895315739554,TURN_TO_WAYPOINT,2,12,1,2.0,2.0,2,3,2,13,0,9.930267439339334,,,,-2.061898007888651,2.2491280520358496,-2.0317201475671496,2.190933514125614,-2.1225038569978216,2.1249999936295123,1,18,0.9900154025093446,245,0,0,0,NORMAL
71.968,-2.0546561378776165,2.2454172916145065,-2.865344258586696,351.3298952180993,205.22316454990502,165.87350963618368,TURN_TO_WAYPOINT,2,12,1,2.0,2.0,2,3,2,13,0,9.938410329859925,,,,-2.0546561378776165,2.2454172916145065,-2.0708563341902866,2.101594845229024,-2.1240010814404546,2.1249999993679785,1,18,0.9960043232337316,245,0,0,0,NORMAL
72.096,-2.047370957571011,2.2409790647540966,-2.8374614128700095,372.656027684175,223.7891811732619,172.46593403407755,TURN_TO_WAYPOINT,2,12,1,2.0,2.0,2,3,2,13,0,9.946941273771476,,,,-2.047370957571011,2.2409790647540966,-2.069414520646579,2.285815594223104,-2.124003461059712,2.1249999999203197,1,18,0.9960138439201255,245,0,0,0,NORMAL
72.224,-2.0400458483536488,2.2364173412896386,-2.809966040366132,407.8158503398039,247.48553791446153,190.40103737729348,TURN_TO_WAYPOINT,2,12,1,2.0,2.0,2,3,2,13,0,9.955570685799787,,,,-2.0400458483536488,2.2364173412896386,-2.0935004222327556,2.1283834176059475,-2.124366378707819,2.1249999999595732,1,18,0.9974655146695715,245,0,0,0,NORMAL
72.352,-2.0327558847539615,2.231919058579466,-2.782540808863039,436.2137941831903,239.19422827246424,190.9602924107517,TURN_TO_WAYPOINT,2,12,1,2.0,2.0,2,3,2,13,0,9.96413696756665,,,,-2.0327558847539615,2.231919058579466,-2.0477080523875473,2.161665898761364,-2.1246680563294458,2.1249999999866227,1,18,0.9986722252642741,245,0,0,0,NORMAL
72.48,-2.0263438548128927,2.2270000217327977,-2.751418405831912,489.7755241956605,256.850730583325,178.55745525040365,TURN_TO_WAYPOINT,2,12,1,2.0,2.0,2,3,2,13,0,9.972231222129022,,,,-2.0263438548128927,2.2270000217327977,-2.0712351230928094,2.229378054673531,-2.1248024367783582,2.124999999998665,1,18,0.9992097471080962,245,0,0,0,NORMAL
72.608,-2.0223203682082476,2.220791704047462,-2.709788571866174,523.0503555590492,270.60114964484,197.3046022037674,TURN_TO_WAYPOINT,2,12,1,2.0,2.0,2,3,2,13,0,9.979703014103812,,,,-2.0223203682082476,2.220791704047462,-2.068937882454541,2.2392955374322434,-2.1247785398409422,2.1249999999998144,1,18,0.999114159363025,245,0,0,0,NORMAL
72.736,-2.0221856251492394,2.2128849521666476,-2.6520431082879803,618.5908463566866,283.5482928301969,197.3859901002448,TURN_TO_WAYPOINT,2,12,1,2.0,2.0,2,3,2,13,0,9.987669541173856,,,,-2.0221856251492394,2.2128849521666476,-1.9567260907658581,2.3103565843603846,-2.1249599677696454,2.1249999999999396,1,18,0.9998398710783398,245,0,0,0,NORMAL
72.864,-2.0250857477563797,2.2053855533572886,-2.592243471437635,697.6057063883649,315.59763126724306,196.20783091147246,TURN_TO_WAYPOINT,2,12,1,2.0,2.0,2,3,2,13,0,9.995759795809155,,,,-2.0250857477563797,2.2053855533572886,-2.1532831396518377,2.238884061323918,-2.124951912361413,2.12499999999999,1,18,0.9998076494456086,245,0,0,0,NORMAL
72.992,-2.0311169221171137,2.1985199641922533,-2.532543436646013,535.6935977391594,321.3085857606622,181.38241247616355,TURN_TO_WAYPOINT,2,12,1,2.0,2.0,2,3,2,13,0,10.004935808103834,,,,-2.0311169221171137,2.1985199641922533,-2.0724941816526794,2.18008656310511,-2.124968215277586,2.124999999999998,1,18,0.9998728611103344,245,0,0,0,NORMAL
73.12,-2.0324619046886943,2.193262007709096,-2.4805939903393774,433.90226187160226,334.44914119856674,188.76068740084597,TURN_TO_WAYPOINT,2,12,1,2.0,2.0,2,3,2,13,0,10.011173195332622,,,,-2.0324619046886943,2.193262007709096,-2.100434311870899,2.1526717640069233,-2.1249786414529805,2.125,1,18,0.9999145658119216,245,0,0,0,NORMAL
73.248,-2.0323165460215384,2.1891354397813516,-2.4206047926884766,425.60140880270654,368.18256193041225,205.20283760121032,TURN_TO_WAYPOINT,2,12,1,2.0,2.0,2,3,2,13,0,10.015302338534664,,,,-2.0323165460215384,2.1891354397813516,-1.9953932195110025,2.2912884764361183,-2.1249871425166282,2.125,1,18,0.9999485700665129,245,0,0,0,NORMAL
73.376,-2.0321689359998234,2.186169488197994,-2.3605891571449455,450.68285559385544,371.98049810082205,193.3728084268984,TURN_TO_WAYPOINT,2,12,1,2.0,2.0,2,3,2,13,0,10.01827201223718,,,,-2.0321689359998234,2.186169488197994,-1.9667854860062495,2.1629529522206785,-2.124985459723362,2.125,1,18,0.9999418388934492,245,0,0,0,NORMAL
73.504,-2.0320181687440435,2.1841751755295795,-2.3005078646456063,424.3005929505206,372.2588274600071,208.96577328366584,TURN_TO_WAYPOINT,2,12,1,2.0,2.0,2,3,2,13,0,10.020272043759327,,,,-2.0320181687440435,2.1841751755295795,-1.9915682364461975,2.2147119458261253,-2.124994756369746,2.125,1,18,0.9999790254789844,245,0,0,0,NORMAL
73.632,-2.0315941167495932,2.182556799812537,-2.238393284510322,438.26600191067314,376.1667705430797,217.18010147104863,TURN_TO_WAYPOINT,2,12,1,2.0,2.0,2,3,2,13,0,10.021993314477154,,,,-2.0315941167495932,2.182556799812537,-2.042695059925904,2.2142516423085143,-2.124998122655672,2.125,1,18,0.9999924906226896,245,0,0,0,NORMAL
73.76,-2.030687326021041,2.1814262435721856,-2.172918201627144,446.74111164555404,374.3702790291738,227.75028385935235,TURN_TO_WAYPOINT,2,12,1,2.0,2.0,2,3,2,13,0,10.02344263596429,,,,-2.030687326021041,2.1814262435721856,-2.046803659135404,2.2371644304933755,-2.124998693074051,2.125,1,18,0.9999947722962046,245,0,0,0,NORMAL
73.888,-2.030079015158656,2.180876047359219,-2.1096289385528135,453.65587129900615,384.44378677437317,247.06644232277154,TURN_TO_WAYPOINT,2,12,1,2.0,2.0,2,3,2,13,0,10.024304302974617,,,,-2.030079015158656,2.180876047359219,-1.9718042096012107,2.1433196988257843,-2.1249993799652365,2.1249999999999996,1,18,0.9999975198609466,245,0,0,0,NORMAL
74.016,-2.029780416508631,2.1811069745366165,-2.049374657745981,453.94734359997676,387.48099076347876,268.2716240470509,TURN_TO_WAYPOINT,2,12,1,2.0,2.0,2,3,2,13,0,10.024682299782093,,,,-2.029780416508631,2.1811069745366165,-1.9914804541581341,2.204744762759638,-2.1249996929985144,2.125,1,18,0.999998771994058,245,0,0,0,NORMAL
74.144,-2.029358400914991,2.181557061272434,-1.9891885595699175,485.20170161643745,424.2385540133491,291.85515816525475,TURN_TO_WAYPOINT,2,12,1,2.0,2.0,2,3,2,13,0,10.025299902167951,,,,-2.029358400914991,2.181557061272434,-2.0743437767732904,2.259838482958235,-2.124999815628377,2.125,1,18,0.9999992625135092,245,0,0,0,NORMAL
74.272,-2.028838281113768,2.1823153616650566,-1.9290351931206147,534.5011886082883,463.16236014680464,299.3389847590382,TURN_TO_WAYPOINT,2,12,1,2.0,2.0,2,3,2,13,0,10.02622017053338,,,,-2.028838281113768,2.1823153616650566,-2.1072102293601036,2.1862534113061707,-2.1249998449396403,2.1249999999999996,1,18,0.999999379758563,245,0,0,0,NORMAL
74.4,-2.028238691043492,2.183497643613602,-1.8688974091255406,641.4350097291542,561.9818183293813,346.47712103066374,TURN_TO_WAYPOINT,2,12,1,2.0,2.0,2,3,2,13,0,10.027546566526045,,,,-2.028238691043492,2.183497643613602,-2.0342810346447426,2.096714334900303,-2.1249999434899536,2.125,1,18,0.9999997739598137,245,0,0,0,NORMAL
74.528,-2.0275807398293355,2.1852625364395606,-1.8087681578579708,799.274517561176,703.4176497296569,380.5947567555161,TURN_TO_WAYPOINT,2,12,1,2.0,2.0,2,3,2,13,0,10.029430912906648,,,,-2.0275807398293355,2.1852625364395606,-2.1132559573191827,2.2085541160055873,-2.124999926071739,2.125,1,18,0.9999997042869572,245,0,0,0,NORMAL
74.656,-2.0268998500372937,2.1878310899814153,-1.7486436591900008,1000.0,994.3446781725876,442.8029512912386,TURN_TO_WAYPOINT,2,12,1,2.0,2.0,2,3,2,13,0,10.03208905364342,,,,-2.0268998500372937,2.1878310899814153,-2.013853716565171,2.237106370771733,-2.124999965975809,2.1249999999999996,1,18,0.9999998639032376,245,0,0,0,NORMAL
74.784,-2.0262601392302613,2.191510576591126,-1.6885198197060438,388.5984184852608,1000.0,494.2131612067553,TURN_TO_WAYPOINT,2,12,1,2.0,2.0,2,3,2,13,0,10.035824730955069,,,,-2.0262601392302613,2.191510576591126,-2.0158168336629156,2.1671677435417016,-2.124999982341915,2.125,1,18,0.9999999293676584,245,0,0,0,NORMAL
74.912,-2.026000377251959,2.1939710042357317,-1.6420778139092727,301.98761456366555,1000.0,562.0497631035588,DRIVE_TO_WAYPOINT,2,12,1,2.0,2.0,2,3,2,13,0,10.038471586915524,,,,-2.026000377251959,2.1939710042357317,-2.0060176758332506,2.136679318436988,-2.1249999904682726,2.125,1,18,0.9999999618730906,245,0,0,0,NORMAL
75.04,-2.028052471796862,2.165474894081968,-1.6420888435449827,322.7737583020288,1000.0,544.2417361769916,DRIVE_TO_WAYPOINT,2,12,1,2.0,2.0,2,3,2,13,0,10.06704149061596,,,,-2.028052471796862,2.165474894081968,-2.056899429355057,2.153082140064204,-2.124180459469248,2.11888826471626,1,18,0.9722748967551644,245,0,0,0,NORMAL
75.168,-2.0301426223992376,2.136341211507393,-1.6420946997058488,327.8489246074126,996.1324405899694,545.5721265043665,DRIVE_TO_WAYPOINT,2,12,1,2.0,2.0,2,3,2,13,0,10.096250054300828,,,,-2.0301426223992376,2.136341211507393,-1.9933133981947764,2.196334139081808,-2.1233715982470187,2.115945757295867,1,18,0.9573021505669427,245,0,0,0,NORMAL
75.296,-2.0322102575518453,2.107457448650967,-1.6420963290292299,327.9585940385074,1000.0,552.2701725752552,DRIVE_TO_WAYPOINT,2,12,1,2.0,2.0,2,3,2,13,0,10.125207728116228,,,,-2.0322102575518453,2.107457448650967,-1.8825576425627335,2.2052553865956384,-2.121159272512048,2.1076112372367,1,18,0.9152416203194051,245,0,0,0,NORMAL
75.424,-2.0342682933045664,2.078672122032561,-1.6420966847717902,1000.0,1000.0,538.278532011322,DRIVE_TO_WAYPOINT,2,12,1,2.0,2.0,2,3,2,13,0,10.154066531624567,,,,-2.0342682933045664,2.078672122032561,-2.0105588227476483,2.0468734467625134,-2.1221851945340484,2.0905024424459073,1,18,0.8515433270315337,245,0,0,0,NORMAL
75.552,-2.036322454259796,2.049923499532519,-1.6420967198207883,1000.0,989.6144034763196,512.8559881907497,DRIVE_TO_WAYPOINT,2,12,1,2.0,2.0,2,3,2,13,0,10.182888448162712,,,,-2.036322454259796,2.049923499532519,-2.034341478775861,2.0180973436322254,-2.11562523658911,2.0804436786518283,1,18,0.7857476935960188,245,0,0,0,NORMAL
75.68,-2.038375085726089,2.0211885487903944,-1.642096705121925,995.9081198779947,992.2366066090377,528.0461358155953,DRIVE_TO_WAYPOINT,2,12,1,2.0,2.0,2,3,2,13,0,10.211696618706808,,,,-2.038375085726089,2.0211885487903944,-2.1147191707299453,1.9411966439189547,-2.1189159606216044,2.0615599538325116,1,18,0.7247625410938039,245,0,0,0,NORMAL
75.808,-2.0404271310784305,1.9924586931519626,-1.642096698810469,1000.0,992.3911367738281,525.9957675028201,DRIVE_TO_WAYPOINT,2,12,1,2.0,2.0,2,3,2,13,0,10.240499665336193,,,,-2.0404271310784305,1.9924586931519626,-2.0619379206666117,1.9898684563922873,-2.122469996285323,2.006439541745372,1,18,0.5266600414902456,245,0,0,0,NORMAL
75.936,-2.042478959688236,1.963730737293897,-1.6420967038247436,995.2159386528515,1000.0,531.2169215892076,DRIVE_TO_WAYPOINT,2,12,1,2.0,2.0,2,3,2,13,0,10.269300801571195,,,,-2.042478959688236,1.963730737293897,-2.0029751384384435,1.9633695307102927,-2.1223928258687255,2.0098302071449607,1,18,0.535247966520492,245,0,0,0,NORMAL
76.064,-2.0445307112375146,1.9350034901447843,-1.6420967141129041,995.4053674083798,1000.0,524.8764395236553,DRIVE_TO_WAYPOINT,2,12,1,2.0,2.0,2,3,2,13,0,10.298101225408114,,,,-2.0445307112375146,1.9350034901447843,-2.1296281442698133,1.8568993644837974,-2.1235233700890737,1.962304430191858,1,17,0.6171796323420586,245,0,0,0,NORMAL
76.192,-2.046582436464481,1.9062765074980823,-1.6420967249168135,986.7945860105945,984.659325718459,518.6181373000385,DRIVE_TO_WAYPOINT,2,12,1,2.0,2.0,2,3,2,13,0,10.326901383539466,,,,-2.046582436464481,1.9062765074980823,-2.0978776689071044,2.032110192770292,-2.1240368423933713,1.9231747599918751,1,17,0.7557844612295512,245,0,0,0,NORMAL
76.32,-2.0486341530137095,1.8775496236045683,-1.642096733558285,980.8122481389348,998.7510434889374,512.3052503708946,DRIVE_TO_WAYPOINT,2,12,1,2.0,2.0,2,3,2,13,0,10.35570144255034,,,,-2.0486341530137095,1.8775496236045683,-2.0245773711148383,1.85831085463119,-2.1244255613075556,1.8928070504979218,1,17,0.8557315367247736,245,0,0,0,NORMAL
76.448,-2.050685866752675,1.8488227765890162,-1.6420967386811482,1000.0,996.5371626471392,511.4553899831451,DRIVE_TO_WAYPOINT,2,12,1,2.0,2.0,2,3,2,13,0,10.384501464576747,,,,-2.050685866752675,1.8488227765890162,-1.9200075612476561,1.831473531543523,-2.124771886446461,1.8823833385399658,1,17,0.904158645754015,245,0,0,0,NORMAL
76.576,-2.052737579546382,1.8200959433441537,-1.6420967397254396,982.4138497745632,1000.0,489.92274783419856,DRIVE_TO_WAYPOINT,2,12,1,2.0,2.0,2,3,2,13,0,10.413301472800114,,,,-2.052737579546382,1.8200959433441537,-1.9922609890503646,1.7551747662488217,-2.124854924865132,1.8735227766785991,1,17,0.9308219713358548,245,0,0,0,NORMAL
76.704,-2.0547892919572175,1.7913691152376683,-1.642096736723996,1000.0,1000.0,493.67011223084813,DRIVE_TO_WAYPOINT,2,12,1,2.0,2.0,2,3,2,13,0,10.442101475870883,,,,-2.0547892919572175,1.7913691152376683,-2.129449978649747,1.7432712928656684,-2.1249441917295036,1.866616195938329,1,17,0.9402851355230717,245,0,0,0,NORMAL
76.832,-2.056841004139362,1.7626422890434899,-1.6420967302322638,1000.0,989.6244067805119,484.5627455696841,DRIVE_TO_WAYPOINT,2,12,1,2.0,2.0,2,3,2,13,0,10.470901477017915,,,,-2.056841004139362,1.7626422890434899,-2.005164135393858,1.7269452069660007,-2.1249867680971417,1.8591036153864773,1,17,0.9288028248246292,245,0,0,0,NORMAL
76.96,-2.058892716125785,1.7339154635554292,-1.6420967212570865,995.0379498128202,1000.0,492.0512219217124,DRIVE_TO_WAYPOINT,2,12,1,2.0,2.0,2,3,2,13,0,10.499701477446676,,,,-2.058892716125785,1.7339154635554292,-2.027833043145379,1.6420601233142706,-2.124994035101072,1.8608538844420186,1,17,0.9403386617577423,245,0,0,0,NORMAL
77.088,-2.0609444279211826,1.705188638322619,-1.6420967111326825,994.3491070869824,1000.0,475.55952066257163,DRIVE_TO_WAYPOINT,2,12,1,2.0,2.0,2,3,2,13,0,10.528501477607229,,,,-2.0609444279211826,1.705188638322619,-2.0146405008008066,1.5990466502490814,-2.1249991530850885,1.8129236281491148,1,17,0.7542353932972,245,0,0,0,NORMAL
77.216,-2.062996139534148,1.6764618131773164,-1.6420967013434036,998.2138007580353,1000.0,489.7462918925787,DRIVE_TO_WAYPOINT,2,12,1,2.0,2.0,2,3,2,13,0,10.557301477667501,,,,-2.062996139534148,1.6764618131773164,-1.983206462346125,1.6151947327558775,-2.124998499552643,1.7636736499216532,1,17,0.5641646742223451,245,0,0,0,NORMAL
77.344,-2.0650478509886234,1.6477349880584873,-1.642096693317302,998.2232390336098,1000.0,492.1389806558366,DRIVE_TO_WAYPOINT,2,12,1,2.0,2.0,2,3,2,13,0,10.586101477690075,,,,-2.0650478509886234,1.6477349880584873,-2.1240943488852797,1.6353801808925494,-2.124996538172631,1.7302437678349292,1,16,0.5529573425859385,245,0,0,0,NORMAL
77.472,-2.067099562326165,1.6190081629456936,-1.6420966882229615,1000.0,1000.0,474.4123333440911,DRIVE_TO_WAYPOINT,2,12,1,2.0,2.0,2,3,2,13,0,10.614901477698298,,,,-2.067099562326165,1.6190081629456936,-2.0539860536928147,1.7047028715590478,-2.1249870090562992,1.627253377617636,1,16,0.8185292499500724,245,0,0,0,NORMAL
77.6,-2.069151273602742,1.5902813378340874,-1.64209668680149,1000.0,988.2285745128077,477.16949344492934,DRIVE_TO_WAYPOINT,2,12,1,2.0,2.0,2,3,2,13,0,10.643701477700995,,,,-2.069151273602742,1.5902813378340874,-2.0536909386492783,1.5459684713800341,-2.1249896115728886,1.6319006948028298,1,16,0.8921831792161758,245,0,0,0,NORMAL
77.728,-2.071202984882016,1.5615545127247248,-1.6420966892595183,988.725255327649,997.6698801005176,445.1516635924172,DRIVE_TO_WAYPOINT,2,12,1,2.0,2.0,2,3,2,13,0,10.672501477701646,,,,-2.071202984882016,1.5615545127247248,-2.1471941512446024,1.50330137481154,-2.1249628012894455,1.5958695485287113,1,16,0.8650183790500717,245,0,0,0,NORMAL
77.856,-2.07325469622675,1.532827687620613,-1.6420966952394767,989.8080009645587,997.9805925283979,475.56932543846347,DRIVE_TO_WAYPOINT,2,12,1,2.0,2.0,2,3,2,13,0,10.70130147770172,,,,-2.07325469622675,1.532827687620613,-2.0823990549608684,1.512741302396841,-2.124945533914831,1.598667216672156,1,16,0.8893775487476318,245,0,0,0,NORMAL
77.984,-2.075306407689973,1.5041008625249266,-1.642096703871701,1000.0,999.6324380499149,449.9549893942791,DRIVE_TO_WAYPOINT,2,12,1,2.0,2.0,2,3,2,13,0,10.730101477701835,,,,-2.075306407689973,1.5041008625249266,-2.163250201560166,1.481748760572459,-2.1248571724772423,1.541779908181812,1,16,0.6726350862876515,245,0,0,0,NORMAL
78.112,-2.0773581193073793,1.4753740374400668,-1.6420967139009086,996.5307853136276,1000.0,463.5598258586459,DRIVE_TO_WAYPOINT,2,12,1,2.0,2.0,2,3,2,13,0,10.758901477702132,,,,-2.0773581193073793,1.4753740374400668,-2.0584059440737343,1.493059620435682,-2.124786399730414,1.530874916168279,1,16,0.6287678061689033,245,0,0,0,NORMAL
78.24,-2.079409831092181,1.4466472123670993,-1.6420967238686894,999.757330110147,998.3939449116234,434.5633587790565,DRIVE_TO_WAYPOINT,2,12,1,2.0,2.0,2,3,2,13,0,10.787701477702491,,,,-2.079409831092181,1.4466472123670993,-2.1329341860530757,1.5313167861150574,-2.1244405425695545,1.4795628575220885,1,15,0.5498055394103827,245,0,0,0,NORMAL
78.368,-2.0814615430332166,1.4179203873054465,-1.6420967323255082,1000.0,990.8596601984052,457.9542580159499,DRIVE_TO_WAYPOINT,2,12,1,2.0,2.0,2,3,2,13,0,10.816501477702696,,,,-2.0814615430332166,1.4179203873054465,-2.0639575121181,1.4562288167375579,-2.1245052210222104,1.4872446643302095,1,15,0.5331658179843672,245,0,0,0,NORMAL
78.496,-2.083513255096602,1.389193562252844,-1.6420967380414593,1000.0,1000.0,452.66125621446326,DRIVE_TO_WAYPOINT,2,12,1,2.0,2.0,2,3,2,13,0,10.845301477702588,,,,-2.083513255096602,1.389193562252844,-2.0978235866238006,1.44291860754198,-2.12431363953787,1.4993718162953402,1,16,0.5033708962960898,245,0,0,0,NORMAL
78.624,-2.0855649672306784,1.3604667372055916,-1.6420967401851414,1000.0,988.7789693360744,454.24190819038193,DRIVE_TO_WAYPOINT,2,12,1,2.0,2.0,2,3,2,13,0,10.874101477702181,,,,-2.0855649672306784,1.3604667372055916,-2.0624926636085545,1.417010650093921,-2.123391845451544,1.415447338220106,1,15,0.7523635903483842,245,0,0,0,NORMAL
78.752,-2.087616679373536,1.3317399121590916,-1.6420967384446323,997.1056888285933,1000.0,434.6908186231355,DRIVE_TO_WAYPOINT,2,12,1,2.0,2.0,2,3,2,13,0,10.902901477701649,,,,-2.087616679373536,1.3317399121590916,-2.1253628246078375,1.3445562014645023,-2.12371189951538,1.359368753403945,1,15,0.851530936295349,245,0,0,0,NORMAL
78.88,-2.0896683914620096,1.3030130871085872,-1.6420967330729472,989.8442342460396,991.6981561144943,431.6451270396018,DRIVE_TO_WAYPOINT,2,12,1,2.0,2.0,2,3,2,13,0,10.931701477701239,,,,-2.0896683914620096,1.3030130871085872,-2.0288629642767524,1.2589964641091815,-2.124168250241939,1.3716468798060455,1,15,0.92296560000197,245,0,0,0,NORMAL
79.008,-2.091720103440846,1.2742862620499547,-1.6420967248513054,1000.0,1000.0,433.48662259885697,DRIVE_TO_WAYPOINT,2,12,1,2.0,2.0,2,3,2,13,0,10.960501477701122,,,,-2.091720103440846,1.2742862620499547,-2.0178475499331148,1.2149934278350856,-2.1233228717681554,1.3412684041211351,1,15,0.8520554160475523,245,0,0,0,NORMAL
79.136,-2.0937718152707183,1.2455594369803749,-1.6420967149755075,1000.0,1000.0,432.9375096593206,DRIVE_TO_WAYPOINT,2,12,1,2.0,2.0,2,3,2,13,0,10.989301477701314,,,,-2.0937718152707183,1.2455594369803749,-2.0619096060665694,1.2547634876279175,-2.12450259572567,1.3507761484470324,1,15,0.8988174706546843,245,0,0,0,NORMAL
79.264,-2.095823526933933,1.2168326118987465,-1.642096704881977,1000.0,990.2228308176435,411.89134765496215,DRIVE_TO_WAYPOINT,2,12,1,2.0,2.0,2,3,2,13,0,11.018101477701652,,,,-2.095823526933933,1.2168326118987465,-2.1639115647953124,1.16727897794522,-2.1238444722558394,1.3153122881946848,1,15,0.7597913744567976,245,0,0,0,NORMAL
79.392,-2.097875238437012,1.1881057868057794,-1.6420966960387593,1000.0,1000.0,434.0507249886449,DRIVE_TO_WAYPOINT,2,12,1,2.0,2.0,2,3,2,13,0,11.046901477701892,,,,-2.097875238437012,1.1881057868057794,-2.1238852736315303,1.1758447615040815,-2.122517573112346,1.3011692073913292,1,15,0.7005491983808162,245,0,0,0,NORMAL
79.52,-2.0999269498097606,1.159378961703791,-1.642096689731957,1000.0,1000.0,416.3155035724737,DRIVE_TO_WAYPOINT,2,12,1,2.0,2.0,2,3,2,13,0,11.075701477701845,,,,-2.0999269498097606,1.159378961703791,-2.049452485919283,1.2225916948692952,-2.121363236766811,1.2555332456648982,1,15,0.5237610396243254,245,0,0,0,NORMAL
79.648,-2.101639379317559,1.1354025552563627,-1.6420966891069928,950.5000899707924,995.3015899352033,414.8687589595721,TURN_TO_WAYPOINT,3,12,1,2.0,2.0,2,3,2,13,0,11.099738958454859,,,,-2.101639379317559,1.1354025552563627,-2.085738600115085,1.1715000624671208,-2.120821964630022,1.1800148766378085,1,14,0.7012500250572481,245,0,0,0,NORMAL
79.776,-2.1019437520924105,1.1264139660538763,-1.5819476897646338,545.1809606071153,456.94198046913425,486.8626317252729,TURN_TO_WAYPOINT,3,12,1,2.0,2.0,2,3,2,13,0,11.108735037178896,,,,-2.1019437520924105,1.1264139660538763,-2.0671530883477582,1.1529800995172017,-2.123334545561526,1.1698984236330918,1,14,0.798476806449579,245,0,0,0,NORMAL
79.904,-2.1017580456552425,1.1265176625726174,-1.5221209419963548,547.345237052758,482.87692955656354,562.4235122954989,TURN_TO_WAYPOINT,3,12,1,2.0,2.0,2,3,2,13,0,11.113135802359588,,,,-2.1017580456552425,1.1265176625726174,-2.1437151098115232,1.0906334469383798,-2.1244473287711796,1.138038842786647,1,14,0.9349820557153125,245,0,0,0,NORMAL
80.032,-2.1018199997772404,1.129957569986872,-1.462017766404394,849.3673919016135,716.2198723319663,671.40956052707,TURN_TO_WAYPOINT,3,12,1,2.0,2.0,2,3,2,13,0,11.116577438857453,,,,-2.1018199997772404,1.129957569986872,-2.1434192571190755,1.1188581725388795,-2.1247307549136267,1.130937729377923,1,14,0.9714095079690915,245,0,0,0,NORMAL
80.16,-2.102274538212395,1.1341797826806361,-1.4018874552626155,994.0905871999671,1000.0,838.0264949926415,TURN_TO_WAYPOINT,3,12,1,2.0,2.0,2,3,2,13,0,11.120825236866578,,,,-2.102274538212395,1.1341797826806361,-2.147227259832892,1.064004308700285,-2.124910343829485,1.1276488092079253,1,14,0.9877518467646478,245,0,0,0,NORMAL
80.288,-2.103004327587316,1.138249022945638,-1.3404187812106705,1000.0,988.4706541575025,991.0532052061383,TURN_TO_WAYPOINT,3,12,1,2.0,2.0,2,3,2,13,0,11.124959957174239,,,,-2.103004327587316,1.138249022945638,-2.1406124988356736,1.134096836910899,-2.1249635594694762,1.1262955250102495,1,14,0.994273606453285,245,0,0,0,NORMAL
80.416,-2.1029660713820824,1.1381313681334557,-1.2802329197105708,991.5539957067235,950.8751178762607,1000.0,TURN_TO_WAYPOINT,3,12,1,2.0,2.0,2,3,2,13,0,11.125083876767759,,,,-2.1029660713820824,1.1381313681334557,-2.1774253129133743,1.0746787123428392,-2.1249802361413015,1.1261712951568656,1,14,0.9951698963798213,245,0,0,0,NORMAL
80.544,-2.1029314465628106,1.138081177319022,-1.220061023590877,1000.0,945.517015254293,984.0856475288726,TURN_TO_WAYPOINT,3,12,1,2.0,2.0,2,3,2,13,0,11.12514504041575,,,,-2.1029314465628106,1.138081177319022,-2.1953588351103464,1.1526682525619663,-2.124978835360391,1.1252522834220688,1,14,0.9988619050756526,245,0,0,0,NORMAL
80.672,-2.1029005541662564,1.138057806432486,-1.1598596802720353,1000.0,970.003765577219,1000.0,TURN_TO_WAYPOINT,3,12,1,2.0,2.0,2,3,2,13,0,11.12518397047708,,,,-2.1029005541662564,1.138057806432486,-2.1017461361664727,1.1056874752619479,-2.1249962293565026,1.1252127617835408,1,14,0.9991260992300246,245,0,0,0,NORMAL
80.8,-2.1028722117005008,1.1380525223754183,-1.0996621132906061,1000.0,1000.0,1000.0,TURN_TO_WAYPOINT,3,12,1,2.0,2.0,2,3,2,13,0,11.125213166522505,,,,-2.1028722117005008,1.1380525223754183,-2.1214551942322433,1.195117494041651,-2.1249988489250327,1.1252358656851151,1,14,0.9990509137258856,245,0,0,0,NORMAL
80.928,-2.1028456390726302,1.138063861261495,-1.0394758956755261,1000.0,982.6473532414445,1000.0,TURN_TO_WAYPOINT,3,12,1,2.0,2.0,2,3,2,13,0,11.125242377437386,,,,-2.1028456390726302,1.138063861261495,-2.2352667236988526,1.1209702224217668,-2.1249996161280955,1.1251545134792644,1,14,0.9993801842930873,245,0,0,0,NORMAL
81.056,-2.102820527554001,1.138085799694094,-0.9793014733970081,1000.0,998.421031230216,994.1754312613598,TURN_TO_WAYPOINT,3,12,1,2.0,2.0,2,3,2,13,0,11.125275726213836,,,,-2.102820527554001,1.138085799694094,-2.1979967532232587,1.2267099542121527,-2.124999839338056,1.1251237941669254,1,14,0.9995041398045841,245,0,0,0,NORMAL
81.184,-2.102796615002292,1.1381068193086996,-0.9191377501356806,999.7831724260421,996.0786065723934,1000.0,TURN_TO_WAYPOINT,3,12,1,2.0,2.0,2,3,2,13,0,11.12530756400684,,,,-2.102796615002292,1.1381068193086996,-2.129201390758285,1.0926656869779634,-2.1249999388911123,1.1250469199619066,1,14,0.9998120599450515,245,0,0,0,NORMAL
81.312,-2.1027738134763765,1.1381264348262903,-0.858983310927128,989.9652560957559,1000.0,1000.0,TURN_TO_WAYPOINT,3,12,1,2.0,2.0,2,3,2,13,0,11.125337641972445,,,,-2.1027738134763765,1.1381264348262903,-2.0567151623588664,1.0899048488805974,-2.1249999703204034,1.1250307255444743,1,14,0.9998769756091644,245,0,0,0,NORMAL
81.44,-2.102752160782218,1.1381461901488854,-0.7988324290753944,996.8420386016261,995.9528736920606,997.1541993601883,TURN_TO_WAYPOINT,3,12,1,2.0,2.0,2,3,2,13,0,11.125366956875046,,,,-2.102752160782218,1.1381461901488854,-2.044775016545109,1.3067908807656217,-2.124999984435199,1.125018529135183,1,14,0.9999258203593608,246,0,0,0,NORMAL
81.568,-2.1027317585957506,1.1381672482902334,-0.7386816605656681,991.9480927147115,992.9279427205079,887.0350633266137,TURN_TO_WAYPOINT,3,12,1,2.0,2.0,2,3,2,13,0,11.12539628173572,,,,-2.1027317585957506,1.1381672482902334,-2.0670538870395845,1.1363679689378572,-2.1249999937675645,1.125007409801044,1,14,0.9999703355594867,246,0,0,0,NORMAL
81.696,-2.1027126749591276,1.138189513623088,-0.6785316051968645,544.1842649528751,1000.0,932.7241937372388,TURN_TO_WAYPOINT,3,12,1,2.0,2.0,2,3,2,13,0,11.12542561051992,,,,-2.1027126749591276,1.138189513623088,-2.092604396579584,1.1158782695614438,-2.124999997617888,1.125004630498733,1,14,0.9999814684053415,246,0,0,0,NORMAL
81.824,-2.102694972361051,1.1382128931476672,-0.6183828626021916,560.4454628108425,1000.0,957.2962271150498,TURN_TO_WAYPOINT,3,12,1,2.0,2.0,2,3,2,13,0,11.12545494018564,,,,-2.102694972361051,1.1382128931476672,-2.1899396404539355,1.3452448942913242,-2.1249999992973216,1.1250019042649724,1,14,0.9999923801041645,246,0,0,0,NORMAL
81.952,-2.102678712054699,1.1382372971514052,-0.5582360126863838,548.1743986262862,998.9180230452176,1000.0,TURN_TO_WAYPOINT,3,12,1,2.0,2.0,2,3,2,13,0,11.125484269303865,,,,-2.102678712054699,1.1382372971514052,-2.0179930515983555,1.1327822464347874,-2.1249999994197672,1.1250007345389197,1,14,0.999997059513887,246,0,0,0,NORMAL
82.08,-2.1026639515050642,1.1382626349170768,-0.49809161218530684,545.7507125690402,1000.0,1000.0,TURN_TO_WAYPOINT,3,12,1,2.0,2.0,2,3,2,13,0,11.125513597105211,,,,-2.1026639515050642,1.1382626349170768,-2.1131640043609896,1.0752295114604642,-2.1249999996637134,1.1250005437718533,1,14,0.9999978235655783,246,0,0,0,NORMAL
82.208,-2.102650743192138,1.1382888133647056,-0.43795019581164946,1000.0,1000.0,997.7076324317392,TURN_TO_WAYPOINT,3,12,1,2.0,2.0,2,3,2,13,0,11.125542923101538,,,,-2.102650743192138,1.1382888133647056,-2.130243608914572,1.1514859690321195,-2.1249999998418714,1.1250002084139699,1,14,0.9999991657108985,247,0,0,0,NORMAL
82.336,-2.1026391340419814,1.1383157368072796,-0.3778122780054344,1000.0,997.4353878973185,1000.0,TURN_TO_WAYPOINT,3,12,1,2.0,2.0,2,3,2,13,0,11.125572246935784,,,,-2.1026391340419814,1.1383157368072796,-2.176715913062163,1.1116486908883914,-2.1249999998178453,1.1250000593475413,1,14,0.9999997618808552,250,0,0,0,NORMAL
82.464,-2.1026291651288567,1.1383433071102957,-0.31767835412532247,987.2357996375731,1000.0,999.1223483928336,TURN_TO_WAYPOINT,3,12,1,2.0,2.0,2,3,2,13,0,11.125601568322042,,,,-2.1026291651288567,1.1383433071102957,-2.18400936311829,1.1429806941352727,-2.1249999999117417,1.1250000473694832,1,14,0.9999998101689689,250,0,0,0,NORMAL
82.592,-2.102620871501931,1.138371423996661,-0.2575489009005164,996.626584631673,985.471061217505,987.750681747921,TURN_TO_WAYPOINT,3,12,1,2.0,2.0,2,3,2,13,0,11.125630887021378,,,,-2.102620871501931,1.138371423996661,-2.0212162461230427,1.1308232487926433,-2.1249999999141282,1.1250000154550153,1,14,0.9999999378364218,250,0,0,0,NORMAL
82.72,-2.102614282076736,1.138399985402224,-0.19742437625987527,1000.0,1000.0,1000.0,TURN_TO_WAYPOINT,3,12,1,2.0,2.0,2,3,2,13,0,11.125660202831614,,,,-2.102614282076736,1.138399985402224,-2.161554828748322,1.0554975543690412,-2.124999999942083,1.1250000093557058,1,14,0.9999999623455034,250,0,0,0,NORMAL
82.848,-2.102609419566335,1.1384288878465736,-0.13730521870976056,1000.0,590.6838387896548,989.2899442328683,TURN_TO_WAYPOINT,3,12,1,2.0,2.0,2,3,2,13,0,11.125689515582362,,,,-2.102609419566335,1.1384288878465736,-2.1570577083388196,1.1197583546379075,-2.124999999971581,1.125000008803902,1,14,0.9999999646707143,250,0,0,0,NORMAL
82.976,-2.1026063004409004,1.1384580268055269,-0.07719184641250675,997.8485232667637,595.7298185930194,1000.0,DRIVE_TO_WAYPOINT,3,12,1,2.0,2.0,2,3,2,13,0,11.1257188251318,,,,-2.1026063004409004,1.1384580268055269,-2.0602929075116294,1.1979221745570416,-2.124999999988409,1.125000003540258,1,14,0.9999999857926029,250,0,0,0,NORMAL
83.104,-2.08159202420068,1.1368311701300622,-0.07718483183715961,991.9354666696921,562.8556765477174,1000.0,DRIVE_TO_WAYPOINT,3,12,1,2.0,2.0,2,3,2,13,0,11.14679720500638,,,,-2.08159202420068,1.1368311701300622,-2.0845882111147183,1.181103191900955,-2.1131422822746737,1.1251642872548486,1,14,0.9502726536021763,250,0,0,0,NORMAL
83.232,-2.052564848369878,1.1345832586236178,-0.07719278378892261,1000.0,550.394185585319,1000.0,DRIVE_TO_WAYPOINT,3,12,1,2.0,2.0,2,3,2,13,0,11.175911291680833,,,,-2.052564848369878,1.1345832586236178,-2.0772956519597345,1.0629024377206953,-2.113494973530054,1.1264522743015237,1,14,0.9461301281859875,250,0,0,0,NORMAL
83.36,-2.023723877572094,1.1323502574878388,-0.07719528246378737,1000.0,507.53507382825927,999.7383097210644,DRIVE_TO_WAYPOINT,3,12,1,2.0,2.0,2,3,2,13,0,11.204838577946918,,,,-2.023723877572094,1.1323502574878388,-1.9991413863821528,1.2106538358577643,-2.106296836864977,1.1254565000790036,1,14,0.9180569200190913,250,0,0,0,NORMAL
83.488,-1.9949623845657167,1.1301244208430214,-0.07719595311209472,990.3517484026823,493.46951313655995,998.2827995853505,DRIVE_TO_WAYPOINT,3,12,1,2.0,2.0,2,3,2,13,0,11.233686070537853,,,,-1.9949623845657167,1.1301244208430214,-1.950230125214004,1.0521900874203587,-2.104716515318446,1.125683787413303,1,14,0.9114697445114314,250,0,0,0,NORMAL
83.616,-1.9662305640523685,1.1279015399037768,-0.07719609194006573,1000.0,442.77516498847206,1000.0,DRIVE_TO_WAYPOINT,3,12,1,2.0,2.0,2,3,2,13,0,11.262503751043022,,,,-1.9662305640523685,1.1279015399037768,-1.9629547876542575,0.9928141572097763,-2.0553241661087935,1.1250580247851445,1,14,0.7193089153102453,250,0,0,0,NORMAL
83.744,-1.9375097838214874,1.1256798297756705,-0.0771961053961016,992.2825918390786,424.2665498927688,997.8186393137421,DRIVE_TO_WAYPOINT,3,12,1,2.0,2.0,2,3,2,13,0,11.29131033384916,,,,-1.9375097838214874,1.1256798297756705,-2.0347250386049,0.9990872936270093,-2.016034774603166,1.124764202298945,1,14,0.5681921730783424,250,0,0,0,NORMAL
83.872,-1.9087931134404206,1.1234585608404977,-0.07719610055668344,991.2926498356388,394.4648397902089,1000.0,DRIVE_TO_WAYPOINT,3,12,1,2.0,2.0,2,3,2,13,0,11.320112785020155,,,,-1.9087931134404206,1.1234585608404977,-1.89541079772915,1.1495528941167097,-1.9356809871377525,1.126360638375297,2,14,0.6852756148158273,250,0,0,0,NORMAL
84.0,-1.880077973950062,1.1212374482078284,-0.0771960984444199,991.1776983040314,376.02455293844383,998.953509138583,DRIVE_TO_WAYPOINT,3,12,1,2.0,2.0,2,3,2,13,0,11.348913697805653,,,,-1.880077973950062,1.1212374482078284,-1.9641835746496914,0.9947460268395651,-1.8927375582231223,1.124932499621759,2,14,0.8261475713089508,250,0,0,0,NORMAL
84.128,-1.8513634050517522,1.1190163869079595,-0.07719610071301422,1000.0,344.74608513377524,1000.0,DRIVE_TO_WAYPOINT,3,12,1,2.0,2.0,2,3,2,13,0,11.377714037739645,,,,-1.8513634050517522,1.1190163869079595,-1.8536778175261748,1.069768639695181,-1.87894421575446,1.123495956199573,2,14,0.8862671592681561,250,0,0,0,NORMAL
84.256,-1.8226490489356155,1.1167953409059177,-0.07719610651935363,999.1827221301404,312.73926853081485,999.9124610108164,DRIVE_TO_WAYPOINT,3,12,1,2.0,2.0,2,3,2,13,0,11.406514164345403,,,,-1.8226490489356155,1.1167953409059177,-1.8502886965368872,1.061945349884321,-1.831697293086754,1.1243715529633411,2,14,0.808421124476257,250,0,0,0,NORMAL
84.384,-1.7939347721992709,1.1145742988610063,-0.07719611520444362,985.594791441606,284.5507135630186,988.1508016643078,DRIVE_TO_WAYPOINT,3,12,1,2.0,2.0,2,3,2,13,0,11.435314211502597,,,,-1.7939347721992709,1.1145742988610063,-1.941583644685237,1.0408648828558478,-1.8293410715474525,1.1238823101669166,2,14,0.8072245712111976,250,0,0,0,NORMAL
84.512,-1.7652205250832256,1.1123532575776343,-0.07719612606122737,997.8575013456349,237.18189073776088,1000.0,DRIVE_TO_WAYPOINT,3,12,1,2.0,2.0,2,3,2,13,0,11.464114229068976,,,,-1.7652205250832256,1.1123532575776343,-1.8639057764455687,1.2131415151723692,-1.8431572232184765,1.1246274831787086,2,14,0.86438828149096,250,0,0,0,NORMAL
84.64,-1.7365062890231513,1.1101322162814302,-0.0771961380320324,1000.0,210.60331969898996,996.5188449172463,DRIVE_TO_WAYPOINT,3,12,1,2.0,2.0,2,3,2,13,0,11.4929142356133,,,,-1.7365062890231513,1.1101322162814302,-1.6940351017694972,1.0963651141311617,-1.8206032054087455,1.1242207429982831,2,14,0.7754929244347781,250,0,0,0,NORMAL
84.768,-1.7077920570933844,1.1079111748284747,-0.07719614972833608,1000.0,184.59553357867048,989.0508077948369,DRIVE_TO_WAYPOINT,3,12,1,2.0,2.0,2,3,2,13,0,11.521714238051706,,,,-1.7077920570933844,1.1079111748284747,-1.7390292887294574,1.134506454661985,-1.795861140853158,1.1238723303558011,2,14,0.6769695849100446,250,0,0,0,NORMAL
84.896,-1.679077826710159,1.1056901332177507,-0.07719615964791121,1000.0,174.3871600815088,1000.0,DRIVE_TO_WAYPOINT,3,12,1,2.0,2.0,2,3,2,13,0,11.550514238960343,,,,-1.679077826710159,1.1056901332177507,-1.6931761339881326,1.1065496942801047,-1.7529785202360009,1.123807438457988,2,14,0.506877035526412,250,0,0,0,NORMAL
85.024,-1.6551119326755108,1.1038363745994313,-0.07719616291547136,1000.0,152.70318050055522,1000.0,TURN_TO_WAYPOINT,4,12,1,2.0,2.0,2,3,2,13,0,11.574551720065797,,,,-1.6551119326755108,1.1038363745994313,-1.6624172285382508,1.1084334619047478,-1.7001344545665855,1.1236352196308632,3,14,0.693574740714823,250,0,0,0,NORMAL
85.152,-1.6461772167749518,1.1028075898748104,-0.13735008108244695,537.4682772625671,141.94618178929238,552.5533763653633,TURN_TO_WAYPOINT,4,12,1,2.0,2.0,2,3,2,13,0,11.583547806979821,,,,-1.6461772167749518,1.1028075898748104,-1.6596604015740906,1.1549312003046106,-1.6801630029146728,1.122878376613029,3,14,0.7727669233206581,250,0,0,0,NORMAL
85.28,-1.6463830800915482,1.1026527889736675,-0.19739093421793696,558.7534210445513,150.91608488582867,571.1045675679588,TURN_TO_WAYPOINT,4,12,1,2.0,2.0,2,3,2,13,0,11.588025224551329,,,,-1.6463830800915482,1.1026527889736675,-1.6227866685302275,1.088020039397168,-1.641325784769521,1.12422886794767,3,14,0.9317166072187293,250,0,0,0,NORMAL
85.408,-1.6498368593741202,1.1032384214807527,-0.25751059766289114,863.6026269580893,135.42399886077945,876.3432544016747,TURN_TO_WAYPOINT,4,12,1,2.0,2.0,2,3,2,13,0,11.59152948654252,,,,-1.6498368593741202,1.1032384214807527,-1.5962966440690796,1.0853431619574085,-1.6323064600525408,1.1244463426559026,3,14,0.9686093351726577,251,0,0,0,NORMAL
85.536,-1.6540030279475788,1.1043376444860384,-0.3177257087239896,106.50730104214745,897.9477219031035,1000.0,TURN_TO_WAYPOINT,4,12,1,2.0,2.0,2,3,2,13,0,11.595839466200488,,,,-1.6540030279475788,1.1043376444860384,-1.6347213594160181,1.1299805547067134,-1.6275221403281546,1.1247952232543212,3,14,0.9890904994561348,251,0,0,0,NORMAL
85.664,-1.6579633545980281,1.1056906488005205,-0.37927648232560046,102.45107203145704,1000.0,1000.0,TURN_TO_WAYPOINT,4,12,1,2.0,2.0,2,3,2,13,0,11.600025061577414,,,,-1.6579633545980281,1.1056906488005205,-1.7080724596117483,1.0499943672630223,-1.626651143902233,1.1248465417114801,3,14,0.992784271494616,251,0,0,0,NORMAL
85.792,-1.6577202967806965,1.1055826654430314,-0.4394802319648403,87.25288439222797,991.2622162530181,991.5480657887136,TURN_TO_WAYPOINT,4,12,1,2.0,2.0,2,3,2,13,0,11.600291110484271,,,,-1.6577202967806965,1.1055826654430314,-1.6550017114001676,1.0916325325529546,-1.6256320343764745,1.1249312037953962,3,14,0.9971967741254865,251,0,0,0,NORMAL
85.92,-1.657616799519009,1.1055142209575337,-0.49966081553681035,99.18065874698567,1000.0,995.1543315506262,TURN_TO_WAYPOINT,4,12,1,2.0,2.0,2,3,2,13,0,11.600415496057748,,,,-1.657616799519009,1.1055142209575337,-1.6345141621977581,1.1157423657698198,-1.6251840803370852,1.1249632540196741,3,14,0.9991166195486287,251,0,0,0,NORMAL
86.048,-1.6575845966933567,1.1054704893963285,-0.559836809500925,93.11669047816855,994.4561832006987,996.5702987823362,TURN_TO_WAYPOINT,4,12,1,2.0,2.0,2,3,2,13,0,11.600470258781568,,,,-1.6575845966933567,1.1054704893963285,-1.5850625091260486,1.0676268417193633,-1.6251076442897516,1.1249669525748909,3,14,0.9994372701576878,251,0,0,0,NORMAL
86.176,-1.657581567489192,1.105438322705998,-0.6200041568328502,102.5074833712237,991.812324609774,999.2666848686791,TURN_TO_WAYPOINT,4,12,1,2.0,2.0,2,3,2,13,0,11.60050295192742,,,,-1.657581567489192,1.105438322705998,-1.6964663312553285,1.210641301095006,-1.6250545949422954,1.1249936646346899,3,14,0.9997562599184265,251,0,0,0,NORMAL
86.304,-1.657594160904463,1.1054117203664198,-0.6801626069106453,119.94261137594071,1000.0,1000.0,TURN_TO_WAYPOINT,4,12,1,2.0,2.0,2,3,2,13,0,11.600532608742663,,,,-1.657594160904463,1.1054117203664198,-1.5966296397789579,1.0453186425823802,-1.625029820664008,1.1249976579908592,3,14,0.999871340578308,251,0,0,0,NORMAL
86.432,-1.657611811425458,1.1053882167450642,-0.7403141454232244,106.9585452062831,1000.0,1000.0,TURN_TO_WAYPOINT,4,12,1,2.0,2.0,2,3,2,13,0,11.600562013554077,,,,-1.657611811425458,1.1053882167450642,-1.6052207331773676,1.235152695633848,-1.6250181842839946,1.1249995475193852,3,14,0.9999254455044608,251,0,0,0,NORMAL
86.56,-1.657631612099893,1.1053666495377183,-0.8004650555641949,115.0062449163182,993.9663324940805,1000.0,TURN_TO_WAYPOINT,4,12,1,2.0,2.0,2,3,2,13,0,11.600591300405608,,,,-1.657631612099893,1.1053666495377183,-1.629904403071765,1.0657429216940257,-1.6250076560920188,1.1249998330604922,3,14,0.9999687049062799,251,0,0,0,NORMAL
86.688,-1.657653047941525,1.1053466630573066,-0.8606155738739265,997.6882411254572,993.4118114962353,1000.0,TURN_TO_WAYPOINT,4,12,1,2.0,2.0,2,3,2,13,0,11.600620613998222,,,,-1.657653047941525,1.1053466630573066,-1.6390711320259963,1.0763762006522017,-1.6250032539075614,1.124999884476902,3,14,0.9999865216554485,251,0,0,0,NORMAL
86.816,-1.6576757792876948,1.105328143582982,-0.9207650919849582,1000.0,1000.0,996.2156169594538,TURN_TO_WAYPOINT,4,12,1,2.0,2.0,2,3,2,13,0,11.600649939081064,,,,-1.6576757792876948,1.105328143582982,-1.6381125716377567,1.1428695444104946,-1.6250015675801548,1.1249999573885765,3,14,0.9999935589871042,251,0,0,0,NORMAL
86.944,-1.657699629915046,1.1053110827172978,-0.9809130155307668,998.9431614245624,993.0257600922665,799.1409504759138,TURN_TO_WAYPOINT,4,12,1,2.0,2.0,2,3,2,13,0,11.600679267928056,,,,-1.657699629915046,1.1053110827172978,-1.7634857947817815,1.110952974094953,-1.625000502916821,1.124999971160977,3,14,0.9999978729236659,251,0,0,0,NORMAL
87.072,-1.6577244796832022,1.105295512012665,-1.0410587737086163,1000.0,1000.0,808.710081696721,TURN_TO_WAYPOINT,4,12,1,2.0,2.0,2,3,2,13,0,11.600708597200951,,,,-1.6577244796832022,1.105295512012665,-1.7122899293228397,1.0654227420164557,-1.625000167464094,1.1249999828994368,3,14,0.9999992617283808,251,0,0,0,NORMAL
87.2,-1.6577502260924022,1.1052814756315579,-1.1012018194525188,991.4528231278153,993.3708996434848,815.9737576800835,TURN_TO_WAYPOINT,4,12,1,2.0,2.0,2,3,2,13,0,11.600737925398686,,,,-1.6577502260924022,1.1052814756315579,-1.6001401080492914,1.2078366059715786,-1.6250000680078378,1.1249999928485535,3,14,0.999999699358339,251,0,0,0,NORMAL
87.328,-1.6577767708988307,1.105269019174829,-1.161341627510802,1000.0,996.3389247365783,1000.0,TURN_TO_WAYPOINT,4,12,1,2.0,2.0,2,3,2,13,0,11.600767251742504,,,,-1.6577767708988307,1.105269019174829,-1.620389739945808,1.0834626049163494,-1.6250000199895565,1.1249999954089656,3,14,0.9999999016766131,251,0,0,0,NORMAL
87.456,-1.6578040156563443,1.1052581851261047,-1.2214776927460198,1000.0,1000.0,986.8405963421912,TURN_TO_WAYPOINT,4,12,1,2.0,2.0,2,3,2,13,0,11.600796575745541,,,,-1.6578040156563443,1.1052581851261047,-1.568923738418762,1.1711311194616165,-1.6250000120881443,1.1249999981713181,3,14,0.9999999443323224,251,0,0,0,NORMAL
87.584,-1.657831860419385,1.1052490109805402,-1.2816095291962928,990.9820454952361,1000.0,998.9008712602673,TURN_TO_WAYPOINT,4,12,1,2.0,2.0,2,3,2,13,0,11.600825897052715,,,,-1.657831860419385,1.1052490109805402,-1.577394936778647,1.1934151497835375,-1.625000005527737,1.1249999993573028,3,14,0.9999999753181094,251,0,0,0,NORMAL
87.712,-1.6578602035574477,1.1052415284632637,-1.3417366698646322,997.3913331639252,1000.0,989.9624833643297,TURN_TO_WAYPOINT,4,12,1,2.0,2.0,2,3,2,13,0,11.600855215381985,,,,-1.6578602035574477,1.1052415284632637,-1.8094719289572603,1.081178995924509,-1.625000002217714,1.1249999996500621,3,14,0.9999999897293523,251,0,0,0,NORMAL
87.84,-1.6578889419549423,1.105235763197046,-1.4018586670619144,1000.0,1000.0,989.5117799405298,TURN_TO_WAYPOINT,4,12,1,2.0,2.0,2,3,2,13,0,11.600884530502823,,,,-1.6578889419549423,1.105235763197046,-1.6944416876953747,1.1424263554810357,-1.6250000014129755,1.1249999998123266,3,14,0.9999999935973924,251,0,0,0,NORMAL
87.968,-1.6579179713395031,1.1052317345631049,-1.4619750931287507,1000.0,1000.0,1000.0,TURN_TO_WAYPOINT,4,12,1,2.0,2.0,2,3,2,13,0,11.600913842227921,,,,-1.6579179713395031,1.1052317345631049,-1.718481290624679,1.1194503946262475,-1.6250000004242164,1.1249999998602587,3,14,0.9999999977441667,251,0,0,0,NORMAL
88.096,-1.657415521513266,1.0986918750608905,-1.4920466286651195,1000.0,849.715649638166,1000.0,DRIVE_TO_WAYPOINT,4,12,1,2.0,2.0,2,3,2,13,0,11.607488633325694,,,,-1.657415521513266,1.0986918750608905,-1.610292904732752,1.225757352174532,-1.6250000002173275,1.1249999999735791,3,14,0.9999999990250054,251,0,0,0,NORMAL
88.224,-1.655123559261221,1.0696770413154482,-1.492033093009801,1000.0,821.6624240443379,998.6178172977604,DRIVE_TO_WAYPOINT,4,12,1,2.0,2.0,2,3,2,13,0,11.636593850540091,,,,-1.655123559261221,1.0696770413154482,-1.7567183686693943,1.0776619205936293,-1.6259666968694757,1.1169965830983821,3,14,0.9641195449337057,251,0,0,0,NORMAL
88.352,-1.6528385364825464,1.0407611080524095,-1.49202856554963,1000.0,782.6881154697373,987.0018614385988,DRIVE_TO_WAYPOINT,4,12,1,2.0,2.0,2,3,2,13,0,11.66559992793105,,,,-1.6528385364825464,1.0407611080524095,-1.7013558624228011,1.181285462219171,-1.6255326454620083,1.1099412692916368,3,14,0.9377964805291127,251,0,0,0,NORMAL
88.48,-1.6505645856542857,1.011972958479818,-1.4920272426616847,993.4536130047978,759.211639173127,1000.0,DRIVE_TO_WAYPOINT,4,12,1,2.0,2.0,2,3,2,13,0,11.694477746551383,,,,-1.6505645856542857,1.011972958479818,-1.5922245041864016,1.0440311465831702,-1.6258044167999777,1.0376102324505727,3,14,0.6539429587432259,251,0,0,0,NORMAL
88.608,-1.6482953363640096,0.9832334308420921,-1.4920269265907775,1000.0,715.6084564003193,1000.0,DRIVE_TO_WAYPOINT,4,12,1,2.0,2.0,2,3,2,13,0,11.723306724008353,,,,-1.6482953363640096,0.9832334308420921,-1.6450387548942424,1.093397032339808,-1.6271256306014323,0.9831792578949853,3,13,0.5329780441890599,251,0,0,0,NORMAL
88.736,-1.6460279861777742,0.9545119991790163,-1.4920268790582318,991.6684085853319,692.2371238570137,998.3926595642865,DRIVE_TO_WAYPOINT,4,12,1,2.0,2.0,2,3,2,13,0,11.75211751215535,,,,-1.6460279861777742,0.9545119991790163,-1.7010183474603982,0.9395762536000275,-1.6271745732810303,0.9934492450112017,3,13,0.5076067172797831,251,0,0,0,NORMAL
88.864,-1.643761370411466,0.9257973018690142,-1.492026885792672,997.2371962024803,674.1156872189979,987.1065596743017,DRIVE_TO_WAYPOINT,4,12,1,2.0,2.0,2,3,2,13,0,11.78092152903908,,,,-1.643761370411466,0.9257973018690142,-1.5931363552060211,0.8777191732980114,-1.626082937762117,1.0231923549341493,3,14,0.5935823120511663,251,0,0,0,NORMAL
88.992,-1.6414950235355148,0.8970851122767396,-1.492026896280853,999.9734878437795,635.5298193072135,1000.0,DRIVE_TO_WAYPOINT,4,12,1,2.0,2.0,2,3,2,13,0,11.8097230248222,,,,-1.6414950235355148,0.8970851122767396,-1.6105436079860607,0.8160969345955297,-1.6261184700282083,0.9310226942511498,3,13,0.7031508063922116,251,0,0,0,NORMAL
89.12,-1.6392287687586697,0.8683738570880687,-1.4920269022859356,1000.0,586.5629104211171,1000.0,DRIVE_TO_WAYPOINT,4,12,1,2.0,2.0,2,3,2,13,0,11.838523581851927,,,,-1.6392287687586697,0.8683738570880687,-1.6262304282990077,0.9026090289769482,-1.6259062339968438,0.8455612565395859,3,13,0.8131446716849847,251,0,0,0,NORMAL
89.248,-1.6369625430456072,0.8396629502689175,-1.4920269033321183,992.9927531674294,580.189921952721,993.3396079938275,DRIVE_TO_WAYPOINT,4,12,1,2.0,2.0,2,3,2,13,0,11.867323789305356,,,,-1.6369625430456072,0.8396629502689175,-1.6840203381907828,0.7600827777167684,-1.626175005892563,0.8287077387110646,3,13,0.8006241348900437,251,0,0,0,NORMAL
89.376,-1.634696325569075,0.8109521733899767,-1.492026899466254,1000.0,560.8839581321112,995.985291457122,DRIVE_TO_WAYPOINT,4,12,1,2.0,2.0,2,3,2,13,0,11.896123866573365,,,,-1.634696325569075,0.8109521733899767,-1.6670777348727515,0.8217169615232479,-1.6258776058472977,0.8497647583860425,3,13,0.8906042282406644,251,0,0,0,NORMAL
89.504,-1.6324301100529026,0.7822414449932991,-1.4920268908198846,1000.0,519.7202332979323,988.2769693642018,DRIVE_TO_WAYPOINT,4,12,1,2.0,2.0,2,3,2,13,0,11.924923895355183,,,,-1.6324301100529026,0.7822414449932991,-1.517199085896169,0.8052598158811893,-1.6255239613045809,0.8476206531615955,3,13,0.8873949519465956,251,0,0,0,NORMAL
89.632,-1.630163894801736,0.7535307346918438,-1.492026878082482,999.6691913121925,495.5037859102151,1000.0,DRIVE_TO_WAYPOINT,4,12,1,2.0,2.0,2,3,2,13,0,11.953723906077034,,,,-1.630163894801736,0.7535307346918438,-1.6900018010637679,0.7885134761305735,-1.626053230652842,0.8310672209261071,3,13,0.8215202464328036,251,0,0,0,NORMAL
89.76,-1.627897679408091,0.7248200311502659,-1.4920268626667523,989.0265953270356,455.08606536835697,990.1620665162699,DRIVE_TO_WAYPOINT,4,12,1,2.0,2.0,2,3,2,13,0,11.98252391007118,,,,-1.627897679408091,0.7248200311502659,-1.6148298854162646,0.7771629432867777,-1.6265178544503007,0.8311102129398724,3,13,0.8201925866170656,251,0,0,0,NORMAL
89.888,-1.625631463785062,0.6961093301410335,-1.4920268465455708,991.236521176821,435.7325673721751,1000.0,DRIVE_TO_WAYPOINT,4,12,1,2.0,2.0,2,3,2,13,0,12.01132391155888,,,,-1.625631463785062,0.6961093301410335,-1.69601665818196,0.742447464702821,-1.6267766595942041,0.747538334096496,3,13,0.5014166662519886,251,0,0,0,NORMAL
90.016,-1.6237400013344137,0.6721463821075025,-1.4920268377591015,1000.0,402.2021944153138,981.7288891296806,TURN_TO_WAYPOINT,5,12,1,2.0,2.0,2,3,2,13,0,12.035361392888253,,,,-1.6237400013344137,0.6721463821075025,-1.4806456358944988,0.7094087188646815,-1.625772260911269,0.7244054754158605,3,12,0.5703623796025429,251,0,0,0,NORMAL
90.144,-1.6226971581148142,0.6632132826702097,-1.4318728415337334,542.0933760283095,468.8653180553289,556.2780454178874,TURN_TO_WAYPOINT,5,12,1,2.0,2.0,2,3,2,13,0,12.044357493229663,,,,-1.6226971581148142,0.6632132826702097,-1.6488329349727364,0.6212833264276352,-1.6254347722023446,0.6853522416234411,3,12,0.7448630542326983,251,0,0,0,NORMAL
90.272,-1.6225426803974337,0.6634193997167196,-1.3718319139333852,552.9398249948457,477.53282027302583,566.4734051873261,TURN_TO_WAYPOINT,5,12,1,2.0,2.0,2,3,2,13,0,12.048834932437547,,,,-1.6225426803974337,0.6634193997167196,-1.5888759885794435,0.640833520250194,-1.6250047467609765,0.6594409973291182,3,12,0.8574650144585123,251,0,0,0,NORMAL
90.4,-1.6231337468702542,0.6668722550175916,-1.3117121818296975,842.4102421308802,739.6708507773485,873.2856628863094,TURN_TO_WAYPOINT,5,12,1,2.0,2.0,2,3,2,13,0,12.05233919621655,,,,-1.6231337468702542,0.6668722550175916,-1.5492239380898187,0.7375465768614539,-1.625086267037372,0.6769715855489966,3,12,0.7913965512231196,251,0,0,0,NORMAL
90.528,-1.624239565336652,0.671036570532683,-1.2514963668825951,995.1181705807708,998.0504439846787,1000.0,TURN_TO_WAYPOINT,5,12,1,2.0,2.0,2,3,2,13,0,12.056649071454402,,,,-1.624239565336652,0.671036570532683,-1.6641162881801472,0.7320758521129281,-1.6250512461988775,0.6837839464020591,3,12,0.7646416794778688,251,0,0,0,NORMAL
90.656,-1.6255988510256592,0.6749948076044094,-1.189945945906067,995.1374885320197,1000.0,386.80876190306327,TURN_TO_WAYPOINT,5,12,1,2.0,2.0,2,3,2,13,0,12.060834725152226,,,,-1.6255988510256592,0.6749948076044094,-1.6128223131337445,0.7618364952590204,-1.6250076848514334,0.6654027863456842,3,12,0.838326545537573,251,0,0,0,NORMAL
90.784,-1.6254904608470333,0.6747518358991694,-1.1297425943201287,997.54127470024,996.3110879124581,386.6842331542798,TURN_TO_WAYPOINT,5,12,1,2.0,2.0,2,3,2,13,0,12.06110086145364,,,,-1.6254904608470333,0.6747518358991694,-1.58100040042807,0.6075042387374225,-1.6250055033850561,0.6674503693683053,3,12,0.8301725285600813,251,0,0,0,NORMAL
90.912,-1.6254218607816984,0.6746485263859481,-1.0695622983213204,952.6256741677603,996.6471053423635,373.4774361765518,TURN_TO_WAYPOINT,5,12,1,2.0,2.0,2,3,2,13,0,12.061225177588057,,,,-1.6254218607816984,0.6746485263859481,-1.5951709663185363,0.7098072797041339,-1.6250031839247716,0.6530079714943917,3,12,0.8879546392365019,251,0,0,0,NORMAL
91.04,-1.6253780891703782,0.674616487624782,-1.0093865970495652,1000.0,991.5819050054646,379.9957972665869,TURN_TO_WAYPOINT,5,12,1,2.0,2.0,2,3,2,13,0,12.061279877917723,,,,-1.6253780891703782,0.674616487624782,-1.5865319839161853,0.7010724244277112,-1.6250032372976824,0.6527615970910975,3,12,0.8889419869317361,251,0,0,0,NORMAL
91.168,-1.6253459289448458,0.6746135467033909,-0.949219501804919,1000.0,1000.0,369.72646241127916,TURN_TO_WAYPOINT,5,12,1,2.0,2.0,2,3,2,13,0,12.06131254590605,,,,-1.6253459289448458,0.6746135467033909,-1.5460157195200361,0.6133384295348356,-1.62500147618257,0.6392793602152367,3,12,0.9428769293784809,251,0,0,0,NORMAL
91.296,-1.6253193487409376,0.6746256963970602,-0.8890612652852067,991.6611811460458,993.8194286701515,1000.0,TURN_TO_WAYPOINT,5,12,1,2.0,2.0,2,3,2,13,0,12.061341998069668,,,,-1.6253193487409376,0.6746256963970602,-1.5936149334459098,0.6925801395928542,-1.6250003550114152,0.63276016216687,3,12,0.9689579110177035,251,0,0,0,NORMAL
91.424,-1.625295873952757,0.6746433492977946,-0.8289097830986991,1000.0,1000.0,1000.0,TURN_TO_WAYPOINT,5,12,1,2.0,2.0,2,3,2,13,0,12.061371382234142,,,,-1.625295873952757,0.6746433492977946,-1.645358035255554,0.6684626221465659,-1.6250001325311971,0.6289080725109727,3,12,0.9843671612054397,251,0,0,0,NORMAL
91.552,-1.625274345613852,0.6746631934942919,-0.7687588158299561,1000.0,1000.0,1000.0,TURN_TO_WAYPOINT,5,12,1,2.0,2.0,2,3,2,13,0,12.061400669944883,,,,-1.625274345613852,0.6746631934942919,-1.6258541241343274,0.7060860441942955,-1.6250000357252634,0.6256171859586326,3,12,0.9975310978343799,252,0,0,0,NORMAL
91.68,-1.6252544011996215,0.6746846692480484,-0.7086082538251818,1000.0,1000.0,1000.0,TURN_TO_WAYPOINT,5,12,1,2.0,2.0,2,3,2,13,0,12.061429984098115,,,,-1.6252544011996215,0.6746846692480484,-1.5933329257361297,0.7000791731109659,-1.6250000161066451,0.6252258788838251,3,12,0.9990964148297514,252,0,0,0,NORMAL
91.808,-1.6252359264368887,0.6747074372465703,-0.6484587077392222,1000.0,995.7053731012326,1000.0,TURN_TO_WAYPOINT,5,12,1,2.0,2.0,2,3,2,13,0,12.061459309411905,,,,-1.6252359264368887,0.6747074372465703,-1.6674833123823984,0.6922221743034859,-1.6250000025476266,0.6251939687687242,3,12,0.9992241108256171,252,0,0,0,NORMAL
91.936,-1.62521891249233,0.6747313212417353,-0.5883107736586443,982.5822592422305,1000.0,998.8733202303443,TURN_TO_WAYPOINT,5,12,1,2.0,2.0,2,3,2,13,0,12.061488638154348,,,,-1.62521891249233,0.6747313212417353,-1.5888549146032975,0.788899310751071,-1.6250000008053727,0.6251731766133943,3,12,0.9993072886497264,252,0,0,0,NORMAL
92.064,-1.6252033903911096,0.6747562008915702,-0.528165023927884,1000.0,976.1162362985455,1000.0,TURN_TO_WAYPOINT,5,12,1,2.0,2.0,2,3,2,13,0,12.06151796699391,,,,-1.6252033903911096,0.6747562008915702,-1.6766364133188196,0.6694111831253179,-1.6250000001842813,0.6250759175585587,3,12,0.9996963281788591,252,0,0,0,NORMAL
92.192,-1.6251894037134147,0.6747819734958972,-0.46802200703349905,833.3318188123854,999.6062959053301,1000.0,TURN_TO_WAYPOINT,5,12,1,2.0,2.0,2,3,2,13,0,12.06154729444836,,,,-1.6251894037134147,0.6747819734958972,-1.6534139130580752,0.6039663057023945,-1.6250000001208533,0.6250441239456408,3,12,0.999823503496179,252,0,0,0,NORMAL
92.32,-1.6251769974590224,0.6748085406812657,-0.407882249471953,767.1048437526664,1000.0,991.5145601707791,TURN_TO_WAYPOINT,5,12,1,2.0,2.0,2,3,2,13,0,12.061576619769598,,,,-1.6251769974590224,0.6748085406812657,-1.5898463938945055,0.630876682248049,-1.625000000058819,0.6250154046380691,3,12,0.9999383811361819,252,0,0,0,NORMAL
92.448,-1.6251662135241849,0.6748358039667047,-0.34774625736848136,790.1323693848302,1000.0,1000.0,TURN_TO_WAYPOINT,5,12,1,2.0,2.0,2,3,2,13,0,12.061605942512132,,,,-1.6251662135241849,0.6748358039667047,-1.6283331642825205,0.6328264338651908,-1.625000000022594,0.625005070531719,3,12,0.9999797177538111,252,0,0,0,NORMAL
92.576,-1.6251570888592728,0.6748636634696988,-0.2876145173394418,787.5315092907106,1000.0,1000.0,TURN_TO_WAYPOINT,5,12,1,2.0,2.0,2,3,2,13,0,12.061635262371347,,,,-1.6251570888592728,0.6748636634696988,-1.631299938562795,0.7106154090300549,-1.6250000000027927,0.6250027705728559,3,12,0.9999889176769108,252,0,0,0,NORMAL
92.704,-1.6251496547121627,0.6748920177123136,-0.2274874966423909,995.4585031953528,997.4019535438572,1000.0,TURN_TO_WAYPOINT,5,12,1,2.0,2.0,2,3,2,13,0,12.06166457912271,,,,-1.6251496547121627,0.6748920177123136,-1.5475875322194137,0.6654424568311689,-1.6250000000053122,0.6250015711455553,3,12,0.9999937153937117,253,0,0,0,NORMAL
92.832,-1.6251439363161364,0.6749207638054939,-0.1673656427915504,985.9867715531464,994.2385127821414,1000.0,TURN_TO_WAYPOINT,5,12,1,2.0,2.0,2,3,2,13,0,12.061693892597884,,,,-1.6251439363161364,0.6749207638054939,-1.5927551391287635,0.6199545898970769,-1.6250000000017117,0.625000819258625,3,12,0.999996722957411,254,0,0,0,NORMAL
92.96,-1.6251399527653476,0.6749497977569844,-0.10724938281400657,993.7561194837989,1000.0,1000.0,TURN_TO_WAYPOINT,5,12,1,2.0,2.0,2,3,2,13,0,12.061723202673933,,,,-1.6251399527653476,0.6749497977569844,-1.5701273141658136,0.6257253343519307,-1.6250000000004783,0.6250004209353065,3,12,0.9999983162562553,254,0,0,0,NORMAL
93.088,-1.61859930896428,0.674457627578935,-0.07717796651169485,1000.0,996.1145725037495,996.5896680472575,DRIVE_TO_WAYPOINT,5,12,1,2.0,2.0,2,3,2,13,0,12.068297994350626,,,,-1.61859930896428,0.674457627578935,-1.5982756644083058,0.6403975641979117,-1.625000000000306,0.625000183055638,3,12,0.9999992677760734,254,0,0,0,NORMAL
93.216,-1.5895809085268322,0.6722112709165498,-0.07719152438156059,1000.0,1000.0,972.5204439742872,DRIVE_TO_WAYPOINT,5,12,1,2.0,2.0,2,3,2,13,0,12.097403211804888,,,,-1.5895809085268322,0.6722112709165498,-1.5132069086005726,0.5966003620942928,-1.6079507568662388,0.6251932282274345,3,12,0.9271951047274299,254,0,0,0,NORMAL
93.344,-1.5606614197657136,0.669971697935783,-0.07719606598407648,1000.0,992.1654959768791,929.0201869204,DRIVE_TO_WAYPOINT,5,12,1,2.0,2.0,2,3,2,13,0,12.126409289053965,,,,-1.5606614197657136,0.669971697935783,-1.5319372823842405,0.6880447924286047,-1.5979061460824175,0.6258520846838849,3,12,0.8850414717127787,254,0,0,0,NORMAL
93.472,-1.5318697318574512,0.6677429958324788,-0.07719740005889206,1000.0,1000.0,899.7909260375374,DRIVE_TO_WAYPOINT,5,12,1,2.0,2.0,2,3,2,13,0,12.15528710763082,,,,-1.5318697318574512,0.6677429958324788,-1.5034884993102906,0.5933028458392167,-1.5918350063746234,0.6260355922090475,3,12,0.8599802572447391,254,0,0,0,NORMAL
93.6,-1.5031266731807806,0.6655189186679851,-0.07719772570575308,1000.0,1000.0,855.088823108741,DRIVE_TO_WAYPOINT,5,12,1,2.0,2.0,2,3,2,13,0,12.18411608509027,,,,-1.5031266731807806,0.6655189186679851,-1.4624469345546716,0.7289786172822473,-1.546061654632502,0.6260428906670178,3,12,0.6818750518824086,254,0,0,0,NORMAL
93.728,-1.4744017134532417,0.6632967120190503,-0.07719778105725172,1000.0,995.8800913028994,816.85498294988,DRIVE_TO_WAYPOINT,5,12,1,2.0,2.0,2,3,2,13,0,12.212926873238926,,,,-1.4744017134532417,0.6632967120190503,-1.4728794767313207,0.7185055813233234,-1.5181087733532332,0.62690157116142,3,12,0.5704875979679758,254,0,0,0,NORMAL
93.856,-1.4456834892404167,0.661075229092349,-0.0771977797728627,1000.0,1000.0,798.1361993729887,DRIVE_TO_WAYPOINT,5,12,1,2.0,2.0,2,3,2,13,0,12.241730890117354,,,,-1.4456834892404167,0.661075229092349,-1.459688495001802,0.6470672471877958,-1.4430812918677935,0.6255227966872212,4,12,0.6703025232654027,255,0,0,0,NORMAL
93.984,-1.4169677731717067,0.658854011044211,-0.07719777179413846,999.8538364040813,999.2147581116875,757.0381465961729,DRIVE_TO_WAYPOINT,5,12,1,2.0,2.0,2,3,2,13,0,12.270532385893723,,,,-1.4169677731717067,0.658854011044211,-1.3626697298999413,0.7126524760109428,-1.4077900438934106,0.6250737530440873,4,12,0.8007014817294007,255,0,0,0,NORMAL
94.112,-1.3882529916498914,0.6566328836069416,-0.07719776508509625,1000.0,1000.0,751.1921364604594,DRIVE_TO_WAYPOINT,5,12,1,2.0,2.0,2,3,2,13,0,12.299332942918515,,,,-1.3882529916498914,0.6566328836069416,-1.4250341021812283,0.6224933584531552,-1.3853376685920995,0.6245910880921082,4,12,0.8781100415927576,256,0,0,0,NORMAL
94.24,-1.359538558538328,0.6544117847190412,-0.07719776026189275,1000.0,994.2342685785276,753.565351739342,DRIVE_TO_WAYPOINT,5,12,1,2.0,2.0,2,3,2,13,0,12.328133150368952,,,,-1.359538558538328,0.6544117847190412,-1.4035779548717133,0.8189400057210605,-1.3602160871100972,0.6244284576898534,4,12,0.8994101269218311,256,0,0,0,NORMAL
94.368,-1.3308242553723624,0.6521906939440536,-0.07719775784251338,993.272623225692,986.9410075964917,731.7265478069082,DRIVE_TO_WAYPOINT,5,12,1,2.0,2.0,2,3,2,13,0,12.356933227635128,,,,-1.3308242553723624,0.6521906939440536,-1.3400755812472345,0.7010418765675732,-1.3596961338447968,0.6244692934227808,4,12,0.9220406318233886,256,0,0,0,NORMAL
94.496,-1.3021100006820057,0.6499696051693571,-0.07719775861592797,995.2842096180867,1000.0,750.4226358999692,DRIVE_TO_WAYPOINT,5,12,1,2.0,2.0,2,3,2,13,0,12.385733256415804,,,,-1.3021100006820057,0.6499696051693571,-1.310094233265822,0.6309220225248323,-1.3522455873442565,0.6244098615599679,4,12,0.9034512773504021,256,0,0,0,NORMAL
94.624,-1.2733957640762115,0.6477485167658813,-0.07719776304040603,996.6987193211883,995.8235023896639,732.3450856457423,DRIVE_TO_WAYPOINT,5,12,1,2.0,2.0,2,3,2,13,0,12.41453326713715,,,,-1.2733957640762115,0.6477485167658813,-1.255891535679808,0.5745811651947844,-1.334591513617099,0.6246107301356439,4,12,0.8375863906977993,256,0,0,0,NORMAL
94.752,-1.2446815342190742,0.6455274283428828,-0.0771977709134696,999.9648654991418,991.8189734652044,722.7063979241923,DRIVE_TO_WAYPOINT,5,12,1,2.0,2.0,2,3,2,13,0,12.443333271131443,,,,-1.2446815342190742,0.6455274283428828,-1.2959587612625112,0.6883066779805573,-1.329753268275437,0.6240722268389824,4,12,0.8170519134746489,256,0,0,0,NORMAL
94.88,-1.2159673068846888,0.6433063397996186,-0.07719778135974677,439.18730256691305,999.4305570973393,737.8994806891625,DRIVE_TO_WAYPOINT,5,12,1,2.0,2.0,2,3,2,13,0,12.472133272619773,,,,-1.2159673068846888,0.6433063397996186,-1.3080246442126058,0.6595082431124398,-1.2942669720287407,0.6231847687844188,4,12,0.6765211753173813,256,0,0,0,NORMAL
95.008,-1.1872530804990309,0.6410852510967651,-0.07719779300208902,408.79228070598566,1000.0,714.8547310710294,DRIVE_TO_WAYPOINT,5,12,1,2.0,2.0,2,3,2,13,0,12.500933273174509,,,,-1.1872530804990309,0.6410852510967651,-1.204386592857263,0.7137859900336551,-1.2456942433349887,0.6241379932695666,4,12,0.4932216443143076,257,0,0,0,NORMAL
95.136,-1.1585388544757447,0.6388641622202343,-0.07719780421418561,378.31990495223005,997.3585875043509,988.9235523603016,DRIVE_TO_WAYPOINT,5,12,1,2.0,2.0,2,3,2,13,0,12.529733273381346,,,,-1.1585388544757447,0.6388641622202343,-1.1983516058647394,0.5273640457175416,-1.1845777486060132,0.6240105563069878,5,12,0.701255107135077,258,0,0,0,NORMAL
95.264,-1.1298246285951177,0.6366430731818573,-0.07719781339402791,336.565992874789,1000.0,1000.0,DRIVE_TO_WAYPOINT,5,12,1,2.0,2.0,2,3,2,13,0,12.55853327345843,,,,-1.1298246285951177,0.6366430731818573,-1.0919092422646481,0.6469281617749019,-1.138528198089405,0.6243002454258679,5,12,0.8415558461022483,258,0,0,0,NORMAL
95.392,-1.1011104027727046,0.6344219840195887,-0.07719781921781178,301.2865792264947,991.7072222815481,1000.0,DRIVE_TO_WAYPOINT,5,12,1,2.0,2.0,2,3,2,13,0,12.58733327348703,,,,-1.1011104027727046,0.6344219840195887,-1.1392425177065608,0.6322451385091805,-1.113712664357585,0.6243833651237202,5,12,0.8903790030720893,258,0,0,0,NORMAL
95.52,-1.0723961769735408,0.6322008947921267,-0.07719782084270153,266.66739379835695,1000.0,991.9473345781498,DRIVE_TO_WAYPOINT,5,12,1,2.0,2.0,2,3,2,13,0,12.616133273497475,,,,-1.0723961769735408,0.6322008947921267,-1.0629570919152624,0.7514239781535264,-1.0874408168241745,0.6245571315815936,5,12,0.8388994620140321,258,0,0,0,NORMAL
95.648,-1.0436819511807724,0.6299798055695913,-0.07719781803382647,233.06728949594134,998.0640056660615,999.5217181881926,DRIVE_TO_WAYPOINT,5,12,1,2.0,2.0,2,3,2,13,0,12.644933273501165,,,,-1.0436819511807724,0.6299798055695913,-1.169027524522615,0.5670156566729972,-1.0976242126730749,0.6246965101821563,5,12,0.8856409617966711,259,0,0,0,NORMAL
95.776,-1.0149677253846014,0.6277587164225003,-0.07719781120014281,214.99309262055533,1000.0,1000.0,DRIVE_TO_WAYPOINT,5,12,1,2.0,2.0,2,3,2,13,0,12.673733273502428,,,,-1.0149677253846014,0.6277587164225003,-1.0067739738947978,0.5102993220864401,-1.102989282967337,0.6238537525245708,5,12,0.9062846599154563,259,0,0,0,NORMAL
95.904,-0.9862534995787308,0.6255376274109458,-0.07719780133555705,191.69442789995634,1000.0,1000.0,DRIVE_TO_WAYPOINT,5,12,1,2.0,2.0,2,3,2,13,0,12.70253327350291,,,,-0.9862534995787308,0.6255376274109458,-0.9284017023404935,0.5333393260954803,-1.0913648441442065,0.6246037767618454,5,12,0.863430582220734,259,0,0,0,NORMAL
96.032,-0.9575392737594445,0.6233165385755348,-0.07719778987457412,156.94839302325497,1000.0,994.595291528402,DRIVE_TO_WAYPOINT,5,12,1,2.0,2.0,2,3,2,13,0,12.731333273503182,,,,-0.9575392737594445,0.6233165385755348,-1.1373553496307478,0.5499441969558206,-1.052626021246861,0.6248181778211322,5,12,0.7091095683367753,260,0,0,0,NORMAL
96.16,-0.9288250479254498,0.6210954499313306,-0.07719777848383301,115.07547647474533,998.1939263608434,1000.0,DRIVE_TO_WAYPOINT,5,12,1,2.0,2.0,2,3,2,13,0,12.760133273503374,,,,-0.9288250479254498,0.6210954499313306,-0.8654461843760651,0.5764022538079833,-1.0045103606670525,0.6243437491700311,5,12,0.5158577270231508,260,0,0,0,NORMAL
96.288,-0.9048591572623035,0.6192416522892537,-0.07719777296645042,78.79260588116381,1000.0,1000.0,TURN_TO_WAYPOINT,6,12,1,2.0,2.0,2,3,2,13,0,12.78417075425689,,,,-0.9048591572623035,0.6192416522892537,-0.8126619548572943,0.6846925862242395,-0.9255280412824575,0.625046173834779,6,12,0.7930866642731501,261,0,0,0,NORMAL
96.416,-0.8959244987442737,0.6182128546770759,-0.1373516315382638,70.89214773570897,476.37228358067864,538.9780671110938,TURN_TO_WAYPOINT,6,12,1,2.0,2.0,2,3,2,13,0,12.79316678561976,,,,-0.8959244987442737,0.6182128546770759,-0.844487759111689,0.7042540227266686,-0.9300083421553494,0.6249182041993633,6,12,0.7782205249977877,261,0,0,0,NORMAL
96.544,-0.8961304156538976,0.6180580588422517,-0.19739249350664878,73.25578721224328,473.71701069927286,559.2514256942358,TURN_TO_WAYPOINT,6,12,1,2.0,2.0,2,3,2,13,0,12.797644210818747,,,,-0.8961304156538976,0.6180580588422517,-0.9105495470514677,0.6324425438605994,-0.8911951972116188,0.6250597602393537,6,12,0.9343781586911776,262,0,0,0,NORMAL
96.672,-0.8995842985223219,0.6186437168212322,-0.2575121918454912,159.74830228360491,737.0898042891379,498.0179619040214,TURN_TO_WAYPOINT,6,12,1,2.0,2.0,2,3,2,13,0,12.80114857925028,,,,-0.8995842985223219,0.6186437168212322,-0.964435723555099,0.6205721255767357,-0.8817279005229792,0.6250176481542404,6,12,0.9727630654507105,263,0,0,0,NORMAL
96.8,-0.9037503915999782,0.6197430372490674,-0.31772889371383045,285.50316456465265,1000.0,475.99206200550213,TURN_TO_WAYPOINT,6,12,1,2.0,2.0,2,3,2,13,0,12.80545851024811,,,,-0.9037503915999782,0.6197430372490674,-1.0314547460505525,0.5640785492909879,-0.8804443785114665,0.6250217833494621,6,12,0.9780726321012222,265,0,0,0,NORMAL
96.928,-0.90771085441216,0.6210961448271876,-0.3792801009770634,1000.0,1000.0,431.75703539445817,TURN_TO_WAYPOINT,6,12,1,2.0,2.0,2,3,2,13,0,12.809644267771604,,,,-0.90771085441216,0.6210961448271876,-0.8475747367558939,0.5914794930785242,-0.8761803901892631,0.6250128342857931,6,12,0.9952087711654957,269,0,0,0,NORMAL
97.056,-0.9074675235260037,0.6209880613550722,-0.43948394759258574,1000.0,996.2359715369568,390.32585025433326,TURN_TO_WAYPOINT,6,12,1,2.0,2.0,2,3,2,13,0,12.809910606719454,,,,-0.9074675235260037,0.6209880613550722,-0.8490143817110789,0.5734915884571389,-0.8755156778076301,0.6250081705222945,6,12,0.9978999834972092,269,0,0,0,NORMAL
97.184,-0.907363918623907,0.6209195752499712,-0.4996646256751187,990.6006921250292,999.4629647046478,374.6949828913968,TURN_TO_WAYPOINT,6,12,1,2.0,2.0,2,3,2,13,0,12.810035105080118,,,,-0.907363918623907,0.6209195752499712,-0.7903776098936309,0.5637761419151907,-0.8752140993841198,0.6250019260726448,6,12,0.9991332851865519,269,0,0,0,NORMAL
97.312,-0.9073317030820455,0.6208758415277219,-0.5598406757977008,996.3778273035828,995.4197614669025,455.33025727822,TURN_TO_WAYPOINT,6,12,1,2.0,2.0,2,3,2,13,0,12.810089877749446,,,,-0.9073317030820455,0.6208758415277219,-1.0044493314569025,0.6261863660417754,-0.8750619718245203,0.6250010044811874,6,12,0.999747317741186,269,0,0,0,NORMAL
97.44,-0.9073286336347928,0.6208436909125423,-0.62000807388291,976.6113905507557,989.1276423781711,988.1085504705173,TURN_TO_WAYPOINT,6,12,1,2.0,2.0,2,3,2,13,0,12.81012254754909,,,,-0.9073286336347928,0.6208436909125423,-0.9195450899719224,0.5585421986596147,-0.875014117099329,0.6250004132638051,6,12,0.9999416008486516,270,0,0,0,NORMAL
97.568,-0.9073400327784392,0.6208171073171891,-0.6801665566696081,999.4056629851983,1000.0,999.2556814893637,TURN_TO_WAYPOINT,6,12,1,2.0,2.0,2,3,2,13,0,12.81015170510365,,,,-0.9073400327784392,0.6208171073171891,-0.9239514229711371,0.6520052313777511,-0.8750068499924598,0.6250003491910642,6,12,0.9999711524275539,270,0,0,0,NORMAL
97.696,-0.907357681119351,0.6207936142109102,-0.7403181658099331,992.5765913155816,988.4047276561901,999.0153674326226,TURN_TO_WAYPOINT,6,12,1,2.0,2.0,2,3,2,13,0,12.810181100826462,,,,-0.907357681119351,0.6207936142109102,-0.9214842300354512,0.6113003875764003,-0.8750035919912771,0.6250000867790799,6,12,0.999985255870391,270,0,0,0,NORMAL
97.824,-0.9073774899266919,0.6207720638107106,-0.8004691665922984,999.6926959545441,519.8737301195994,1000.0,TURN_TO_WAYPOINT,6,12,1,2.0,2.0,2,3,2,13,0,12.81021038070817,,,,-0.9073774899266919,0.6207720638107106,-0.9824117849767527,0.5675262954863833,-0.8750015380738541,0.6250000290165444,6,12,0.9999937191589917,270,0,0,0,NORMAL
97.952,-0.9073989234496808,0.6207520854856438,-0.8606197785161183,1000.0,478.1895594200184,1000.0,TURN_TO_WAYPOINT,6,12,1,2.0,2.0,2,3,2,13,0,12.810239686975686,,,,-0.9073989234496808,0.6207520854856438,-0.8524450144098435,0.7357340304582556,-0.8750006036367531,0.6250000204155847,6,12,0.9999975011187792,270,0,0,0,NORMAL
98.08,-0.9074216445645829,0.6207335651265607,-0.9207693897572959,995.4647713164551,448.60494257206756,845.3242476231319,TURN_TO_WAYPOINT,6,12,1,2.0,2.0,2,3,2,13,0,12.81026900463019,,,,-0.9074216445645829,0.6207335651265607,-0.8460323413078468,0.5845935400305055,-0.8750003233535716,0.6250000046899455,6,12,0.9999986861805813,270,0,0,0,NORMAL
98.208,-0.9074454790979101,0.6207164940210984,-0.9809174025816174,1000.0,409.9204100450279,831.3204112742922,TURN_TO_WAYPOINT,6,12,1,2.0,2.0,2,3,2,13,0,12.810298326300535,,,,-0.9074454790979101,0.6207164940210984,-0.8395287148730669,0.5463472896005382,-0.8750003344233503,0.6250000009807554,6,12,0.9999986573313918,270,0,0,0,NORMAL
98.336,-0.90747030880806,0.6207009036598519,-1.0410632429647941,1000.0,433.1956321932451,828.3373615370851,TURN_TO_WAYPOINT,6,12,1,2.0,2.0,2,3,2,13,0,12.810327648982149,,,,-0.90747030880806,0.6207009036598519,-0.9368874301805715,0.595929851660276,-0.8750000979529474,0.6250000001804703,6,12,0.999999606816562,270,0,0,0,NORMAL
98.464,-0.9074960330718127,0.6206868385653872,-1.1012063608628868,997.9296676613924,517.6172627162201,1000.0,TURN_TO_WAYPOINT,6,12,1,2.0,2.0,2,3,2,13,0,12.81035697146427,,,,-0.9074960330718127,0.6206868385653872,-0.9005620466280533,0.5248755993017374,-0.8750000360906494,0.6250000000584647,6,12,0.9999998551350768,270,0,0,0,NORMAL
98.592,-0.9075225554662013,0.620674345175321,-1.1613462283956733,997.6244715802877,980.1271823006957,1000.0,TURN_TO_WAYPOINT,6,12,1,2.0,2.0,2,3,2,13,0,12.810386293209431,,,,-0.9075225554662013,0.620674345175321,-0.8221956227808613,0.6345513613423648,-0.8750000101965133,0.6250000000308066,6,12,0.9999999590044224,270,0,0,0,NORMAL
98.72,-0.907549779222237,0.6206634672747159,-1.2214823382450015,1000.0,1000.0,997.0321265050889,TURN_TO_WAYPOINT,6,12,1,2.0,2.0,2,3,2,13,0,12.810415613918776,,,,-0.907549779222237,0.6206634672747159,-0.9761154859778645,0.6287930194068797,-0.8750000031058319,0.6250000000005796,6,12,0.9999999875120382,270,0,0,0,NORMAL
98.848,-0.907577605829955,0.6206542440689699,-1.2816142027994115,999.0943558683498,994.1693628834463,986.0219256632743,TURN_TO_WAYPOINT,6,12,1,2.0,2.0,2,3,2,13,0,12.810444933367764,,,,-0.907577605829955,0.6206542440689699,-1.0222792512091343,0.6381896161320769,-0.8750000012528206,0.6249999999996554,6,12,0.9999999949640582,271,0,0,0,NORMAL
98.976,-0.9076059347653624,0.6206467093150508,-1.3417413540072494,475.20016442670436,997.2230854266394,999.5336282599105,TURN_TO_WAYPOINT,6,12,1,2.0,2.0,2,3,2,13,0,12.810474251344209,,,,-0.9076059347653624,0.6206467093150508,-0.8497611890706416,0.6763604534051263,-0.8750000006920955,0.6249999999990362,6,12,0.9999999972214727,271,0,0,0,NORMAL
99.104,-0.9076346636235932,0.6206408908796301,-1.4018633437613506,434.19136995168446,985.8281724715415,991.7826510812106,TURN_TO_WAYPOINT,6,12,1,2.0,2.0,2,3,2,13,0,12.810503567625297,,,,-0.9076346636235932,0.6206408908796301,-0.9542229593682756,0.712854597249244,-0.8750000002477675,0.6249999999998853,6,12,0.9999999990053241,271,0,0,0,NORMAL
99.232,-0.9076636884071747,0.6206368104762112,-1.4619797446389466,415.71492601765823,886.4097777546774,1000.0,TURN_TO_WAYPOINT,6,12,1,2.0,2.0,2,3,2,13,0,12.81053288197006,,,,-0.9076636884071747,0.6206368104762112,-0.9360336233047214,0.5960505460691157,-0.8750000000721115,0.6250000000002351,6,12,0.999999999709897,271,0,0,0,NORMAL
99.36,-0.9071612687553339,0.6140969190200024,-1.492051238530487,365.6290522481898,869.3330301535883,1000.0,DRIVE_TO_WAYPOINT,6,12,1,2.0,2.0,2,3,2,13,0,12.817107679424696,,,,-0.9071612687553339,0.6140969190200024,-0.8179596261143246,0.5275150052675397,-0.8750000000278194,0.6250000000000545,6,12,0.9999999998881586,271,0,0,0,NORMAL
99.488,-0.9048694401954386,0.5850820763851055,-1.4920377403229443,323.4266140608093,847.9860958901425,1000.0,DRIVE_TO_WAYPOINT,6,12,1,2.0,2.0,2,3,2,13,0,12.846212894973329,,,,-0.9048694401954386,0.5850820763851055,-0.9753493589885459,0.5892365368305081,-0.8753035595175076,0.6068180490810821,6,12,0.9260579582558264,271,0,0,0,NORMAL
99.616,-0.9025845512213443,0.556166135093606,-1.49203322426142,304.10212189132443,790.4424795243942,999.5772382125617,DRIVE_TO_WAYPOINT,6,12,1,2.0,2.0,2,3,2,13,0,12.875218969827335,,,,-0.9025845512213443,0.556166135093606,-0.8899784357809991,0.5214151293662815,-0.8761008116648108,0.5946397141556706,6,12,0.874933687650269,271,0,0,0,NORMAL
99.744,-0.9003107336391939,0.5273779762381705,-1.492031894771465,309.0884739545455,780.3573107066208,996.6083323095644,DRIVE_TO_WAYPOINT,6,12,1,2.0,2.0,2,3,2,13,0,12.904096787209683,,,,-0.9003107336391939,0.5273779762381705,-0.9132448128498339,0.530424264402804,-0.8761576920426105,0.5863411181506704,6,12,0.8420598149244829,271,0,0,0,NORMAL
99.872,-0.8980416171329502,0.49863843861154356,-1.4920315593181637,289.6018281782912,742.6837922885652,1000.0,DRIVE_TO_WAYPOINT,6,12,1,2.0,2.0,2,3,2,13,0,12.932925764172882,,,,-0.8980416171329502,0.49863843861154356,-1.00151082642136,0.49152267327063653,-0.8761577182149628,0.5957682799934538,6,12,0.8792014894615376,271,0,0,0,NORMAL
100.0,-0.8957743992447061,0.4699169966545224,-1.4920314841973712,290.1201629540282,724.4687848798085,1000.0,DRIVE_TO_WAYPOINT,6,12,1,2.0,2.0,2,3,2,13,0,12.961736552170622,,,,-0.8957743992447061,0.4699169966545224,-0.7487238475584779,0.43861558414496066,-0.8765324918976249,0.5770107569214221,6,12,0.8042304261954178,271,0,0,0,NORMAL
100.128,-0.8935079152512798,0.44120228897141106,-1.4920314598589028,299.79844579496546,689.6700367349116,1000.0,DRIVE_TO_WAYPOINT,6,12,1,2.0,2.0,2,3,2,13,0,12.990540569026264,,,,-0.8935079152512798,0.44120228897141106,-0.9468331273641925,0.36449142023840764,-0.8767469920783801,0.5426611435544412,6,12,0.6702639159238233,271,0,0,0,NORMAL
100.256,-0.8912416996237688,0.4124900890194603,-1.4920314405907833,277.0323412874209,650.6593740540789,1000.0,DRIVE_TO_WAYPOINT,6,12,1,2.0,2.0,2,3,2,13,0,13.01934206480949,,,,-0.8912416996237688,0.4124900890194603,-0.8526338348730779,0.31632804413062643,-0.8769191950934222,0.5284416276978916,6,12,0.6138647630863133,271,0,0,0,NORMAL
100.384,-0.8893503054463704,0.38852655491221794,-1.4920314283206533,277.1136197183599,628.1693468632373,1000.0,TURN_TO_WAYPOINT,7,12,1,2.0,2.0,2,3,2,13,0,13.04338012502331,,,,-0.8893503054463704,0.38852655491221794,-0.8470893555124481,0.35590807110738754,-0.8766088353285483,0.42804519514501166,6,11,0.6996413242629963,271,0,0,0,NORMAL
100.512,-0.8883074570819136,0.37959300852908945,-1.4318776970741018,234.6361262630653,455.05430199836195,539.2998418236474,TURN_TO_WAYPOINT,7,12,1,2.0,2.0,2,3,2,13,0,13.05237667010798,,,,-0.8883074570819136,0.37959300852908945,-0.7724011286817364,0.33347221338824207,-0.8757673645256261,0.4108271603048347,6,11,0.8268160667936897,271,0,0,0,NORMAL
100.64,-0.8881529768735822,0.37979913934362014,-1.3718372927939044,193.37757352264686,485.8419268391571,566.4213551718927,TURN_TO_WAYPOINT,7,12,1,2.0,2.0,2,3,2,13,0,13.056854344801406,,,,-0.8881529768735822,0.37979913934362014,-0.897100772790694,0.42989570023883505,-0.8752038391090298,0.39090029632602014,6,11,0.9242959470889698,271,0,0,0,NORMAL
100.768,-0.8887440635240402,0.3832521512830453,-1.3117180318966344,169.63848207346103,744.7406003933581,853.1987275593251,TURN_TO_WAYPOINT,7,12,1,2.0,2.0,2,3,2,13,0,13.060358766396542,,,,-0.8887440635240402,0.3832521512830453,-0.9361936953726872,0.3544288312561635,-0.8751001536028674,0.38496411619074405,6,11,0.9567727579539789,271,0,0,0,NORMAL
100.896,-0.8898496637488478,0.3874183988798176,-1.251512966053751,208.11136444035787,1000.0,997.2755578430418,TURN_TO_WAYPOINT,7,12,1,2.0,2.0,2,3,2,13,0,13.064670456960055,,,,-0.8898496637488478,0.3874183988798176,-0.8661870894681911,0.42076841872253606,-0.8750510176108921,0.38054730415558635,6,11,0.9767791289368196,271,0,0,0,NORMAL
101.024,-0.8912088593358553,0.3913772383666859,-1.1899655653831513,224.85948096980317,1000.0,1000.0,TURN_TO_WAYPOINT,7,12,1,2.0,2.0,2,3,2,13,0,13.068856651830604,,,,-0.8912088593358553,0.3913772383666859,-0.9632337466076744,0.27512981675748677,-0.8750173658575808,0.379178817053356,6,11,0.9830409138557281,271,0,0,0,NORMAL
101.152,-0.8911006476007305,0.39113462033015944,-1.1297634290455412,277.23205899822887,1000.0,604.6180948958164,TURN_TO_WAYPOINT,7,12,1,2.0,2.0,2,3,2,13,0,13.069122394862532,,,,-0.8911006476007305,0.39113462033015944,-0.8514689658738516,0.42010359584721535,-0.8750150490502622,0.37689102762115884,6,11,0.9923215247511754,271,0,0,0,NORMAL
101.28,-0.8910321456890558,0.3910316089929835,-1.0695835700015441,333.8141732927829,991.876366100183,606.9789552112168,TURN_TO_WAYPOINT,7,12,1,2.0,2.0,2,3,2,13,0,13.069246408507995,,,,-0.8910321456890558,0.3910316089929835,-0.8006282380140868,0.430841032836162,-0.8750097845957809,0.37536083527475833,6,11,0.9984779177264483,271,0,0,0,NORMAL
101.408,-0.8909884158136399,0.3909996744033894,-1.0094080254555593,1000.0,385.63892289810906,614.8970224721616,TURN_TO_WAYPOINT,7,12,1,2.0,2.0,2,3,2,13,0,13.069301013512048,,,,-0.8909884158136399,0.3909996744033894,-0.8541999366951795,0.371968784074005,-0.8750025794528363,0.375119540811364,6,11,0.9994940692092164,273,0,0,0,NORMAL
101.536,-0.8909562725710952,0.3909967700643474,-0.9492409901188035,1000.0,314.0351368668981,605.2308867023745,TURN_TO_WAYPOINT,7,12,1,2.0,2.0,2,3,2,13,0,13.069333660679034,,,,-0.8909562725710952,0.3909967700643474,-0.8826981755596265,0.3812616174015066,-0.8750008771526497,0.37510352882922915,6,11,0.9995792824727566,273,0,0,0,NORMAL
101.664,-0.8909296991816178,0.39100894122238283,-0.8890827801148198,994.131129943551,280.0926512685874,602.5550333492453,TURN_TO_WAYPOINT,7,12,1,2.0,2.0,2,3,2,13,0,13.069363114699414,,,,-0.8909296991816178,0.39100894122238283,-0.9491879159325762,0.43031288763617254,-0.8750005563155395,0.37504471434589126,6,11,0.9998178968030949,273,0,0,0,NORMAL
101.792,-0.8909062268609421,0.39102659633061354,-0.8289313134630449,985.8112503430137,236.55878084379557,997.7603571433722,TURN_TO_WAYPOINT,7,12,1,2.0,2.0,2,3,2,13,0,13.069392498189728,,,,-0.8909062268609421,0.39102659633061354,-0.832252070284313,0.4398983166035448,-0.875000139332235,0.3750386004019669,6,11,0.9998448493238583,273,0,0,0,NORMAL
101.92,-0.8908846991871612,0.39104644101198,-0.7687803591619556,1000.0,233.76646694791754,1000.0,TURN_TO_WAYPOINT,7,12,1,2.0,2.0,2,3,2,13,0,13.06942178572995,,,,-0.8908846991871612,0.39104644101198,-0.9230464020319445,0.40199891417196437,-0.8750000363981202,0.3750097290101658,6,11,0.9999608287850555,273,0,0,0,NORMAL
102.048,-0.8908647547100398,0.39106791659204315,-0.7086298088290941,998.2816216783328,253.30025791638758,995.351676969064,TURN_TO_WAYPOINT,7,12,1,2.0,2.0,2,3,2,13,0,13.069451099795486,,,,-0.8908647547100398,0.39106791659204315,-0.8791368201232871,0.35574987445568607,-0.8750000116671316,0.37500290880807513,6,11,0.9999882654976953,273,0,0,0,NORMAL
102.176,-0.8908462795501723,0.391090684195708,-0.6484802730375999,1000.0,287.5997427398953,992.6075617323756,TURN_TO_WAYPOINT,7,12,1,2.0,2.0,2,3,2,13,0,13.069480425051667,,,,-0.8908462795501723,0.391090684195708,-0.8315339955134362,0.2701835959915235,-0.8750000050443371,0.3750008014159251,6,11,0.9999967477127336,273,0,0,0,NORMAL
102.304,-0.8908292650358656,0.39111456773438874,-0.5883323476455008,1000.0,351.87099298786376,997.9359482389441,TURN_TO_WAYPOINT,7,12,1,2.0,2.0,2,3,2,13,0,13.069509753752332,,,,-0.8908292650358656,0.39111456773438874,-0.8874090428514733,0.28433394886121666,-0.8750000023454856,0.37500024165865,6,11,0.9999990116414833,273,0,0,0,NORMAL
102.432,-0.890813742261137,0.3911394469281639,-0.5281866047362028,997.7029223429477,1000.0,992.744251750303,TURN_TO_WAYPOINT,7,12,1,2.0,2.0,2,3,2,13,0,13.069539082561189,,,,-0.890813742261137,0.3911394469281639,-0.8686827563908855,0.39078969961075943,-0.8750000026037721,0.37500008115989353,6,11,0.9999996598306135,273,0,0,0,NORMAL
102.56,-0.8907997548390466,0.3911652191045312,-0.46804359255766426,1000.0,997.8225914461784,326.0111174669511,TURN_TO_WAYPOINT,7,12,1,2.0,2.0,2,3,2,13,0,13.069568409994416,,,,-0.8907997548390466,0.3911652191045312,-0.9473030770079683,0.4427604760558801,-0.8750000018781287,0.3750000427899965,6,11,0.9999998199201753,273,0,0,0,NORMAL
102.688,-0.8907873477890821,0.3911917859050414,-0.40790383741908504,1000.0,998.7032586397382,273.1348331247698,TURN_TO_WAYPOINT,7,12,1,2.0,2.0,2,3,2,13,0,13.069597735303491,,,,-0.8907873477890821,0.3911917859050414,-0.7223517638983162,0.28720067077099676,-0.8750000004042218,0.3750000363908728,6,11,0.9999998525684455,273,0,0,0,NORMAL
102.816,-0.8907765630229302,0.39121904885824144,-0.34776784532614424,997.4277344053071,997.5157511770585,252.5934118813135,TURN_TO_WAYPOINT,7,12,1,2.0,2.0,2,3,2,13,0,13.069627058042837,,,,-0.8907765630229302,0.39121904885824144,-0.7841856123632872,0.4097734328599653,-0.8750000001871887,0.3750000179417481,6,11,0.9999999274099493,273,0,0,0,NORMAL
102.944,-0.8907674375053116,0.39124690808786655,-0.2876361028525024,985.2902922604239,985.4668074083331,209.64411290878644,TURN_TO_WAYPOINT,7,12,1,2.0,2.0,2,3,2,13,0,13.069656377907709,,,,-0.8907674375053116,0.39124690808786655,-0.8996616957971558,0.3172678351370397,-0.875000000132615,0.375000008887099,6,11,0.9999999638997137,273,0,0,0,NORMAL
103.072,-0.8907600024982432,0.39127526211956426,-0.227509077294131,1000.0,998.8736884320203,197.17733226786348,TURN_TO_WAYPOINT,7,12,1,2.0,2.0,2,3,2,13,0,13.069685694673234,,,,-0.8907600024982432,0.39127526211956426,-0.957152069997805,0.41739126517329145,-0.8750000000428158,0.375000002724044,6,11,0.9999999889224255,273,0,0,0,NORMAL
103.2,-0.8907542832488685,0.3913040080653478,-0.16738721628499467,992.3775291247172,988.0603233007341,216.95480068996687,TURN_TO_WAYPOINT,7,12,1,2.0,2.0,2,3,2,13,0,13.069715008170466,,,,-0.8907542832488685,0.3913040080653478,-0.821148616220221,0.3344467188787348,-0.8750000000134079,0.3750000020649655,6,11,0.9999999916844582,273,0,0,0,NORMAL
103.328,-0.8907502988645015,0.3913330419316273,-0.1072709470499941,1000.0,998.5333556770761,273.6938274666064,TURN_TO_WAYPOINT,7,12,1,2.0,2.0,2,3,2,13,0,13.06974431827557,,,,-0.8907502988645015,0.3913330419316273,-0.8750442728735475,0.3303476257340892,-0.8750000000055324,0.3750000005707511,6,11,0.9999999976938203,273,0,0,0,NORMAL
103.456,-0.8842096658383912,0.39084073075740167,-0.07719952373275162,994.4341070055889,1000.0,285.0102153368748,DRIVE_TO_WAYPOINT,7,12,1,2.0,2.0,2,3,2,13,0,13.076319109715914,,,,-0.8842096658383912,0.39084073075740167,-0.9637169286177488,0.29473465323901216,-0.8750000000030799,0.3750000003792024,6,11,0.9999999984706398,273,0,0,0,NORMAL
103.584,-0.8551913139094256,0.3885937486062357,-0.0772130809031675,1000.0,991.6667546321864,289.9717004230089,DRIVE_TO_WAYPOINT,7,12,1,2.0,2.0,2,3,2,13,0,13.105424327088716,,,,-0.8551913139094256,0.3885937486062357,-0.8481166641765548,0.2766976074280005,-0.8642675985533095,0.37537305683556293,6,11,0.9521728082133701,273,0,0,0,NORMAL
103.712,-0.8262718734011096,0.38635355225636936,-0.07721762150373765,997.9751919968924,997.9298826530522,277.6108264938794,DRIVE_TO_WAYPOINT,7,12,1,2.0,2.0,2,3,2,13,0,13.134430404366395,,,,-0.8262718734011096,0.38635355225636936,-0.8823706400451894,0.35743589762297573,-0.8519177906262502,0.37257110934187443,6,11,0.8963797261833226,273,0,0,0,NORMAL
103.84,-0.7974802335206249,0.3841242295495792,-0.0772189544834314,999.7150592653004,1000.0,999.7108767286386,DRIVE_TO_WAYPOINT,7,12,1,2.0,2.0,2,3,2,13,0,13.163308222961714,,,,-0.7974802335206249,0.3841242295495792,-0.754243356979181,0.3503430150732122,-0.8453934326757775,0.37406382279979195,6,11,0.8732374565549048,273,0,0,0,NORMAL
103.968,-0.7687372227861452,0.38189953284565403,-0.07721927912603643,996.6742733168325,992.5995634680706,1000.0,DRIVE_TO_WAYPOINT,7,12,1,2.0,2.0,2,3,2,13,0,13.192137200424334,,,,-0.7687372227861452,0.38189953284565403,-0.7722355837854902,0.3958324629431654,-0.8268626720581325,0.3753463562469589,6,11,0.8017407082805746,273,0,0,0,NORMAL
104.096,-0.7400123109638143,0.37967670706163936,-0.07721933371891598,1000.0,1000.0,973.9673525919435,DRIVE_TO_WAYPOINT,7,12,1,2.0,2.0,2,3,2,13,0,13.22094798857173,,,,-0.7400123109638143,0.37967670706163936,-0.7657143280061798,0.37111927848629667,-0.8283704749200728,0.37666674626974084,6,11,0.8051712960248787,273,0,0,0,NORMAL
104.224,-0.7112941346394306,0.3774546051547314,-0.07721933203486189,1000.0,994.9186088802627,1000.0,DRIVE_TO_WAYPOINT,7,12,1,2.0,2.0,2,3,2,13,0,13.249752005449313,,,,-0.7112941346394306,0.3774546051547314,-0.8401666770790639,0.42815445745426217,-0.8095601767816675,0.37569595705138004,6,11,0.7337823257489521,273,0,0,0,NORMAL
104.352,-0.6825784664523128,0.3752327681839608,-0.0772193240747101,1000.0,1000.0,998.8277899711461,DRIVE_TO_WAYPOINT,7,12,1,2.0,2.0,2,3,2,13,0,13.278553501225703,,,,-0.6825784664523128,0.3752327681839608,-0.7015630218452265,0.32274271488747425,-0.7500086224646009,0.3747095885884295,6,11,0.5077307921543917,275,0,0,0,NORMAL
104.48,-0.653863732810116,0.37301102184087587,-0.0772193178003255,994.4882278413826,996.0652749222542,1000.0,DRIVE_TO_WAYPOINT,7,12,1,2.0,2.0,2,3,2,13,0,13.307354058250791,,,,-0.653863732810116,0.37301102184087587,-0.5771016404378833,0.3975009908450205,-0.6751846539372388,0.37492346365683066,7,11,0.7273396264128452,275,0,0,0,NORMAL
104.608,-0.6251493475783895,0.3707893040448898,-0.0772193137649686,1000.0,996.872259335587,991.1620501021051,DRIVE_TO_WAYPOINT,7,12,1,2.0,2.0,2,3,2,13,0,13.33615426570145,,,,-0.6251493475783895,0.3707893040448898,-0.5194960289512605,0.3803446953393352,-0.6469426535176013,0.37493539033800677,7,11,0.8378712030508039,275,0,0,0,NORMAL
104.736,-0.5964350922933612,0.3685675943497563,-0.0772193123722315,995.950934772392,1000.0,989.160428754219,DRIVE_TO_WAYPOINT,7,12,1,2.0,2.0,2,3,2,13,0,13.364954342967723,,,,-0.5964350922933612,0.3685675943497563,-0.5218282104290619,0.29478645248205093,-0.6236080771219961,0.37504908636211237,7,11,0.9006068554112118,275,0,0,0,NORMAL
104.864,-0.5677208854853372,0.36634588663815815,-0.07721931426186415,991.4889159024904,996.872218206414,988.942838508168,DRIVE_TO_WAYPOINT,7,12,1,2.0,2.0,2,3,2,13,0,13.39375437174843,,,,-0.5677208854853372,0.36634588663815815,-0.6792059827730053,0.4203707422603013,-0.601634664543344,0.375006348542868,7,11,0.888618952037112,275,0,0,0,NORMAL
104.992,-0.5390066967632776,0.3641241792800127,-0.0772193197298278,969.1337824827692,1000.0,992.0075003012913,DRIVE_TO_WAYPOINT,7,12,1,2.0,2.0,2,3,2,13,0,13.422554382469807,,,,-0.5390066967632776,0.3641241792800127,-0.5279897600313195,0.1972635746706148,-0.5930621229908559,0.3749979137649071,7,11,0.8691993535337177,275,0,0,0,NORMAL
105.12,-0.5102925147910925,0.36190247188661057,-0.07721932842185722,942.61090758457,1000.0,997.7991594207015,DRIVE_TO_WAYPOINT,7,12,1,2.0,2.0,2,3,2,13,0,13.451354386464141,,,,-0.5102925147910925,0.36190247188661057,-0.5132512141816172,0.39770617321414903,-0.5825241741251656,0.3749999030898193,7,11,0.8307144288131149,275,0,0,0,NORMAL
105.248,-0.4815783353425372,0.35968076436170004,-0.07721933934346689,950.0949575809051,993.1382930332591,1000.0,DRIVE_TO_WAYPOINT,7,12,1,2.0,2.0,2,3,2,13,0,13.480154387952512,,,,-0.4815783353425372,0.35968076436170004,-0.5134635288866247,0.39428469535793453,-0.5335050024582835,0.37500028055302265,7,11,0.6407175020260281,276,0,0,0,NORMAL
105.376,-0.4528641568431266,0.3574590566721455,-0.07721935104834855,968.2403509558729,1000.0,1000.0,DRIVE_TO_WAYPOINT,7,12,1,2.0,2.0,2,3,2,13,0,13.508954388507265,,,,-0.4528641568431266,0.3574590566721455,-0.41233122662896493,0.4741905787126466,-0.4923696179984403,0.37499856227224265,8,11,0.5063576201161517,277,0,0,0,NORMAL
105.504,-0.42414997870597665,0.3552373488108052,-0.07721936190111851,961.1294522064333,998.0065631103353,1000.0,DRIVE_TO_WAYPOINT,7,12,1,2.0,2.0,2,3,2,13,0,13.53775438871409,,,,-0.42414997870597665,0.3552373488108052,-0.48640089929001223,0.2785128216885187,-0.43784430140298625,0.37499958175073334,8,11,0.697923705736229,277,0,0,0,NORMAL
105.632,-0.39543580071085005,0.35301564079619224,-0.07721937035205273,960.5717384732953,1000.0,998.1797813349286,DRIVE_TO_WAYPOINT,7,12,1,2.0,2.0,2,3,2,13,0,13.56655438879114,,,,-0.39543580071085005,0.35301564079619224,-0.3150052459504067,0.3700413438636104,-0.41602060551059705,0.37499860601101426,8,11,0.787612019687866,277,0,0,0,NORMAL
105.76,-0.3667216227728593,0.35079393267170306,-0.07721937518338116,965.1343142474676,1000.0,1000.0,DRIVE_TO_WAYPOINT,7,12,1,2.0,2.0,2,3,2,13,0,13.595354388819699,,,,-0.3667216227728593,0.35079393267170306,-0.396400968539602,0.4775507345639277,-0.408300810623796,0.3749934958953912,8,11,0.8276054297098502,277,0,0,0,NORMAL
105.888,-0.3380074448567525,0.34857222449944425,-0.07721937569661859,988.6884692843564,1000.0,1000.0,DRIVE_TO_WAYPOINT,7,12,1,2.0,2.0,2,3,2,13,0,13.624154388830124,,,,-0.3380074448567525,0.34857222449944425,-0.37728933775206475,0.2558204526364384,-0.3675188070667163,0.3749974437007108,8,11,0.894015599269597,277,0,0,0,NORMAL
106.016,-0.30929326694559495,0.346350516350411,-0.07721937181856063,1000.0,995.8522872901767,1000.0,DRIVE_TO_WAYPOINT,7,12,1,2.0,2.0,2,3,2,13,0,13.652954388833823,,,,-0.30929326694559495,0.346350516350411,-0.13342920629035068,0.4171597940458416,-0.3461033181539963,0.3749649322046597,8,11,0.8714324330443649,278,0,0,0,NORMAL
106.144,-0.2805790890297306,0.3441288082933336,-0.0772193641136225,1000.0,1000.0,996.6018180891308,DRIVE_TO_WAYPOINT,7,12,1,2.0,2.0,2,3,2,13,0,13.68175438883512,,,,-0.2805790890297306,0.3441288082933336,-0.3283584854546036,0.27948532129085824,-0.3498995191789977,0.3749726407758563,8,11,0.8957578075674185,278,0,0,0,NORMAL
106.272,-0.25186491110320486,0.34190710038411193,-0.07721935370238073,998.7319242826411,1000.0,1000.0,DRIVE_TO_WAYPOINT,7,12,1,2.0,2.0,2,3,2,13,0,13.710554388835641,,,,-0.25186491110320486,0.34190710038411193,-0.23680566742744122,0.36841828432573354,-0.33497268601487606,0.3749379155456814,8,11,0.8403613512164958,278,0,0,0,NORMAL
106.4,-0.22315073316278675,0.33968539265736636,-0.0772193420988512,1000.0,990.0490036763591,995.6927702726144,DRIVE_TO_WAYPOINT,7,12,1,2.0,2.0,2,3,2,13,0,13.739354388835938,,,,-0.22315073316278675,0.33968539265736636,-0.1797064546662362,0.3648692672389636,-0.3329928710386039,0.3749673440490771,8,11,0.8330134239736341,278,0,0,0,NORMAL
106.528,-0.1944365552077306,0.3374636851212515,-0.07721933099038035,992.0070071761629,987.174978021852,1000.0,DRIVE_TO_WAYPOINT,7,12,1,2.0,2.0,2,3,2,13,0,13.768154388836125,,,,-0.1944365552077306,0.3374636851212515,-0.2382785050010137,0.4495723450974794,-0.29446026306699935,0.3748894615541708,8,11,0.682847434197013,279,0,0,0,NORMAL
106.656,-0.16572237723958264,0.3352419777562137,-0.07721932199243689,997.9521294210987,1000.0,996.8976388758398,DRIVE_TO_WAYPOINT,7,12,1,2.0,2.0,2,3,2,13,0,13.796954388836165,,,,-0.16572237723958264,0.3352419777562137,-0.18972071113232394,0.2756903220725183,-0.27144286161621933,0.37451703870665837,8,11,0.5926250042715613,279,0,0,0,NORMAL
106.784,-0.13700819926181096,0.3330202705178243,-0.07721931641365037,991.0821740567849,987.2063411710028,998.6213081072119,DRIVE_TO_WAYPOINT,7,12,1,2.0,2.0,2,3,2,13,0,13.82575438883603,,,,-0.13700819926181096,0.3330202705178243,-0.06608054874716568,0.2954059810689657,-0.18491182238401724,0.37457631683979997,9,11,0.687102819776113,280,0,0,0,NORMAL
106.912,-0.10829402127923887,0.3307985633432479,-0.07721931506550923,996.9839018343455,954.4862399670648,988.0903805150367,DRIVE_TO_WAYPOINT,7,12,1,2.0,2.0,2,3,2,13,0,13.854554388835759,,,,-0.10829402127923887,0.3307985633432479,-0.17621402520442647,0.3048748992984933,-0.14855803211309265,0.37301179569892184,9,11,0.8143449271452763,281,0,0,0,NORMAL
107.04,-0.07957984329734014,0.32857685616038723,-0.07721931814423467,992.4908172115861,928.9927020355374,1000.0,DRIVE_TO_WAYPOINT,7,12,1,2.0,2.0,2,3,2,13,0,13.883354388835457,,,,-0.07957984329734014,0.32857685616038723,0.003652080132299354,0.4202799965200924,-0.1294365802465233,0.37470952939210966,9,11,0.8843839983285819,281,0,0,0,NORMAL
107.168,-0.050865665321480125,0.3263551488983653,-0.07721932520218795,1000.0,890.9549684338808,996.7489422150561,DRIVE_TO_WAYPOINT,7,12,1,2.0,2.0,2,3,2,13,0,13.912154388835239,,,,-0.050865665321480125,0.3263551488983653,-0.11015624707792107,0.46490643633149964,-0.11277630646104404,0.37438716825647594,9,11,0.9051197579621808,281,0,0,0,NORMAL
107.296,-0.02215148735618288,0.32413344149782214,-0.07721933521287017,1000.0,865.3412447311591,986.1286716898668,DRIVE_TO_WAYPOINT,7,12,1,2.0,2.0,2,3,2,13,0,13.940954388835177,,,,-0.02215148735618288,0.32413344149782214,0.06876399395904581,0.4353243549325455,-0.07283753893793317,0.37141882606101323,9,11,0.7762291337397762,282,0,0,0,NORMAL
107.424,0.006562690595498204,0.3219117339195337,-0.07721934672027021,993.6586914937909,846.1982027213716,1000.0,DRIVE_TO_WAYPOINT,7,12,1,2.0,2.0,2,3,2,13,0,13.96975438883525,,,,0.006562690595498204,0.3219117339195337,0.025181210064086683,0.2944864525640398,-0.027696518593156663,0.37312585827607275,9,11,0.6098503263771282,283,0,0,0,NORMAL
107.552,0.03527686853243145,0.3196900261501078,-0.07721935805067003,1000.0,807.083671222231,1000.0,DRIVE_TO_WAYPOINT,7,12,1,2.0,2.0,2,3,2,13,0,13.998554388835364,,,,0.03527686853243145,0.3196900261501078,0.0752602183839729,0.38535758442790546,0.0009314437019458653,0.3746531138942448,9,11,0.5013735113425779,283,0,0,0,NORMAL
107.68,0.06399104645561181,0.317468318203933,-0.07721936755616259,1000.0,791.2433696913242,988.5611311965761,DRIVE_TO_WAYPOINT,7,12,1,2.0,2.0,2,3,2,13,0,14.027354388835402,,,,0.06399104645561181,0.317468318203933,0.015937746655911342,0.3666571189681579,0.058634443743008774,0.3716764198123174,10,11,0.6752156093727121,285,0,0,0,NORMAL
107.808,0.0927052243680658,0.315246610121097,-0.07721937385435874,997.45394684123,756.2189984581483,995.1626034598562,DRIVE_TO_WAYPOINT,7,12,1,2.0,2.0,2,3,2,13,0,14.056154388835287,,,,0.0927052243680658,0.315246610121097,0.1083443314448797,0.4247026011939488,0.08218112871212616,0.3726177181424865,10,11,0.7699538293606325,285,0,0,0,NORMAL
107.936,0.11667107501664563,0.3133922952486321,-0.07721937382236196,1000.0,738.7733741387076,989.4835098793811,TURN_TO_WAYPOINT,7,12,1,2.0,2.0,2,3,2,14,0,14.080191869588399,,,,0.11667107501664563,0.3133922952486321,0.0874282364880625,0.41889000993940506,0.1123882943862569,0.3693008823058368,10,11,0.8499320912495537,286,0,0,0,NORMAL
108.064,0.1349412889145096,0.3122449771977302,-0.06218999320517926,1000.0,730.2257406595193,999.5273820416401,DRIVE_TO_WAYPOINT,7,12,1,2.0,2.0,2,3,2,14,0,14.09849813277721,,,,0.1349412889145096,0.3122449771977302,0.17189042918869069,0.20915466269055927,0.0998224333667232,0.371757876411237,10,11,0.8720326392333836,287,0,0,0,NORMAL
108.192,0.1615552616119452,0.31059497790785184,-0.06219526767599338,996.6854487809137,690.2152829077131,991.9835264279004,DRIVE_TO_WAYPOINT,7,12,1,2.0,2.0,2,3,2,14,0,14.125163204378376,,,,0.1615552616119452,0.31059497790785184,0.19436124555253145,0.2802919645030684,0.15881847975797989,0.37288152248116135,10,11,0.8354439771998511,287,0,0,0,NORMAL
108.32,0.18696509087957539,0.30901558001200574,-0.062197011837243556,989.2145822862449,663.5065642742053,998.7884757782144,DRIVE_TO_WAYPOINT,7,12,1,2.0,2.0,2,3,2,14,0,14.150622071627634,,,,0.18696509087957539,0.30901558001200574,0.2057240419648187,0.44294258700530886,0.14250110563204485,0.3705875801419085,10,11,0.9016747452480066,287,0,0,0,NORMAL
108.448,0.21481025060890616,0.30728272216819774,-0.06219712510312167,998.1715986165506,625.0998175841096,960.6667314338182,DRIVE_TO_WAYPOINT,7,12,1,2.0,2.0,2,3,2,14,0,14.178521098793686,,,,0.21481025060890616,0.30728272216819774,0.25123049010056014,0.23541588035281463,0.14717021123736837,0.36990974455023756,10,11,0.8878898859266301,287,0,0,0,NORMAL
108.576,0.24357728737143397,0.3054917217039711,-0.06219709763385078,995.7145641013334,614.5692232708612,937.5189123971871,DRIVE_TO_WAYPOINT,7,12,1,2.0,2.0,2,3,2,14,0,14.207343834381687,,,,0.24357728737143397,0.3054917217039711,0.21981799453195255,0.34966880592055977,0.18229214639871108,0.3718250734171517,10,11,0.7597148107099295,287,0,0,0,NORMAL
108.704,0.27232855985673504,0.30370139289555675,-0.06219708350755223,993.4754954726044,559.5832386820643,895.6252025657059,DRIVE_TO_WAYPOINT,7,12,1,2.0,2.0,2,3,2,14,0,14.236150794422086,,,,0.27232855985673504,0.30370139289555675,0.2307502250094094,0.40189710089170694,0.21168765044154256,0.37275455121864415,10,11,0.6493395195218385,287,0,0,0,NORMAL
108.832,0.3010753997501573,0.3019112092236842,-0.06219707511372053,1000.0,541.569244779484,843.1553743937249,DRIVE_TO_WAYPOINT,7,12,1,2.0,2.0,2,3,2,14,0,14.264953321419515,,,,0.3010753997501573,0.3019112092236842,0.28976762150870006,0.29160434893318693,0.1939582758257508,0.3710189871098566,10,11,0.7126358819143352,287,0,0,0,NORMAL
108.96,0.32982063373964315,0.3001210702362125,-0.06219707048331749,997.4049756188625,530.3454266371543,834.4590111010797,DRIVE_TO_WAYPOINT,7,12,1,2.0,2.0,2,3,2,14,0,14.293754242840624,,,,0.32982063373964315,0.3001210702362125,0.4105373559716249,0.27798093032962845,0.24646669996790027,0.3715640456441856,10,11,0.5156070447842966,287,0,0,0,NORMAL
109.088,0.358565281323424,0.2983309444882185,-0.062197069522579716,988.8105999824287,475.3804235387863,795.0560226439055,DRIVE_TO_WAYPOINT,7,12,1,2.0,2.0,2,3,2,14,0,14.32255457816696,,,,0.358565281323424,0.2983309444882185,0.4128464767058767,0.29508212081796964,0.2928316643097783,0.3685996057288433,11,11,0.6165557039015775,287,0,0,0,NORMAL
109.216,0.3825564096575482,0.29683684594060106,-0.06219707204597129,1000.0,473.90805139565936,757.9121381513093,TURN_TO_WAYPOINT,7,12,1,2.0,2.0,2,3,2,15,0,14.346592185560677,,,,0.3825564096575482,0.29683684594060106,0.4785043103295024,0.239282539617229,0.34031275154516666,0.3653459100040282,11,11,0.7611166485841153,288,0,0,0,NORMAL
109.344,0.4008418979365744,0.2959640994304472,-0.04716808841093246,1000.0,439.583333340517,732.9862266689754,DRIVE_TO_WAYPOINT,7,12,1,2.0,2.0,2,3,2,15,0,14.364898550169093,,,,0.4008418979365744,0.2959640994304472,0.40154135942587854,0.3003854133486726,0.35264303366127536,0.3668027334788816,11,11,0.8502892683670145,288,0,0,0,NORMAL
109.472,0.4274777613690287,0.29471405849209253,-0.04717340609301412,995.6496839983724,418.2107635455084,711.3127392964273,DRIVE_TO_WAYPOINT,7,12,1,2.0,2.0,2,3,2,15,0,14.391563730203007,,,,0.4274777613690287,0.29471405849209253,0.48375127371941684,0.4288275130765762,0.37881768664101895,0.37108382170753235,11,11,0.8978416567042456,289,0,0,0,NORMAL
109.6,0.45290857351167113,0.2935165209049812,-0.04717517884680246,998.0272798643501,395.8893907193815,702.9024354336358,DRIVE_TO_WAYPOINT,7,12,1,2.0,2.0,2,3,2,15,0,14.417022722779286,,,,0.45290857351167113,0.2935165209049812,0.45442581416566347,0.32787157490924995,0.3974572835073176,0.3714232931841954,11,11,0.8801437384717637,289,0,0,0,NORMAL
109.728,0.4807765594603087,0.2922021305004441,-0.047175317038364924,995.3419437490593,358.0412568627831,706.078175302065,DRIVE_TO_WAYPOINT,7,12,1,2.0,2.0,2,3,2,15,0,14.444921688049032,,,,0.4807765594603087,0.2922021305004441,0.549351696924647,0.33435958839126634,0.41113340910159585,0.3732369850961855,11,11,0.8431718561416445,289,0,0,0,NORMAL
109.856,0.5095671251228975,0.2908434545326296,-0.04717531261651997,373.918798287944,342.38624973686035,708.9792614069208,DRIVE_TO_WAYPOINT,7,12,1,2.0,2.0,2,3,2,15,0,14.473744295002147,,,,0.5095671251228975,0.2908434545326296,0.5746670333515351,0.29129232536643196,0.4288701448908305,0.37063817581967134,11,11,0.7701720712891639,290,0,0,0,NORMAL
109.984,0.5383419968669093,0.2894852092630328,-0.04717531812943909,343.13255016340327,294.79399181369797,694.3144408761617,DRIVE_TO_WAYPOINT,7,12,1,2.0,2.0,2,3,2,15,0,14.502551205181819,,,,0.5383419968669093,0.2894852092630328,0.5081976365782466,0.21811530092393094,0.5103954311991229,0.37160657793812474,12,11,0.49948990345931354,290,0,0,0,NORMAL
110.112,0.5623553459392032,0.28835162604606257,-0.047175308099787115,307.8177043529606,269.5684532913512,693.3528935317416,TURN_TO_WAYPOINT,8,12,1,2.0,2.0,2,3,2,15,0,14.526591295543097,,,,0.5623553459392032,0.28835162604606257,0.5388241067425366,0.32560174430360045,0.5309427598344275,0.3709070520940032,12,11,0.5844496476439154,290,0,0,0,NORMAL
110.24,0.571318884723649,0.28759141433235486,-0.1073267593428078,291.56573784665807,291.0875767608645,542.2997399840079,TURN_TO_WAYPOINT,8,12,1,2.0,2.0,2,3,2,15,0,14.535589350917709,,,,0.571318884723649,0.28759141433235486,0.5722152583569546,0.2518686184969724,0.5518991139618635,0.372386926472484,12,11,0.6926043417878647,290,0,0,0,NORMAL
110.368,0.5711178095181855,0.2874305451398532,-0.16736504740631025,282.2558764656227,468.7202506398224,561.7377376616872,TURN_TO_WAYPOINT,8,12,1,2.0,2.0,2,3,2,15,0,14.540067704679142,,,,0.5711178095181855,0.2874305451398532,0.4402245069161812,0.3578337135777353,0.5878061280330322,0.373849507621688,12,11,0.8440537777682339,290,0,0,0,NORMAL
110.496,0.5676472691884813,0.28791236570791917,-0.2274824291559832,261.5027171179939,737.5721716159318,659.0728676706957,TURN_TO_WAYPOINT,8,12,1,2.0,2.0,2,3,2,15,0,14.543572715156309,,,,0.5676472691884813,0.28791236570791917,0.5995185688009184,0.25636404251452577,0.6061806157029114,0.37403390015516247,12,11,0.9200729438701918,292,0,0,0,NORMAL
110.624,0.5634450327517385,0.288885166930318,-0.28767114333584803,259.5240977092203,1000.0,724.1454241354951,TURN_TO_WAYPOINT,8,12,1,2.0,2.0,2,3,2,15,0,14.547887329740062,,,,0.5634450327517385,0.288885166930318,0.6248001849900817,0.33112180989396106,0.6089137360029785,0.3744352084735977,12,11,0.9333654439156627,293,0,0,0,NORMAL
110.752,0.5594456550749876,0.29011763532691603,-0.3492248569697426,238.68968711599368,999.2424581332152,1000.0,TURN_TO_WAYPOINT,8,12,1,2.0,2.0,2,3,2,15,0,14.552072836341924,,,,0.5594456550749876,0.29011763532691603,0.5495549446355922,0.40498287379194964,0.6122800451685808,0.3745842539712169,12,11,0.9475180763477768,296,0,0,0,NORMAL
110.88,0.5596905018937143,0.29001730666724995,-0.4094351080910441,256.6772935165286,990.7779322302363,1000.0,TURN_TO_WAYPOINT,8,12,1,2.0,2.0,2,3,2,15,0,14.552337518002375,,,,0.5596905018937143,0.29001730666724995,0.5621845721310781,0.16373610024488758,0.6154874244246714,0.37481170497416927,12,11,0.9612222919567788,296,0,0,0,NORMAL
111.008,0.5597974775261494,0.28995178532875643,-0.46962100202027685,245.97657230300354,1000.0,993.7054641761515,TURN_TO_WAYPOINT,8,12,1,2.0,2.0,2,3,2,15,0,14.552463248726648,,,,0.5597974775261494,0.28995178532875643,0.5696536293225534,0.3514796270218082,0.6198903019732153,0.3749313435757808,12,11,0.9792909310914568,297,0,0,0,NORMAL
111.136,0.5598327255816256,0.28990882092100784,-0.5298030315902245,230.331507616846,806.845880704463,986.9424331220908,TURN_TO_WAYPOINT,8,12,1,2.0,2.0,2,3,2,15,0,14.552519233853483,,,,0.5598327255816256,0.28990882092100784,0.5562641949376957,0.32409170273159993,0.6221563752634587,0.37495881257143965,12,11,0.9884623633972927,297,0,0,0,NORMAL
111.264,0.5598383737195942,0.2898766065185403,-0.5899759101709625,250.45108744737414,712.4538249136671,1000.0,TURN_TO_WAYPOINT,8,12,1,2.0,2.0,2,3,2,15,0,14.552552305404483,,,,0.5598383737195942,0.2898766065185403,0.5563901658574963,0.32992492710337873,0.6237895355913292,0.3749721801838519,12,11,0.9950472991910276,297,0,0,0,NORMAL
111.392,0.5598274347158282,0.289849615783351,-0.6501391576654689,246.9765513159172,629.018434793496,991.054170657831,TURN_TO_WAYPOINT,8,12,1,2.0,2.0,2,3,2,15,0,14.55258175250589,,,,0.5598274347158282,0.289849615783351,0.6188031195184742,0.18934157699036708,0.6244393292071238,0.3749853833130346,12,11,0.9976989424144325,297,0,0,0,NORMAL
111.52,0.559809499329955,0.2898256177045832,-0.7102936052229052,1000.0,651.7182133534177,993.7792415193803,TURN_TO_WAYPOINT,8,12,1,2.0,2.0,2,3,2,15,0,14.552611716493812,,,,0.559809499329955,0.2898256177045832,0.4641383733272323,0.1803023892031967,0.6244115839789135,0.3749903465277312,12,11,0.9976078202433196,298,0,0,0,NORMAL
111.648,0.5597903453165547,0.28980347421972724,-0.7704444881904257,993.1008066756355,723.4763403987499,998.8127755121111,TURN_TO_WAYPOINT,8,12,1,2.0,2.0,2,3,2,15,0,14.552641002960243,,,,0.5597903453165547,0.28980347421972724,0.4371293683597013,0.22953412259645592,0.6246912106545912,0.37499092031633025,12,11,0.9987285743628699,299,0,0,0,NORMAL
111.776,0.5597695211981483,0.2897828517335274,-0.8305952748936024,999.4987923934414,774.8800131353765,986.0574751606996,TURN_TO_WAYPOINT,8,12,1,2.0,2.0,2,3,2,15,0,14.552670316143782,,,,0.5597695211981483,0.2897828517335274,0.4953760275900987,0.3601561137587818,0.6249146097138721,0.37499354120529926,12,11,0.9996326128581865,299,0,0,0,NORMAL
111.904,0.5597473577845714,0.2897636562716113,-0.8907453622014571,994.3201456866866,1000.0,1000.0,TURN_TO_WAYPOINT,8,12,1,2.0,2.0,2,3,2,15,0,14.552699641186125,,,,0.5597473577845714,0.2897636562716113,0.5210969854152605,0.27258316048603815,0.6249229677001992,0.3749944119742189,12,11,0.9996695266174126,299,0,0,0,NORMAL
112.032,0.5597240314884695,0.2897458848439265,-0.9508941475150399,998.7650380746733,1000.0,1000.0,TURN_TO_WAYPOINT,8,12,1,2.0,2.0,2,3,2,15,0,14.552728970274439,,,,0.5597240314884695,0.2897458848439265,0.5913182449823651,0.3371384537516602,0.6249641546051714,0.3749950064632123,12,11,0.9998366475876715,301,0,0,0,NORMAL
112.16,0.5596996614459115,0.2897295726606435,-1.011041048856366,994.8690122861892,1000.0,991.7377127305062,TURN_TO_WAYPOINT,8,12,1,2.0,2.0,2,3,2,15,0,14.55275830003291,,,,0.5596996614459115,0.2897295726606435,0.5950617912786264,0.17251397135111196,0.624971925323069,0.3749938875927394,12,11,0.9998632548875317,301,0,0,0,NORMAL
112.288,0.5596743487395245,0.28971476704784926,-1.0711855082209898,753.6195626612385,992.2088139334901,998.6677270402729,TURN_TO_WAYPOINT,8,12,1,2.0,2.0,2,3,2,15,0,14.55278762894204,,,,0.5596743487395245,0.28971476704784926,0.6865639905567286,0.34263116244923497,0.6249858824466517,0.374994155917415,12,11,0.9999201550086324,302,0,0,0,NORMAL
112.416,0.559648190154456,0.2897015166644484,-1.1313269902523972,643.2628583321166,1000.0,997.6275923231252,TURN_TO_WAYPOINT,8,12,1,2.0,2.0,2,3,2,15,0,14.552816956210565,,,,0.559648190154456,0.2897015166644484,0.6555854890765969,0.38375017056301863,0.6249903602200492,0.3749970770778021,12,11,0.9999497497219785,302,0,0,0,NORMAL
112.544,0.5596212827889208,0.2896898670701775,-1.1914649803376616,561.1893815467611,995.9845376053944,989.8607426607329,TURN_TO_WAYPOINT,8,12,1,2.0,2.0,2,3,2,15,0,14.552846281339647,,,,0.5596212827889208,0.2896898670701775,0.5713326785195565,0.23585690623088734,0.624996858367746,0.37499726557808233,12,11,0.9999764959449818,304,0,0,0,NORMAL
112.672,0.5595937254137826,0.2896798588848385,-1.2515989833005026,614.7680810522442,1000.0,1000.0,TURN_TO_WAYPOINT,8,12,1,2.0,2.0,2,3,2,15,0,14.552875603960695,,,,0.5595937254137826,0.2896798588848385,0.5153657881441596,0.17038895259185022,0.6249988246515472,0.3749979476606723,12,11,0.9999870892942421,304,0,0,0,NORMAL
112.8,0.5595656186833551,0.2896715270046738,-1.3117285228609252,686.3086736990123,1000.0,1000.0,TURN_TO_WAYPOINT,8,12,1,2.0,2.0,2,3,2,15,0,14.55290492377597,,,,0.5595656186833551,0.2896715270046738,0.5951644484737483,0.24289813347624703,0.6249995863278911,0.37499857035120904,12,11,0.9999926267275027,304,0,0,0,NORMAL
112.928,0.5595370649446079,0.28966490025707053,-1.3718531417333524,736.6227855347415,1000.0,993.9712136292993,TURN_TO_WAYPOINT,8,12,1,2.0,2.0,2,3,2,15,0,14.552934240537056,,,,0.5595370649446079,0.28966490025707053,0.5504793512913174,0.4081967650744953,0.6249998398154085,0.37499835448194196,12,11,0.9999927771943528,305,0,0,0,NORMAL
113.056,0.5595081679102013,0.28966000124539487,-1.431972402184144,994.8706404706084,988.3627422571886,993.8075782518911,TURN_TO_WAYPOINT,8,12,1,2.0,2.0,2,3,2,15,0,14.552963554036918,,,,0.5595081679102013,0.28966000124539487,0.6778549134489511,0.2825050104953576,0.6249998952482008,0.37499880105802663,12,11,0.9999947852272743,306,0,0,0,NORMAL
113.184,0.5594790322900105,0.2896568462839919,-1.4920858868925229,1000.0,1000.0,993.7565304404906,DRIVE_TO_WAYPOINT,8,12,1,2.0,2.0,2,3,2,15,0,14.552992864106438,,,,0.5594790322900105,0.2896568462839919,0.4529949990913528,0.3039332468040301,0.6249999656600015,0.37499933222953835,12,11,0.9999971915585899,306,0,0,0,NORMAL
113.312,0.5611377999464041,0.2686450644946497,-1.4920929293998835,1000.0,1000.0,997.0291844965418,DRIVE_TO_WAYPOINT,8,12,1,2.0,2.0,2,3,2,15,0,14.574071244434407,,,,0.5611377999464041,0.2686450644946497,0.5154580875059892,0.3087304322631826,0.6241991069065593,0.36515056452833883,12,11,0.9567073081001749,306,0,0,0,NORMAL
113.44,0.5634297882640912,0.2396213352627758,-1.4920849866410293,992.7622966626993,983.6220816590597,995.3679761120511,DRIVE_TO_WAYPOINT,8,12,1,2.0,2.0,2,3,2,15,0,14.603185331557448,,,,0.5634297882640912,0.2396213352627758,0.5591372218251757,0.21682340949983725,0.6231679726850244,0.35674776330183844,12,11,0.9180128430143286,306,0,0,0,NORMAL
113.568,0.5657065832160314,0.2107837885466194,-1.492082492317452,1000.0,1000.0,997.9235340624892,DRIVE_TO_WAYPOINT,8,12,1,2.0,2.0,2,3,2,15,0,14.632112617913911,,,,0.5657065832160314,0.2107837885466194,0.5334148676104015,0.22485489716051152,0.6238260123256225,0.3266752463678484,12,11,0.800632561343908,306,0,0,0,NORMAL
113.696,0.5679760928875686,0.1820257086959819,-1.492081825241371,1000.0,990.8151596353084,1000.0,DRIVE_TO_WAYPOINT,8,12,1,2.0,2.0,2,3,2,15,0,14.660960110541586,,,,0.5679760928875686,0.1820257086959819,0.5756987084525468,0.21721752465036798,0.6243441229921313,0.2666246972235416,12,11,0.5713180989016783,306,0,0,0,NORMAL
113.824,0.570242601720556,0.1532972968181172,-1.4920816906337337,992.7273935796017,1000.0,998.5708978651357,DRIVE_TO_WAYPOINT,8,12,1,2.0,2.0,2,3,2,15,0,14.689777791075086,,,,0.570242601720556,0.1532972968181172,0.6551781232679418,0.12010316353679526,0.6237337095740997,0.18607421487524312,12,10,0.6831269353280366,307,0,0,0,NORMAL
113.952,0.5725079228965142,0.12457992343695105,-1.4920816822456748,1000.0,981.7826104160448,991.8546778207898,DRIVE_TO_WAYPOINT,8,12,1,2.0,2.0,2,3,2,15,0,14.718584373898226,,,,0.5725079228965142,0.12457992343695105,0.5831676102463975,0.056152850396583895,0.624134206495458,0.15587522711242427,12,10,0.8019311393242241,307,0,0,0,NORMAL
114.08,0.5747727965483108,0.0958666592336669,-1.492081692605735,992.7767055514861,1000.0,992.9499579539896,DRIVE_TO_WAYPOINT,8,12,1,2.0,2.0,2,3,2,15,0,14.74738682507632,,,,0.5747727965483108,0.0958666592336669,0.5941882801601255,0.07870913489344,0.6228275718776973,0.11029238728828016,12,10,0.8651672870564283,307,0,0,0,NORMAL
114.208,0.5770375114807591,0.06715492567970935,-1.4920817000327402,985.4659019483306,997.4454772734774,998.1080094778795,DRIVE_TO_WAYPOINT,8,12,1,2.0,2.0,2,3,2,15,0,14.776187737863916,,,,0.5770375114807591,0.06715492567970935,0.6427038950383784,0.12141633602800767,0.6175606248797132,0.08271998803815005,12,10,0.7965780125333441,307,0,0,0,NORMAL
114.336,0.5793021741309021,0.03844376263402384,-1.4920817021607944,950.3350677158055,990.3275305276024,995.9103995134966,DRIVE_TO_WAYPOINT,8,12,1,2.0,2.0,2,3,2,15,0,14.804988077798628,,,,0.5793021741309021,0.03844376263402384,0.6515292371783715,-0.003560573742745571,0.6212802629352151,0.0614641165632065,12,10,0.7326456060884825,307,0,0,0,NORMAL
114.464,0.5815668210970453,0.009732812342082262,-1.4920816992189563,912.1831035269712,988.6633698086259,990.8940621060221,DRIVE_TO_WAYPOINT,8,12,1,2.0,2.0,2,3,2,15,0,14.83378820440508,,,,0.5815668210970453,0.009732812342082262,0.4725356177948069,0.0937348475421457,0.6208068604998607,0.054127322663485564,12,10,0.7044912286577569,307,0,0,0,NORMAL
114.592,0.5838314639510525,-0.01897805857885785,-1.4920816914600799,887.1294793847475,981.4803125416082,970.3530452700618,DRIVE_TO_WAYPOINT,8,12,1,2.0,2.0,2,3,2,15,0,14.862588251562942,,,,0.5838314639510525,-0.01897805857885785,0.5120930811300453,0.020385209572162423,0.6195596523715375,0.020907536113684188,12,10,0.575742475273232,307,0,0,0,NORMAL
114.72,0.5860961059974308,-0.04768889988036328,-1.4920816794607754,843.8655310109243,1000.0,930.6507569660985,DRIVE_TO_WAYPOINT,8,12,1,2.0,2.0,2,3,2,15,0,14.891388269129576,,,,0.5860961059974308,-0.04768889988036328,0.6375076947821827,-0.033328120842382014,0.6198949204279491,0.023910765291508575,12,10,0.5859446277055835,307,0,0,0,NORMAL
114.848,0.587986254883911,-0.07165195781076864,-1.4920816685369593,831.5539061713523,1000.0,898.322075271947,TURN_TO_WAYPOINT,9,12,1,2.0,2.0,2,3,2,15,0,14.915425756689409,,,,0.587986254883911,-0.07165195781076864,0.48596140083838596,-0.11700482916730623,0.6236953541011407,-0.04493927086421342,12,9,0.6277655518597459,308,0,0,0,NORMAL
114.976,0.5890286084796857,-0.08058510717234858,-1.4319277596888302,525.988539976436,449.63880921159,545.512866155858,TURN_TO_WAYPOINT,9,12,1,2.0,2.0,2,3,2,15,0,14.92442184986965,,,,0.5890286084796857,-0.08058510717234858,0.6359508387115053,-0.20798427523318402,0.6236818677758057,-0.03670201490469702,12,9,0.6363675966392305,308,0,0,0,NORMAL
115.104,0.5891830967626485,-0.08037899125666324,-1.37188694404712,558.1548549963561,478.6681452880585,563.5469038448451,TURN_TO_WAYPOINT,9,12,1,2.0,2.0,2,3,2,15,0,14.928899290321418,,,,0.5891830967626485,-0.08037899125666324,0.667167784782868,0.008901563063653667,0.6240748587558337,-0.050892660382282275,12,9,0.6995317925144413,308,0,0,0,NORMAL
115.232,0.5885922157643667,-0.07692608809991026,-1.3117672961967881,844.960601645912,746.3090515455614,862.1790907635394,TURN_TO_WAYPOINT,9,12,1,2.0,2.0,2,3,2,15,0,14.932403569984503,,,,0.5885922157643667,-0.07692608809991026,0.5335845634882899,-0.15377423902447807,0.6247332922352513,-0.07572035073228478,12,9,0.8015506615533848,310,0,0,0,NORMAL
115.36,0.5874866618716194,-0.0727613686308721,-1.2515533732250352,998.4451177887414,1000.0,1000.0,TURN_TO_WAYPOINT,9,12,1,2.0,2.0,2,3,2,15,0,14.936713768448213,,,,0.5874866618716194,-0.0727613686308721,0.6185189594978603,-0.18229496817656765,0.6249896766188348,-0.10137471093032882,12,9,0.9051523637933009,314,0,0,0,NORMAL
115.488,0.5861276046021279,-0.06880294054634853,-1.1900034646856024,1000.0,1000.0,1000.0,TURN_TO_WAYPOINT,9,12,1,2.0,2.0,2,3,2,15,0,14.940899528747847,,,,0.5861276046021279,-0.06880294054634853,0.43535766879841226,0.03890641279611727,0.6250135581636712,-0.1135034560342609,12,9,0.953871072863392,314,0,0,0,NORMAL
115.616,0.5862359455036406,-0.0690458497998601,-1.1298003150535565,1000.0,931.4523027133421,998.1375046623378,TURN_TO_WAYPOINT,9,12,1,2.0,2.0,2,3,2,15,0,14.941165588458107,,,,0.5862359455036406,-0.0690458497998601,0.5351100016761372,0.04871596870331045,0.6250030423334471,-0.11551189460506743,12,9,0.9620064520682121,314,0,0,0,NORMAL
115.744,0.5863045188846296,-0.0691490979524465,-1.0696200524462753,466.0839906335177,800.3838296568889,1000.0,TURN_TO_WAYPOINT,9,12,1,2.0,2.0,2,3,2,15,0,14.941289838807942,,,,0.5863045188846296,-0.0691490979524465,0.6878675048878985,-0.10460199225556573,0.6250040305714758,-0.11913318056577371,12,9,0.9765110401067576,315,0,0,0,NORMAL
115.872,0.5863482779755755,-0.06918111178758224,-1.0094443160159265,443.9116223113079,825.2661551593367,997.3146923629661,TURN_TO_WAYPOINT,9,12,1,2.0,2.0,2,3,2,15,0,14.941344514398976,,,,0.5863482779755755,-0.06918111178758224,0.6939465039650278,0.010648296235130486,0.62499975836738,-0.12170576936123073,12,9,0.9868179153955148,315,0,0,0,NORMAL
116.0,0.5863804320321568,-0.06918404416290529,-0.9492771532796173,440.7572338567352,883.8815642094042,1000.0,TURN_TO_WAYPOINT,9,12,1,2.0,2.0,2,3,2,15,0,14.941377174939106,,,,0.5863804320321568,-0.06918404416290529,0.601549049456683,-0.0848940518253964,0.624999643649219,-0.12212822454063461,12,9,0.9885105831507244,315,0,0,0,NORMAL
116.128,0.5864070094347972,-0.06917192219170704,-0.8891188321588006,416.72731921794644,1000.0,1000.0,TURN_TO_WAYPOINT,9,12,1,2.0,2.0,2,3,2,15,0,14.941406613710052,,,,0.5864070094347972,-0.06917192219170704,0.6038215085348366,-0.050629529215210425,0.6249998088599994,-0.12420291543300777,12,9,0.9968106034402946,315,0,0,0,NORMAL
116.256,0.586430483555617,-0.06915427087195473,-0.8289672547020842,407.7601828992468,993.604254977004,995.5428194220676,TURN_TO_WAYPOINT,9,12,1,2.0,2.0,2,3,2,15,0,14.941435996385893,,,,0.586430483555617,-0.06915427087195473,0.6602897188338156,-0.1024848938682936,0.6249999373374698,-0.12433799337421242,12,9,0.99735160986431,315,0,0,0,NORMAL
116.384,0.586452012767815,-0.06913442946267756,-0.7688161911573919,462.3885434686922,1000.0,994.761589098593,TURN_TO_WAYPOINT,9,12,1,2.0,2.0,2,3,2,15,0,14.941465282834905,,,,0.586452012767815,-0.06913442946267756,0.6077551689325067,-0.09584355748372593,0.6249999524629252,-0.12461094204327709,12,9,0.9984435532296653,316,0,0,0,NORMAL
116.512,0.5864719597589778,-0.06911295773987164,-0.7086655361160378,999.4324710733241,989.476136763597,996.9151969965981,TURN_TO_WAYPOINT,9,12,1,2.0,2.0,2,3,2,15,0,14.941494595778039,,,,0.5864719597589778,-0.06911295773987164,0.5139317945901342,-0.07011727274827229,0.6249999948297303,-0.12480102006266391,12,9,0.9992040375334135,317,0,0,0,NORMAL
116.64,0.5864904387624257,-0.06909019461943416,-0.6485159036205944,1000.0,1000.0,994.2955786386761,TURN_TO_WAYPOINT,9,12,1,2.0,2.0,2,3,2,15,0,14.941523919968368,,,,0.5864904387624257,-0.06909019461943416,0.5184771243739402,-0.017864430533683903,0.6249999956329048,-0.12490675462690322,12,9,0.9996269959434676,317,0,0,0,NORMAL
116.768,0.5865074585488634,-0.06906631599084022,-0.588367892863579,997.9854720519997,1000.0,864.2920988421922,TURN_TO_WAYPOINT,9,12,1,2.0,2.0,2,3,2,15,0,14.94155324772355,,,,0.5865074585488634,-0.06906631599084022,0.542170990481643,-0.13353562469571473,0.6249999986874248,-0.1249511205953129,12,9,0.9998044748454371,317,0,0,0,NORMAL
116.896,0.5865229879688744,-0.06904144185331224,-0.5282220789232521,982.9733797581083,503.1191498622296,776.8097901881638,TURN_TO_WAYPOINT,9,12,1,2.0,2.0,2,3,2,15,0,14.941582575756314,,,,0.5865229879688744,-0.06904144185331224,0.6310475480187975,-0.15420714924502354,0.6249999994915596,-0.12498602324023465,12,9,0.9999440900584575,317,0,0,0,NORMAL
117.024,0.5865369832433744,-0.06901567458478826,-0.46807901255462614,996.9636744973291,489.9737513991714,810.5927259834647,TURN_TO_WAYPOINT,9,12,1,2.0,2.0,2,3,2,15,0,14.941611902619352,,,,0.5865369832433744,-0.06901567458478826,0.5766198121212618,-0.10265516549286685,0.6249999994148997,-0.12498826772122279,12,9,0.9999530684149889,317,0,0,0,NORMAL
117.152,0.5865493991013226,-0.0689891122713613,-0.40793922197515,1000.0,463.1697490283228,861.4566094259177,TURN_TO_WAYPOINT,9,12,1,2.0,2.0,2,3,2,15,0,14.941641227589237,,,,0.5865493991013226,-0.0689891122713613,0.5890140736249078,-0.09781319237573408,0.6249999995324858,-0.12499828823721292,12,9,0.9999931510509824,317,0,0,0,NORMAL
117.28,0.5865601933139307,-0.0689618531572569,-0.347803214419618,1000.0,447.62261889414737,999.907469699267,TURN_TO_WAYPOINT,9,12,1,2.0,2.0,2,3,2,15,0,14.941670550234557,,,,0.5865601933139307,-0.0689618531572569,0.6693529613372177,-0.09035104138526984,0.6249999997617681,-0.12499957783411689,12,9,0.9999983103741795,317,0,0,0,NORMAL
117.408,0.5865693285536753,-0.06893399695231446,-0.2876714769603758,996.2477449185191,438.10431093690926,997.9599277875336,TURN_TO_WAYPOINT,9,12,1,2.0,2.0,2,3,2,15,0,14.94169987025401,,,,0.5865693285536753,-0.06893399695231446,0.5301239841562091,-0.11667510317933716,0.6249999998941771,-0.1249997085149535,12,9,0.9999988336337777,317,0,0,0,NORMAL
117.536,0.5865767731710761,-0.06890564503530017,-0.2275444766391508,1000.0,555.6743084529951,1000.0,TURN_TO_WAYPOINT,9,12,1,2.0,2.0,2,3,2,15,0,14.94172918741572,,,,0.5865767731710761,-0.06890564503530017,0.6359123118940373,0.009797201231133146,0.624999999961879,-0.12499975217976264,12,9,0.9999990085655937,318,0,0,0,NORMAL
117.664,0.5865825015288256,-0.06887690027415196,-0.16742266008890447,1000.0,1000.0,1000.0,TURN_TO_WAYPOINT,9,12,1,2.0,2.0,2,3,2,15,0,14.941758501533812,,,,0.5865825015288256,-0.06887690027415196,0.5691050555513534,-0.03543068199738646,0.624999999978921,-0.12499993098240547,12,9,0.9999997238450241,319,0,0,0,NORMAL
117.792,0.5865864941487029,-0.06884786671736494,-0.10730645282087346,372.69660099244095,1000.0,1000.0,TURN_TO_WAYPOINT,9,12,1,2.0,2.0,2,3,2,15,0,14.9417878124584,,,,0.5865864941487029,-0.06884786671736494,0.694915607470674,-0.11689240585081587,0.6249999999910957,-0.12499997492942926,12,9,0.9999998996820001,319,0,0,0,NORMAL
117.92,0.5931271155973329,-0.06934041025071618,-0.07723508071850171,324.7437686900086,994.2033479605494,980.3761329442838,DRIVE_TO_WAYPOINT,9,12,1,2.0,2.0,2,3,2,15,0,14.948362607091525,,,,0.5931271155973329,-0.06934041025071618,0.5973455974016258,-0.1065566380566377,0.6249999999953246,-0.12499996428950694,12,9,0.9999998571393023,319,0,0,0,NORMAL
118.048,0.6221453879575091,-0.07158842465308585,-0.07724863460371893,331.80286887037784,1000.0,996.4729419730794,DRIVE_TO_WAYPOINT,9,12,1,2.0,2.0,2,3,2,15,0,14.977467824843322,,,,0.6221453879575091,-0.07158842465308585,0.6143472207643343,-0.16813791632051084,0.6370034946897735,-0.12604856773255393,12,9,0.945736316476926,319,0,0,0,NORMAL
118.176,0.6510647480999598,-0.07382964949958101,-0.07725317979524025,322.414107341849,1000.0,435.6450817375102,DRIVE_TO_WAYPOINT,9,12,1,2.0,2.0,2,3,2,15,0,15.00647390144634,,,,0.6510647480999598,-0.07382964949958101,0.6243198789922201,-0.11275547583349216,0.6488811004613606,-0.12259591182618801,12,9,0.8935134546831052,319,0,0,0,NORMAL
118.304,0.6798563082918893,-0.07605999621700968,-0.07725452146640475,343.49801098783666,994.0642012826049,416.9677401598786,DRIVE_TO_WAYPOINT,9,12,1,2.0,2.0,2,3,2,15,0,15.03535171966121,,,,0.6798563082918893,-0.07605999621700968,0.694827650264702,-0.10690991724601115,0.6486200457192934,-0.1234944774295307,12,9,0.8961400928546321,319,0,0,0,NORMAL
118.432,0.708599239753295,-0.0782857153519965,-0.07725485632562762,346.09797286089207,993.6794353411068,384.79658410976225,DRIVE_TO_WAYPOINT,9,12,1,2.0,2.0,2,3,2,15,0,15.06418069700513,,,,0.708599239753295,-0.0782857153519965,0.7030027356902578,-0.08411738487740188,0.6441883652374769,-0.12297922209038518,12,9,0.9124661772784141,319,0,0,0,NORMAL
118.56,0.7373240724608067,-0.08050956308908822,-0.07725492064403196,1000.0,999.7701525517416,331.87324462767083,DRIVE_TO_WAYPOINT,9,12,1,2.0,2.0,2,3,2,15,0,15.092991485138043,,,,0.7373240724608067,-0.08050956308908822,0.7055900653671177,0.004287164316148048,0.6677377557105242,-0.12474780170837658,12,9,0.8229051259155562,319,0,0,0,NORMAL
118.688,0.7660421697051102,-0.08273268685548579,-0.07725492656728189,1000.0,989.8573722095887,298.5946825449136,CONFIRM_OBSTACLE,9,12,1,2.0,2.0,2,3,2,15,0,15.12179550202137,OBSTACLE_DETECTED,,,0.7660421697051102,-0.08273268685548579,0.7762782569410169,-0.10935163880998677,0.7151039703254564,-0.12339779858201043,12,9,0.6390763310533881,319,0,0,0,NORMAL
118.816,0.7752801379013151,-0.08344780869173532,-0.07725492406583069,702.8203596118273,617.8786904946523,301.4921100956127,CONFIRM_OBSTACLE,9,12,1,2.0,2.0,2,3,2,15,0,15.13106110808006,,,,0.7752801379013151,-0.08344780869173532,0.7550906278174183,-0.0045638426898091805,0.6684073407581057,-0.1236919531020388,12,9,0.8209172070843251,319,0,0,0,NORMAL
118.944,0.7780729917886573,-0.08366400638410994,-0.07725492611339897,497.0624164572954,433.59085931669,282.69985396962574,CONFIRM_OBSTACLE,9,12,1,2.0,2.0,2,3,2,15,0,15.136910047522884,,,,0.7780729917886573,-0.08366400638410994,0.6660220551338267,-0.06499684356110172,0.6826627644031585,-0.12448557824384301,12,9,0.7673278999188593,319,0,0,0,NORMAL
119.072,0.7747502716697002,-0.08340680091993619,-0.07725493036252752,745.9028015656099,654.6368374736293,294.8047640394022,CONFIRM_OBSTACLE,9,12,1,2.0,2.0,2,3,2,15,0,15.140242707667532,,,,0.7747502716697002,-0.08340680091993619,0.76788523702874,-0.09226281480738871,0.661208125761206,-0.12484520006225623,12,9,0.854388012192935,319,0,0,0,NORMAL
119.2,0.7707436196182412,-0.08309665139468621,-0.07725493293141043,1000.0,1000.0,300.27600659073244,PLAN_ROUTE,9,12,1,2.0,2.0,3,3,3,15,0,15.144261345918169,TEMPORARY_OBSTACLE_ADDED,1.1468135984410555,-0.46313345395416594,0.7707436196182412,-0.08309665139468621,0.6967985355555073,-0.03901713108566599,0.6664374237967126,-0.1249121205266765,12,9,0.8338825652360397,319,0,0,0,NORMAL
119.328,0.7655884317301309,-0.0827026411840106,-0.10727587088292616,1000.0,999.2943287626542,326.9154024036291,TURN_TO_WAYPOINT,1,5,1,2.0,2.0,3,4,3,15,0,15.149431740390439,PATH_PLANNED,,,0.7655884317301309,-0.0827026411840106,0.7898279124627628,-0.13549993331011187,0.6768061206656776,-0.12497624895712978,12,9,0.7926664097361398,319,0,0,0,NORMAL
119.456,0.7655908179754745,-0.08272657327786449,-0.16873816214204768,1000.0,1000.0,340.5032337369334,TURN_TO_WAYPOINT,1,5,1,2.0,2.0,3,4,3,15,0,15.149704572350332,,,,0.7655908179754745,-0.08272657327786449,0.730960591720597,-0.13722429648154813,0.6772425614168728,-0.12499089529039398,12,9,0.7909880669405427,319,0,0,0,NORMAL
119.584,0.7656701037633176,-0.08276488599049475,-0.22887890738180616,1000.0,489.77478632687973,1000.0,TURN_TO_WAYPOINT,1,5,1,2.0,2.0,3,4,3,15,0,15.149793125584791,,,,0.7656701037633176,-0.08276488599049475,0.760041268567116,-0.12448162020610218,0.6982032643474249,-0.12498670415811355,12,9,0.7071458619152379,319,0,0,0,NORMAL
119.712,0.7656945305536047,-0.08279883342263217,-0.28902542073235205,1000.0,331.91041770853275,994.8252524406471,TURN_TO_WAYPOINT,1,5,1,2.0,2.0,3,4,3,15,0,15.149835413762752,,,,0.7656945305536047,-0.08279883342263217,0.6922636429885659,-0.09973254173133952,0.688943625583308,-0.1249949971082905,12,9,0.7442093311340557,319,0,0,0,NORMAL
119.84,0.7656983595365555,-0.08282954564839687,-0.3492299396781699,998.0037099313972,261.9939105556135,998.7313406275464,TURN_TO_WAYPOINT,1,5,1,2.0,2.0,3,4,3,15,0,15.149866702661878,,,,0.7656983595365555,-0.08282954564839687,0.7555898794104142,-0.06597675338429027,0.735241025530426,-0.12499793034506489,12,9,0.5590307094932643,319,0,0,0,NORMAL
119.968,0.7656856595385997,-0.08285819175692455,-0.40944636906947596,990.2236445545317,276.6281772647292,1000.0,TURN_TO_WAYPOINT,1,5,1,2.0,2.0,3,4,3,15,0,15.149898336041854,,,,0.7656856595385997,-0.08285819175692455,0.7342555377725063,-0.04307012506791715,0.7341984417185631,-0.12499892810282918,12,9,0.5632035577805705,320,0,0,0,NORMAL
120.096,0.7656599980453183,-0.08288532496919634,-0.46965088497725715,1000.0,297.07612070581223,995.155674791346,TURN_TO_WAYPOINT,1,5,1,2.0,2.0,3,4,3,15,0,15.149935710859053,,,,0.7656599980453183,-0.08288532496919634,0.8285131097828867,-0.09066386416331655,0.7669749449195004,-0.12499951598281703,13,9,0.5678987753078508,321,0,0,0,NORMAL
120.224,0.7656347523543294,-0.08291125985434131,-0.5298403785159594,990.895974858385,305.2253351970044,755.6737260590833,TURN_TO_WAYPOINT,1,5,1,2.0,2.0,3,4,3,15,0,15.149971904969473,,,,0.7656347523543294,-0.08291125985434131,0.6928105486560355,-0.19910107323821116,0.7833213586463882,-0.12499968877602202,13,9,0.6332847083057743,321,0,0,0,NORMAL
120.352,0.7656115879212237,-0.0829361937963624,-0.5900162712973954,1000.0,330.05981943087147,711.2394176848028,TURN_TO_WAYPOINT,1,5,1,2.0,2.0,3,4,3,15,0,15.150005939363016,,,,0.7656115879212237,-0.0829361937963624,0.8130454680941787,-0.06230191846637301,0.7604990190671113,-0.1249998628119124,13,9,0.5419958079194304,321,0,0,0,NORMAL
120.48,0.7655902744670902,-0.08296009982483603,-0.6501807073698479,994.7293030741341,365.0993377374534,699.808330466817,TURN_TO_WAYPOINT,1,5,1,2.0,2.0,3,4,3,15,0,15.150037967269885,,,,0.7655902744670902,-0.08296009982483603,0.7226291908192939,-0.09151729707295408,0.7549356349913002,-0.12499995918842184,13,9,0.5197424636616544,322,0,0,0,NORMAL
120.608,0.7655705270225331,-0.08298291641813157,-0.7103355446364169,993.8734253236428,368.9064692090066,723.4194141177803,TURN_TO_WAYPOINT,1,5,1,2.0,2.0,3,4,3,15,0,15.150068142891284,,,,0.7655705270225331,-0.08298291641813157,0.7096840329455619,-0.1150179339103912,0.7384996277133736,-0.12499997800907028,12,9,0.5460014363405499,322,0,0,0,NORMAL
120.736,0.7655507858696218,-0.0830045936082245,-0.7704864266753273,391.24643058933134,1000.0,988.9423463438043,TURN_TO_WAYPOINT,1,5,1,2.0,2.0,3,4,3,15,0,15.150097466213673,,,,0.7655507858696218,-0.0830045936082245,0.8303944992183709,-0.17748623533130953,0.7702647716598567,-0.12499999411180934,13,9,0.5810590741663412,322,0,0,0,NORMAL
120.864,0.7655297561429923,-0.08302502785598241,-0.830637188490119,270.58486963843575,992.4485886723608,1000.0,TURN_TO_WAYPOINT,1,5,1,2.0,2.0,3,4,3,15,0,15.150126792966683,,,,0.7655297561429923,-0.08302502785598241,0.8167824845322331,-0.13502472324184914,0.7540915111501869,-0.12499999613390822,13,9,0.5163660374436331,322,0,0,0,NORMAL
120.992,0.7655075233518739,-0.08304414858076042,-0.8907872394636217,211.15610013157283,1000.0,1000.0,TURN_TO_WAYPOINT,1,5,1,2.0,2.0,3,4,3,15,0,15.150156121196524,,,,0.7655075233518739,-0.08304414858076042,0.7752772429012903,-0.09138743166265262,0.7586184854724837,-0.12499999858502024,13,9,0.5344739391676083,322,0,0,0,NORMAL
121.12,0.7654841772886571,-0.08306189299907552,-0.9509359838662442,222.10835257280414,1000.0,987.0244955495352,TURN_TO_WAYPOINT,1,5,1,2.0,2.0,3,4,3,15,0,15.150185449462583,,,,0.7654841772886571,-0.08306189299907552,0.7380306573815828,-0.017461569354543793,0.7485921070817956,-0.12499999912768658,12,9,0.5056315697190492,322,0,0,0,NORMAL
121.248,0.7654598059875262,-0.08307819956728961,-1.0110828438963964,255.09841642760742,998.3810114233885,999.6104540810559,TURN_TO_WAYPOINT,1,5,1,2.0,2.0,3,4,3,15,0,15.150214777059352,,,,0.7654598059875262,-0.08307819956728961,0.7349461196666294,-0.002131969544654541,0.7539273234602833,-0.12499999920566292,13,9,0.5157092923745696,322,0,0,0,NORMAL
121.376,0.7654344990736269,-0.08309301039641592,-1.071227264382608,270.50179819481957,770.5598396377326,985.4950467739437,TURN_TO_WAYPOINT,1,5,1,2.0,2.0,3,4,3,15,0,15.150244103561217,,,,0.7654344990736269,-0.08309301039641592,0.7310405140353909,-0.182853672999366,0.7445953090463368,-0.12499999960650876,12,9,0.5216187629090597,322,0,0,0,NORMAL
121.504,0.7654083488060025,-0.08310627242563894,-1.131368712054834,290.4330751499001,755.7027445601624,1000.0,TURN_TO_WAYPOINT,1,5,1,2.0,2.0,3,4,3,15,0,15.15027342865182,,,,0.7654083488060025,-0.08310627242563894,0.7134838430184599,-0.05875282544043768,0.7141095082416765,-0.12499999993667921,12,9,0.6435619668580438,322,0,0,0,NORMAL
121.632,0.765381450225288,-0.08311793800453648,-1.1915066738899784,323.77363353797534,706.2963078518524,991.9538907298205,TURN_TO_WAYPOINT,1,5,1,2.0,2.0,3,4,3,15,0,15.15030275206073,,,,0.765381450225288,-0.08311793800453648,0.7697358739752771,-0.014015855703660943,0.7484836965225482,-0.1249999999694717,12,9,0.5060652138414041,322,0,0,0,NORMAL
121.76,0.7653539009746095,-0.08312796522087676,-1.2516406559011843,995.9469959572043,776.284767030857,985.5933935680422,TURN_TO_WAYPOINT,1,5,1,2.0,2.0,3,4,3,15,0,15.150332073539895,,,,0.7653539009746095,-0.08312796522087676,0.6232638314902401,-0.04837921552527432,0.7744784774096937,-0.12499999998585463,13,9,0.5979139096079441,322,0,0,0,NORMAL
121.888,0.7653258009986488,-0.08313631811263468,-1.3117701826294954,1000.0,1000.0,996.0793915011457,TURN_TO_WAYPOINT,1,5,1,2.0,2.0,3,4,3,15,0,15.150361392854958,,,,0.7653258009986488,-0.08313631811263468,0.8307668866568486,-0.11212803606756461,0.8289915908195539,-0.12499999999083707,13,9,0.8159663632495853,323,0,0,0,NORMAL
122.016,0.765297252194763,-0.08314296682005724,-1.3718947972506959,1000.0,1000.0,1000.0,TURN_TO_WAYPOINT,1,5,1,2.0,2.0,3,4,3,15,0,15.150390709782176,,,,0.765297252194763,-0.08314296682005724,0.7634842905501097,-0.08790059480915906,0.8336284645124533,-0.12499999999500006,13,9,0.8345138580337664,323,0,0,0,NORMAL
122.144,0.7652683580432704,-0.08314788769987151,-1.4320140621368287,997.0916721820191,1000.0,1000.0,TURN_TO_WAYPOINT,1,5,1,2.0,2.0,3,4,3,15,0,15.150420024107548,,,,0.7652683580432704,-0.08314788769987151,0.7747685614733367,-0.09118307568287765,0.8155160180082343,-0.12499999999674542,13,9,0.7620640720235571,323,0,0,0,NORMAL
122.272,0.7652392232274311,-0.08315106341019837,-1.4921275597251207,998.6509761193865,1000.0,1000.0,TURN_TO_WAYPOINT,1,5,1,2.0,2.0,3,4,3,15,0,15.150449335626837,,,,0.7652392232274311,-0.08315106341019837,0.6719788047314355,-0.04837049496482277,0.8398731599921984,-0.12499999999858395,13,9,0.8594926399640853,323,0,0,0,NORMAL
122.4,0.7652099532478073,-0.08315248296939522,-1.5522348935796193,1000.0,999.5599870286301,1000.0,TURN_TO_WAYPOINT,1,5,1,2.0,2.0,3,4,3,15,0,15.150478644145926,,,,0.7652099532478073,-0.08315248296939522,0.7875081265241698,-0.06007989354475766,0.8406648924212549,-0.12499999999885253,13,9,0.8626595696811878,323,0,0,0,NORMAL
122.528,0.7651806531901532,-0.08315214181787615,-1.6123372384130474,727.2185087768615,995.6712328641223,959.5714031712223,TURN_TO_WAYPOINT,1,5,1,2.0,2.0,3,4,3,15,0,15.150507950324014,,,,0.7651806531901532,-0.08315214181787615,0.7905155826873621,-0.12370967619483161,0.8449520824676537,-0.1249999999993048,13,9,0.8798083298682374,323,0,0,0,NORMAL
122.656,0.7646977054446502,-0.08969352626585995,-1.642404952918263,698.4039475154295,1000.0,987.7949001341975,DRIVE_TO_WAYPOINT,1,5,1,2.0,2.0,3,4,3,15,0,15.157082784812564,,,,0.7646977054446502,-0.08969352626585995,0.758683381709409,-0.2608224861184042,0.8304091578258737,-0.12499999999979672,13,9,0.8216366313028544,323,0,0,0,NORMAL
122.784,0.7626176092194173,-0.11872432259540878,-1.6423910666424975,668.8518634577581,997.8705562041232,946.8795297081562,DRIVE_TO_WAYPOINT,1,5,1,2.0,2.0,3,4,3,15,0,15.186188006624144,,,,0.7626176092194173,-0.11872432259540878,0.715425274898001,-0.07582156341308885,0.8474082703840022,-0.12937937461642704,13,9,0.8712066979317797,323,0,0,0,NORMAL
122.912,0.7608855399335237,-0.14291425950681297,-1.6423865080117017,648.3683356968492,1000.0,921.5674159570069,TURN_TO_WAYPOINT,1,5,1,2.0,2.0,3,4,3,16,0,15.21043987485911,,,,0.7608855399335237,-0.14291425950681297,0.8375935299969555,-0.1634149846083091,0.8648813683562654,-0.14005390249050526,13,9,0.8957846363004761,323,0,0,0,NORMAL
123.04,0.7592996678519128,-0.16131778051704088,-1.6574148464447613,625.4067011892394,907.2197655744526,925.3379461056089,DRIVE_TO_WAYPOINT,1,5,1,2.0,2.0,3,4,3,16,0,15.22891166757828,,,,0.7592996678519128,-0.16131778051704088,0.7024602823510021,-0.1761158227535867,0.8682455277308382,-0.13124277689660044,13,9,0.9465117719341206,323,0,0,0,NORMAL
123.168,0.7569716103257214,-0.18805305197225827,-1.6574088868812538,598.117630647364,999.7425647749797,902.9757716588986,DRIVE_TO_WAYPOINT,1,5,1,2.0,2.0,3,4,3,16,0,15.255748109112833,,,,0.7569716103257214,-0.18805305197225827,0.7503220722990843,-0.1869553230129358,0.8384270480143066,-0.13911456745586043,13,9,0.8046693407968741,323,0,0,0,NORMAL
123.296,0.7547496160947974,-0.2136124412389439,-1.6574069259936104,552.1192461897035,998.7013026331625,843.9627734941444,DRIVE_TO_WAYPOINT,1,5,1,2.0,2.0,3,4,3,16,0,15.281403900631204,,,,0.7547496160947974,-0.2136124412389439,0.7393491110272616,-0.3536601277786716,0.8401438473215989,-0.14823328746170109,13,9,0.778661095886596,323,0,0,0,NORMAL
123.424,0.7524193518582464,-0.24043702189622626,-1.6574066434403116,531.8783592621678,1000.0,837.5192388829447,DRIVE_TO_WAYPOINT,1,5,1,2.0,2.0,3,4,3,16,0,15.308329506640817,,,,0.7524193518582464,-0.24043702189622626,0.7499520006027353,-0.25346026420362655,0.8544370983262497,-0.17003822270252303,13,9,0.7502757054770943,323,0,0,0,NORMAL
123.552,0.7498962903785309,-0.2694894643548728,-1.6574066926862696,496.46241401882173,992.2313475058514,811.1045051014398,DRIVE_TO_WAYPOINT,1,5,1,2.0,2.0,3,4,3,16,0,15.337491301031013,,,,0.7498962903785309,-0.2694894643548728,0.7521979656316361,-0.31863723350757484,0.8475068753657801,-0.16220316155876063,13,9,0.7563324006488714,323,0,0,0,NORMAL
123.68,0.7473925325196286,-0.2983228397147358,-1.6574066976318662,507.9691339992189,1000.0,821.0654982904078,DRIVE_TO_WAYPOINT,1,5,1,2.0,2.0,3,4,3,16,0,15.366433179651125,,,,0.7473925325196286,-0.2983228397147358,0.6570798068995533,-0.43552733592493564,0.8460684194088369,-0.20029869690206067,13,9,0.6195029990606089,323,0,0,0,NORMAL
123.808,0.7448965834541773,-0.3270677309095831,-1.6574066908332699,524.3260604080717,1000.0,803.8664609173737,DRIVE_TO_WAYPOINT,1,5,1,2.0,2.0,3,4,3,16,0,15.395286230296445,,,,0.7448965834541773,-0.3270677309095831,0.7621994501610663,-0.2766537473949659,0.7999980459474718,-0.23353261371848014,13,9,0.39936595346303205,323,0,0,0,NORMAL
123.936,0.7424035652573598,-0.3557795185822924,-1.6574066805324537,521.8925645707977,1000.0,811.3220833806478,DRIVE_TO_WAYPOINT,1,5,1,2.0,2.0,3,4,3,16,0,15.424106047976169,,,,0.7424035652573598,-0.3557795185822924,0.7739270589521137,-0.3685362240209428,0.7936231235815697,-0.2749304303129277,13,8,0.3866926075992292,324,0,0,0,NORMAL
124.064,0.7399116457353372,-0.3844789431598701,-1.6574066693397405,535.9456309326197,1000.0,821.2176093485314,DRIVE_TO_WAYPOINT,1,5,1,2.0,2.0,3,4,3,16,0,15.452913453864037,,,,0.7399116457353372,-0.3844789431598701,0.770426776344552,-0.38461846291087914,0.8015000517981407,-0.30423997459182306,13,8,0.4815335122866453,324,0,0,0,NORMAL
124.192,0.737420138317272,-0.4131737488142551,-1.6574066584983547,528.7172842863876,987.4433933571976,789.707649588051,DRIVE_TO_WAYPOINT,1,5,1,2.0,2.0,3,4,3,16,0,15.481716222494104,,,,0.737420138317272,-0.4131737488142551,0.6934969515511091,-0.4532801883161696,0.7602338710426336,-0.39017284993305495,13,8,0.4553982229895126,324,0,0,0,NORMAL
124.32,0.7349287855456602,-0.4418668281652139,-1.65740664901404,520.9460423346695,1000.0,795.9371779640198,DRIVE_TO_WAYPOINT,1,5,1,2.0,2.0,3,4,3,16,0,15.510517257914257,,,,0.7349287855456602,-0.4418668281652139,0.7548093984054397,-0.42349153306240533,0.7280482080502015,-0.3877922893842129,12,8,0.5300602655525656,324,0,0,0,NORMAL
124.448,0.7324374908300826,-0.47055926208055104,-1.6574066418483622,1000.0,997.3496828760636,786.7800823327233,DRIVE_TO_WAYPOINT,1,5,1,2.0,2.0,3,4,3,16,0,15.539317645296128,,,,0.7324374908300826,-0.47055926208055104,0.7892597239682729,-0.46625308045003955,0.7152227115987658,-0.3967790868276689,12,8,0.5749270789350717,325,0,0,0,NORMAL
124.576,0.7299462179138136,-0.4992514545863677,-1.6574066378014523,999.1476639333976,996.5984051567447,982.0079985743319,DRIVE_TO_WAYPOINT,1,5,1,2.0,2.0,3,4,3,16,0,15.568117790287676,,,,0.7299462179138136,-0.4992514545863677,0.7645854419129733,-0.5865584899366805,0.7142129810549072,-0.4079867001037003,12,8,0.5563320893718707,325,0,0,0,NORMAL
124.704,0.727454953167644,-0.5279435567609349,-1.6574066373400114,996.0271967317982,996.5927847520094,992.5860506318122,DRIVE_TO_WAYPOINT,1,5,1,2.0,2.0,3,4,3,16,0,15.596917844579837,,,,0.727454953167644,-0.5279435567609349,0.7462075577587927,-0.39676285097177544,0.6994288409503646,-0.41982663205974796,12,8,0.5755287483768653,326,0,0,0,NORMAL
124.832,0.7249636914469119,-0.5566356251175011,-1.65740664047597,1000.0,999.1378685609881,991.4547270452686,DRIVE_TO_WAYPOINT,1,5,1,2.0,2.0,3,4,3,16,0,15.625717864919048,,,,0.7249636914469119,-0.5566356251175011,0.7617260102740218,-0.7150048729423535,0.6841631288049459,-0.49968343587133246,12,8,0.39240396295897184,327,0,0,0,NORMAL
124.96,0.7224724307913049,-0.585327680802986,-1.6574066467305049,1000.0,1000.0,1000.0,DRIVE_TO_WAYPOINT,1,5,1,2.0,2.0,3,4,3,16,0,15.654517872542538,,,,0.7224724307913049,-0.585327680802986,0.7998259757194671,-0.43165309654529416,0.6677362757535747,-0.5512270581695852,12,7,0.5441748747264938,328,0,0,0,NORMAL
125.088,0.7199811704426862,-0.6140197317329081,-1.6574066551854902,998.7472788538562,1000.0,1000.0,DRIVE_TO_WAYPOINT,1,5,1,2.0,2.0,3,4,3,16,0,15.683317875401737,,,,0.7199811704426862,-0.6140197317329081,0.6833136165202839,-0.524794080838566,0.6518471000480441,-0.5745330798387615,12,7,0.6701612577988607,328,0,0,0,NORMAL
125.216,0.7174899101061767,-0.6427117808712094,-1.6574066646084789,1000.0,1000.0,991.79904927163,DRIVE_TO_WAYPOINT,1,5,1,2.0,2.0,3,4,3,16,0,15.712117876474982,,,,0.7174899101061767,-0.6427117808712094,0.6834639500506237,-0.640961016526541,0.6479767416618855,-0.6153860822309333,12,7,0.7851656115897662,329,0,0,0,NORMAL
125.344,0.7149986496752355,-0.6714038293288044,-1.6574066736282818,1000.0,996.2716997502972,1000.0,DRIVE_TO_WAYPOINT,1,5,1,2.0,2.0,3,4,3,16,0,15.740917876878243,,,,0.7149986496752355,-0.6714038293288044,0.6598541223513439,-0.596579347339863,0.6653330519587872,-0.6635977044284904,12,7,0.6928825299627543,330,0,0,0,NORMAL
125.472,0.7125073891282556,-0.700095877523654,-1.6574066809329369,999.3983905846052,1000.0,990.592166741909,DRIVE_TO_WAYPOINT,1,5,1,2.0,2.0,3,4,3,16,0,15.76971787702978,,,,0.7125073891282556,-0.700095877523654,0.701951267998639,-0.6875946721933343,0.6480849450850981,-0.6547484385995143,12,7,0.791247699806791,330,0,0,0,NORMAL
125.6,0.710016128487201,-0.7287879256151342,-1.6574066854599996,1000.0,999.7713972872776,995.3449655109066,DRIVE_TO_WAYPOINT,1,5,1,2.0,2.0,3,4,3,16,0,15.798517877086471,,,,0.710016128487201,-0.7287879256151342,0.7261518544505648,-0.7906155097134724,0.651002160531802,-0.6729971245600056,12,7,0.7225435242870759,330,0,0,0,NORMAL
125.728,0.7075248677977308,-0.7574799736664503,-1.6574066865509363,994.9107395686771,997.1473606930356,1000.0,DRIVE_TO_WAYPOINT,1,5,1,2.0,2.0,3,4,3,16,0,15.827317877107339,,,,0.7075248677977308,-0.7574799736664503,0.7033723969674482,-0.7565133388880982,0.6549683238483359,-0.7053964411653239,12,7,0.5992114391922354,331,0,0,0,NORMAL
125.856,0.7050336071163021,-0.7861720217049855,-1.6574066840469297,1000.0,1000.0,1000.0,DRIVE_TO_WAYPOINT,1,5,1,2.0,2.0,3,4,3,16,0,15.856117877114777,,,,0.7050336071163021,-0.7861720217049855,0.7817538117799271,-0.9588035723082038,0.641376095196353,-0.7832166948648152,12,6,0.5484757832211997,332,0,0,0,NORMAL
125.984,0.7025423464996189,-0.8148640697443166,-1.657406678312054,1000.0,982.2373117513579,1000.0,DRIVE_TO_WAYPOINT,1,5,1,2.0,2.0,3,4,3,16,0,15.884917877117408,,,,0.7025423464996189,-0.8148640697443166,0.6872711362828264,-0.9356308958247933,0.6318324986612027,-0.7396944610588915,12,7,0.5272386602889756,332,0,0,0,NORMAL
126.112,0.7000510859955199,-0.8435561177919157,-1.6574066701803698,989.3228377968375,999.834855712062,988.6271912362745,DRIVE_TO_WAYPOINT,1,5,1,2.0,2.0,3,4,3,16,0,15.913717877118536,,,,0.7000510859955199,-0.8435561177919157,0.7719054164208854,-0.7864054827036984,0.6422646077033178,-0.7748917416399369,12,6,0.5348701464207015,333,0,0,0,NORMAL
126.24,0.6975598256357051,-0.8722481658516744,-1.6574066608346139,988.7906069124805,990.2584728935985,996.385664808288,DRIVE_TO_WAYPOINT,1,5,1,2.0,2.0,3,4,3,16,0,15.942517877119299,,,,0.6975598256357051,-0.8722481658516744,0.6282476567579964,-0.9651871341184362,0.6316702628973794,-0.8304681324303194,12,6,0.7358884605836951,333,0,0,0,NORMAL
126.368,0.6950685654310026,-0.9009402139247389,-1.6574066516341093,987.3505601961259,1000.0,981.092145503799,DRIVE_TO_WAYPOINT,1,5,1,2.0,2.0,3,4,3,16,0,15.971317877119898,,,,0.6950685654310026,-0.9009402139247389,0.7388133869079829,-0.8496552067928413,0.6288048517727987,-0.8819934629211373,12,6,0.8513272330991317,334,0,0,0,NORMAL
126.496,0.6925773053697327,-0.9296322620099632,-1.6574066439170014,1000.0,996.9614889715091,992.1112768703848,DRIVE_TO_WAYPOINT,1,5,1,2.0,2.0,3,4,3,16,0,16.000117877120207,,,,0.6925773053697327,-0.9296322620099632,0.7215241188632386,-0.9022383181908732,0.6255617996617127,-0.9388162347596465,12,6,0.7323414437336008,335,0,0,0,NORMAL
126.624,0.6900860454193638,-0.9583243101043937,-1.6574066388055873,1000.0,1000.0,1000.0,DRIVE_TO_WAYPOINT,1,5,1,2.0,2.0,3,4,3,16,0,16.02891787712009,,,,0.6900860454193638,-0.9583243101043937,0.661321684016641,-0.8548676290236453,0.6288582012386004,-0.9377022285360382,12,6,0.7362103435271384,335,0,0,0,NORMAL
126.752,0.6875947855312142,-0.9870163582038505,-1.6574066370431153,1000.0,1000.0,1000.0,DRIVE_TO_WAYPOINT,1,5,1,2.0,2.0,3,4,3,16,0,16.057717877119597,,,,0.6875947855312142,-0.9870163582038505,0.6028714310004379,-0.9515671897209107,0.6318537233496941,-0.9099809382230692,12,6,0.8344532633173509,335,0,0,0,NORMAL
126.88,0.6851035256475222,-1.0157084063035529,-1.6574066388857513,983.1884590591911,1000.0,1000.0,DRIVE_TO_WAYPOINT,1,5,1,2.0,2.0,3,4,3,16,0,16.086517877118972,,,,0.6851035256475222,-1.0157084063035529,0.7684522403622585,-1.0399284622278708,0.6300298020321631,-0.9191034583141303,12,6,0.8050580322960497,335,0,0,0,NORMAL
127.008,0.6826122657098569,-1.044400454398733,-1.657406644065418,1000.0,1000.0,997.9181759288681,DRIVE_TO_WAYPOINT,1,5,1,2.0,2.0,3,4,3,16,0,16.115317877118507,,,,0.6826122657098569,-1.044400454398733,0.7031081275910079,-1.092552264481762,0.6290350030411886,-0.9204449317933148,12,6,0.8030069491151478,335,0,0,0,NORMAL
127.136,0.6801210056676384,-1.073092502485209,-1.6574066518288297,995.6110645779958,1000.0,993.7979391629557,DRIVE_TO_WAYPOINT,1,5,1,2.0,2.0,3,4,3,16,0,16.14411787711841,,,,0.6801210056676384,-1.073092502485209,0.6291314829241984,-0.974329978030195,0.6251720326489639,-0.9519370523071218,12,6,0.6889899651723547,336,0,0,0,NORMAL
127.264,0.6776297454855161,-1.1017845505599102,-1.6574066610470495,995.9828899228144,1000.0,988.6087326077221,DRIVE_TO_WAYPOINT,1,5,1,2.0,2.0,3,4,3,16,0,16.17291787711869,,,,0.6776297454855161,-1.1017845505599102,0.611282407172354,-1.0797837209963461,0.6277168358632359,-0.9983098242579206,12,6,0.5101245142905481,337,0,0,0,NORMAL
127.392,0.6751384851485195,-1.1304765986213265,-1.6574066703796015,991.6900136795941,1000.0,995.7049910648576,DRIVE_TO_WAYPOINT,1,5,1,2.0,2.0,3,4,3,16,0,16.201717877119126,,,,0.6751384851485195,-1.1304765986213265,0.6614702447829822,-1.313647056003587,0.6272596568278898,-1.0772695175204392,12,5,0.7240126056702411,338,0,0,0,NORMAL
127.52,0.6726472246642246,-1.1591686466698146,-1.6574066784693409,1000.0,997.9847650481312,1000.0,DRIVE_TO_WAYPOINT,1,5,1,2.0,2.0,3,4,3,16,0,16.23051787711943,,,,0.6726472246642246,-1.1591686466698146,0.6871191483368959,-1.0914053148731173,0.6255097349799146,-1.0905113455155815,12,5,0.8022504976766974,338,0,0,0,NORMAL
127.648,0.670155964061631,-1.1878606947076678,-1.657406684139762,999.3133102377094,993.2746804321126,1000.0,DRIVE_TO_WAYPOINT,1,5,1,2.0,2.0,3,4,3,16,0,16.259317877119365,,,,0.670155964061631,-1.1878606947076678,0.7003425422906793,-1.211733946512268,0.6255834050128518,-1.1296276803107586,12,5,0.8810824316652077,338,0,0,0,NORMAL
127.776,0.6676647033869204,-1.2165527427388758,-1.6574066865660977,1000.0,1000.0,997.3413360571959,DRIVE_TO_WAYPOINT,1,5,1,2.0,2.0,3,4,3,16,0,16.28811787711892,,,,0.6676647033869204,-1.2165527427388758,0.7203477006851118,-1.1541871341970276,0.626826660223304,-1.1562075736121284,12,5,0.851398340740499,339,0,0,0,NORMAL
127.904,0.6651734426967293,-1.245244790768551,-1.6574066853953298,997.6436651783506,985.0168722284292,1000.0,DRIVE_TO_WAYPOINT,1,5,1,2.0,2.0,3,4,3,16,0,16.31691787711829,,,,0.6651734426967293,-1.245244790768551,0.6573928218454753,-1.2340778848865055,0.6258132788512336,-1.1845712216842477,12,5,0.7556732036035214,339,0,0,0,NORMAL
128.032,0.6626821820499206,-1.2739368388021046,-1.6574066807976064,1000.0,972.6559973387136,997.0508235973923,DRIVE_TO_WAYPOINT,1,5,1,2.0,2.0,3,4,3,16,0,16.345717877117767,,,,0.6626821820499206,-1.2739368388021046,0.7147201197594683,-1.3216861652943537,0.627470873245972,-1.2193670545825872,12,5,0.6202093539493612,339,0,0,0,NORMAL
128.16,0.6601909214990445,-1.3026288868443372,-1.657406673441573,984.8301998494411,948.2101074864818,1000.0,DRIVE_TO_WAYPOINT,1,5,1,2.0,2.0,3,4,3,16,0,16.374517877117597,,,,0.6601909214990445,-1.3026288868443372,0.6770514814530443,-1.280253343611745,0.6255843193191895,-1.2490400967343294,12,5,0.5085230248651063,340,0,0,0,NORMAL
128.288,0.6576996610827199,-1.3313209348986441,-1.6574066643971306,1000.0,908.9335055746734,1000.0,DRIVE_TO_WAYPOINT,1,5,1,2.0,2.0,3,4,3,16,0,16.40331787711782,,,,0.6576996610827199,-1.3313209348986441,0.6703236654470404,-1.3062648034306896,0.6263433537477048,-1.2767153750924474,12,4,0.5758187214853531,340,0,0,0,NORMAL
128.416,0.6552084008200307,-1.3600129829665046,-1.657406654979786,968.8058009496797,873.6973657815269,1000.0,DRIVE_TO_WAYPOINT,1,5,1,2.0,2.0,3,4,3,16,0,16.432117877118248,,,,0.6552084008200307,-1.3600129829665046,0.5394740355617482,-1.3947177528608763,0.6258942857794568,-1.3349300090216338,12,4,0.7654470480409727,341,0,0,0,NORMAL
128.544,0.6527171407077437,-1.3887050310473408,-1.6574066465592487,941.5507800591565,871.7082441446431,1000.0,DRIVE_TO_WAYPOINT,1,5,1,2.0,2.0,3,4,3,16,0,16.4609178771186,,,,0.6527171407077437,-1.3887050310473408,0.6221837046982682,-1.358830196151864,0.6264511673396762,-1.356616127462263,12,4,0.8489573952876074,341,0,0,0,NORMAL
128.672,0.6502258807207577,-1.4173970791387223,-1.657406640360164,911.082539725674,833.9935153285314,1000.0,DRIVE_TO_WAYPOINT,1,5,1,2.0,2.0,3,4,3,16,0,16.489717877118615,,,,0.6502258807207577,-1.4173970791387223,0.607996342736567,-1.3345812597831652,0.6263283760920517,-1.3719022187115586,12,4,0.8986001424639826,341,0,0,0,NORMAL
128.8,0.6477346208157305,-1.446089127236823,-1.6574066372839935,873.0010687182647,800.6816915225452,1000.0,DRIVE_TO_WAYPOINT,1,5,1,2.0,2.0,3,4,3,16,0,16.518517877118235,,,,0.6477346208157305,-1.446089127236823,0.5950518927635231,-1.4170322090011653,0.6267563738949786,-1.4044077739909961,12,4,0.858522590918002,341,0,0,0,NORMAL
128.928,0.6452433609373681,-1.4747811753370006,-1.6574066377779624,837.3704556888111,776.6659016238401,981.8860640691396,DRIVE_TO_WAYPOINT,1,5,1,2.0,2.0,3,4,3,16,0,16.547317877117617,,,,0.6452433609373681,-1.4747811753370006,0.6478248507527956,-1.5909101763796047,0.625985349849709,-1.4156074825869402,12,4,0.8280995152474523,341,0,0,0,NORMAL
129.056,0.6427521010264704,-1.5034732234344084,-1.6574066417701023,800.968574815806,751.4234061579818,936.145865174509,DRIVE_TO_WAYPOINT,1,5,1,2.0,2.0,3,4,3,16,0,16.576117877117053,,,,0.6427521010264704,-1.5034732234344084,0.684601617444733,-1.4942305588216482,0.6250119351114108,-1.4313584621518873,12,4,0.7699167686597311,341,0,0,0,NORMAL
129.184,0.6402608410285608,-1.532165271524578,-1.6574066486797887,781.7522718691164,717.883363095717,889.0359439563011,DRIVE_TO_WAYPOINT,1,5,1,2.0,2.0,3,4,3,16,0,16.604917877116808,,,,0.6402608410285608,-1.532165271524578,0.6146187343984125,-1.6576270088142124,0.6251617379996725,-1.4433827579144927,12,4,0.7235567823877916,341,0,0,0,NORMAL
129.312,0.637769580901834,-1.5608573196039637,-1.65740665750221,738.7885070837091,685.351514939496,871.109522830038,DRIVE_TO_WAYPOINT,1,5,1,2.0,2.0,3,4,3,16,0,16.63371787711696,,,,0.637769580901834,-1.5608573196039637,0.6361858642784013,-1.6354426128009227,0.6255618103503168,-1.485300329627754,12,4,0.5627885993582208,341,0,0,0,NORMAL
129.44,0.6356902885647547,-1.5848046999277314,-1.65740666368962,723.513463281752,661.7259983833645,845.1897853391415,TURN_TO_WAYPOINT,1,5,1,2.0,2.0,3,4,3,17,0,16.657755357870865,,,,0.6356902885647547,-1.5848046999277314,0.6577128086037427,-1.5196983794077323,0.6246092202317605,-1.520397140235103,12,3,0.5512946887275173,341,0,0,0,NORMAL
129.568,0.6347046888601875,-1.5984165878248313,-1.6423741099898201,707.833471970703,648.4160356016716,741.5935444982899,TURN_TO_WAYPOINT,2,5,1,2.0,2.0,3,4,3,17,0,16.671402942730086,,,,0.6347046888601875,-1.5984165878248313,0.6415125530555215,-1.5380759640367052,0.6250633229088409,-1.5691347984432982,12,3,0.7489449309229681,342,0,0,0,NORMAL
129.696,0.634702919857738,-1.601128601637155,-1.5823397457832173,544.8044002067262,455.59609438531004,538.799034022818,TURN_TO_WAYPOINT,2,5,1,2.0,2.0,3,4,3,17,0,16.677098211057412,,,,0.634702919857738,-1.601128601637155,0.6309019466987522,-1.675078116792596,0.625136280237264,-1.594711140963449,12,3,0.8684763932697264,342,0,0,0,NORMAL
129.824,0.6348513531629554,-1.5978075133455754,-1.5222325520616338,785.6823310651793,648.7372168559772,715.2114989563819,TURN_TO_WAYPOINT,2,5,1,2.0,2.0,3,4,3,17,0,16.680423729237955,,,,0.6348513531629554,-1.5978075133455754,0.5097929254674116,-1.5497569362293686,0.6251439797821585,-1.6050167934361443,12,3,0.9170754859173914,342,0,0,0,NORMAL
129.952,0.6346701475568651,-1.5937302069036525,-1.4621042535223165,829.1921024242166,649.3842962780187,697.8166069521827,TURN_TO_WAYPOINT,2,5,1,2.0,2.0,3,4,3,17,0,16.684506209709532,,,,0.6346701475568651,-1.5937302069036525,0.6846456201981003,-1.603547884724364,0.6250334145526002,-1.6045027003652683,12,3,0.9174596290200746,342,0,0,0,NORMAL
130.08,0.6340017334128744,-1.588468431746546,-1.4019588050166818,885.6670339641137,675.0705546294471,673.6476029934378,TURN_TO_WAYPOINT,2,5,1,2.0,2.0,3,4,3,17,0,16.689811548833454,,,,0.6340017334128744,-1.588468431746546,0.6806049686991636,-1.6004231830548519,0.625029092143306,-1.6094387330664883,12,3,0.9375585388793581,342,0,0,0,NORMAL
130.208,0.6340643159534768,-1.5887494546188623,-1.3404422001982867,961.8575239927843,679.175009689596,670.1040129846651,TURN_TO_WAYPOINT,2,5,1,2.0,2.0,3,4,3,17,0,16.690360490232248,,,,0.6340643159534768,-1.5887494546188623,0.6026549694480848,-1.6071922319239558,0.6250236438139541,-1.611303025416846,12,3,0.9451078956015472,342,0,0,0,NORMAL
130.336,0.6341533919738612,-1.5890401560817853,-1.2803065727359935,998.3250416584175,691.0477919165046,652.0748686916681,TURN_TO_WAYPOINT,2,5,1,2.0,2.0,3,4,3,17,0,16.690664834697927,,,,0.6341533919738612,-1.5890401560817853,0.6993244397899566,-1.5936104526883004,0.6250088159582357,-1.615470777249078,12,3,0.9618452118459583,343,0,0,0,NORMAL
130.464,0.6342117049956412,-1.5891530608015825,-1.2201223291497618,1000.0,710.0301429194423,642.4614987902694,TURN_TO_WAYPOINT,2,5,1,2.0,2.0,3,4,3,17,0,16.690792105914866,,,,0.6342117049956412,-1.5891530608015825,0.6039959751543,-1.5779268845317012,0.6250022145935469,-1.6221098686333382,12,3,0.9884285199447931,343,0,0,0,NORMAL
130.592,0.6342531720411869,-1.58919916717558,-1.1599172717106876,1000.0,743.1388817391248,627.093143167279,TURN_TO_WAYPOINT,2,5,1,2.0,2.0,3,4,3,17,0,16.690854355747714,,,,0.6342531720411869,-1.58919916717558,0.6596221390219327,-1.5097785660774299,0.6250011111992978,-1.6235616338662737,12,3,0.9942414638482483,343,0,0,0,NORMAL
130.72,0.6342860648068652,-1.5892158694696714,-1.0997186011171804,994.2033184138347,772.7699783390156,627.3149401994422,TURN_TO_WAYPOINT,2,5,1,2.0,2.0,3,4,3,17,0,16.69089147564298,,,,0.6342860648068652,-1.5892158694696714,0.7881787374756083,-1.5339280502969725,0.6250005121667674,-1.6246897788952936,12,3,0.9987567332066336,344,0,0,0,NORMAL
130.848,0.6343145624734883,-1.5892169629631714,-1.039532011949146,995.7158921299132,811.8136013452199,622.9742010274443,TURN_TO_WAYPOINT,2,5,1,2.0,2.0,3,4,3,17,0,16.690920251000488,,,,0.6343145624734883,-1.5892169629631714,0.6262900808531707,-1.584150361846986,0.6250000902927663,-1.6248651700900327,12,3,0.999460165047017,344,0,0,0,NORMAL
130.976,0.634340591100604,-1.589204234830549,-0.9793575014414896,1000.0,857.8818107504771,626.9112885282541,TURN_TO_WAYPOINT,2,5,1,2.0,2.0,3,4,3,17,0,16.690949460518265,,,,0.634340591100604,-1.589204234830549,0.51648804654473,-1.5246293761920868,0.6250000511540698,-1.6249741832679612,12,3,0.9998964475488127,346,0,0,0,NORMAL
131.104,0.6343648415588069,-1.5891835494166195,-0.919193676899494,1000.0,897.52103371956,629.023145242675,TURN_TO_WAYPOINT,2,5,1,2.0,2.0,3,4,3,17,0,16.690981335258783,,,,0.6343648415588069,-1.5891835494166195,0.653370505557124,-1.5422306039512896,0.6250000202783258,-1.624968713432097,12,3,0.9998747579690455,346,0,0,0,NORMAL
131.232,0.6343877431747332,-1.5891639922316771,-0.8590391387735651,1000.0,944.197674237914,641.1041639749233,TURN_TO_WAYPOINT,2,5,1,2.0,2.0,3,4,3,17,0,16.691011451198086,,,,0.6343877431747332,-1.5891639922316771,0.7070259675067253,-1.6625855250374637,0.6250000083349799,-1.6249846004754214,12,3,0.9999383637932855,347,0,0,0,NORMAL
131.36,0.6344094374403842,-1.5891442661959476,-0.7988881907491662,1000.0,1000.0,649.480532023772,TURN_TO_WAYPOINT,2,5,1,2.0,2.0,3,4,3,17,0,16.691040777276278,,,,0.6344094374403842,-1.5891442661959476,0.49147363716202275,-1.5726443684019757,0.6250000034165739,-1.624994203609123,12,3,0.9999767990067767,348,0,0,0,NORMAL
131.488,0.6344298622247866,-1.589123228556933,-0.7387373570462221,1000.0,998.5726111352137,660.4070426608062,TURN_TO_WAYPOINT,2,5,1,2.0,2.0,3,4,3,17,0,16.69107010318998,,,,0.6344298622247866,-1.589123228556933,0.7046410096470785,-1.608955755532908,0.6250000033494358,-1.6249982327396224,12,3,0.9999929170220174,348,0,0,0,NORMAL
131.616,0.6344489653539833,-1.5891009837678898,-0.678587239854986,997.6973723609176,1000.0,679.8286204396954,TURN_TO_WAYPOINT,2,5,1,2.0,2.0,3,4,3,17,0,16.691099429065318,,,,0.6344489653539833,-1.5891009837678898,0.7147584987608748,-1.5530561464137873,0.6250000009027915,-1.624999056836628,12,3,0.9999962235512019,348,0,0,0,NORMAL
131.744,0.6344666908342863,-1.589077626742635,-0.6184384409850858,1000.0,985.9223891858163,727.899741868838,TURN_TO_WAYPOINT,2,5,1,2.0,2.0,3,4,3,17,0,16.691128754600143,,,,0.6344666908342863,-1.589077626742635,0.6234982677297632,-1.5464206864247942,0.6250000003542399,-1.624999618295755,12,3,0.9999984716990734,350,0,0,0,NORMAL
131.872,0.6344829797112763,-1.5890532466582683,-0.5582915422906978,1000.0,1000.0,751.8325248100232,TURN_TO_WAYPOINT,2,5,1,2.0,2.0,3,4,3,17,0,16.691158079652837,,,,0.6344829797112763,-1.5890532466582683,0.6693053386965611,-1.6046404389734539,0.6250000001334277,-1.6249998939704942,12,3,0.9999995753171015,350,0,0,0,NORMAL
132.0,0.6344977748396073,-1.58902793293095,-0.49814710217972064,988.6093548750868,1000.0,770.7367505790369,TURN_TO_WAYPOINT,2,5,1,2.0,2.0,3,4,3,17,0,16.69118740409751,,,,0.6344977748396073,-1.58902793293095,0.5905180350743369,-1.5629101206479947,0.6250000000266549,-1.624999943848867,12,3,0.9999997752755716,350,0,0,0,NORMAL
132.128,0.6345110230223382,-1.5890017772088965,-0.43800565670157193,986.4486078807586,1000.0,810.7917527773384,TURN_TO_WAYPOINT,2,5,1,2.0,2.0,3,4,3,17,0,16.691216727784866,,,,0.6345110230223382,-1.5890017772088965,0.5884419607659258,-1.6506917150466178,0.6250000000075381,-1.6249999504228225,12,3,0.9999998016563646,350,0,0,0,NORMAL
132.256,0.6345226760096959,-1.5889748738840703,-0.3778677212468299,992.0508248611079,991.0640737503,859.660405130091,TURN_TO_WAYPOINT,2,5,1,2.0,2.0,3,4,3,17,0,16.691246050534964,,,,0.6345226760096959,-1.5889748738840703,0.6420346156993768,-1.6601406933271434,0.625000000002393,-1.6249999662951518,12,3,0.9999998651691149,353,0,0,0,NORMAL
132.384,0.634532691027986,-1.588947320065648,-0.31773379170072097,1000.0,999.4839189975404,926.16479767193,TURN_TO_WAYPOINT,2,5,1,2.0,2.0,3,4,3,17,0,16.691275372137724,,,,0.634532691027986,-1.588947320065648,0.6297666399447566,-1.5279702297637174,0.6250000000015579,-1.62499997189187,12,3,0.9999998875608085,353,0,0,0,NORMAL
132.512,0.6345410311110111,-1.5889192153497722,-0.2576043448728913,1000.0,1000.0,1000.0,TURN_TO_WAYPOINT,2,5,1,2.0,2.0,3,4,3,17,0,16.691304692355118,,,,0.6345410311110111,-1.5889192153497722,0.6924167822437638,-1.5790863505687707,0.625000000000606,-1.6249999879529649,12,3,0.999999951809273,353,0,0,0,NORMAL
132.64,0.6345476653414466,-1.5888906615032774,-0.19747983832118346,996.1564394884048,999.3832952623726,984.3893049735776,TURN_TO_WAYPOINT,2,5,1,2.0,2.0,3,4,3,17,0,16.691334010923967,,,,0.6345476653414466,-1.5888906615032774,0.6449321448683781,-1.6102487779627377,0.6250000000005682,-1.6249999920468163,12,3,0.9999999681849668,353,0,0,0,NORMAL
132.768,0.6345525690424332,-1.588861762103009,-0.13736070974118317,985.5722211255032,990.6093971197781,997.9940044170211,TURN_TO_WAYPOINT,2,5,1,2.0,2.0,3,4,3,17,0,16.69136332755944,,,,0.6345525690424332,-1.588861762103009,0.6535160062082688,-1.7227159257264073,0.6250000000001281,-1.6249999951561411,12,3,0.9999999806240355,353,0,0,0,NORMAL
132.896,0.6345557239326391,-1.5888326221463458,-0.0772473760729071,1000.0,1000.0,1000.0,DRIVE_TO_WAYPOINT,2,5,1,2.0,2.0,3,4,3,17,0,16.691392641959393,,,,0.6345557239326391,-1.5888326221463458,0.7571789496030501,-1.6799952988439224,0.6250000000000681,-1.6249999971368352,12,3,0.9999999885470645,353,0,0,0,NORMAL
133.024,0.6555699133852491,-1.59046064561871,-0.07724036319519403,1000.0,993.71400177117,1000.0,DRIVE_TO_WAYPOINT,2,5,1,2.0,2.0,3,4,3,17,0,16.712471025251542,,,,0.6555699133852491,-1.59046064561871,0.5766760489033117,-1.6245698221216158,0.630014617937452,-1.6246382823380754,12,3,0.9772555902428705,353,0,0,0,NORMAL
133.152,0.6845969620230552,-1.5927101690912062,-0.07724829885213769,975.7875000107599,1000.0,989.4790101030113,DRIVE_TO_WAYPOINT,2,5,1,2.0,2.0,3,4,3,17,0,16.741585109618207,,,,0.6845969620230552,-1.5927101690912062,0.6025367681751408,-1.5695887732376035,0.6422284396402295,-1.6241186976642745,12,3,0.9247291952985667,353,0,0,0,NORMAL
133.28,0.7134378073611976,-1.5949447717167673,-0.07725079486469849,994.3665486491565,996.3121523266684,995.7545889235932,DRIVE_TO_WAYPOINT,2,5,1,2.0,2.0,3,4,3,17,0,16.770512394468362,,,,0.7134378073611976,-1.5949447717167673,0.6886595753311711,-1.5101253939644015,0.6503270251446202,-1.6243181151240988,12,3,0.8919964929967309,353,0,0,0,NORMAL
133.408,0.7421991760641244,-1.5971722055179165,-0.07725147254988075,1000.0,1000.0,997.8980484693828,DRIVE_TO_WAYPOINT,2,5,1,2.0,2.0,3,4,3,17,0,16.799359886405497,,,,0.7421991760641244,-1.5971722055179165,0.6696397599239371,-1.5261666474209121,0.6556270075036623,-1.6256521151450147,12,3,0.8708606860072324,353,0,0,0,NORMAL
133.536,0.7709308728600003,-1.599396682168158,-0.07725162529183176,994.3586649677674,1000.0,1000.0,DRIVE_TO_WAYPOINT,2,5,1,2.0,2.0,3,4,3,17,0,16.82817756669303,,,,0.7709308728600003,-1.599396682168158,0.8909521422277541,-1.6215914208410789,0.6914843850227326,-1.6256341051108256,12,3,0.7312600729762168,353,0,0,0,NORMAL
133.664,0.7996515295978729,-1.6016199876723365,-0.07725165678107149,998.4735264440505,1000.0,996.3798554146816,DRIVE_TO_WAYPOINT,2,5,1,2.0,2.0,3,4,3,17,0,16.856984149461947,,,,0.7996515295978729,-1.6016199876723365,0.6986480040118278,-1.5781034222472134,0.7872709453250127,-1.624353200076793,13,3,0.591480243695198,354,0,0,0,NORMAL
133.792,0.8283680765335494,-1.6038428520708012,-0.07725167117586709,1000.0,1000.0,1000.0,DRIVE_TO_WAYPOINT,2,5,1,2.0,2.0,3,4,3,17,0,16.885786600643108,,,,0.8283680765335494,-1.6038428520708012,0.8905413363005049,-1.5995076303562852,0.8515341652047351,-1.6248415909688394,13,3,0.7952672903856284,355,0,0,0,NORMAL
133.92,0.8570830925646702,-1.6060655603925467,-0.07725168658301577,1000.0,992.2230835054181,997.8275751256917,DRIVE_TO_WAYPOINT,2,5,1,2.0,2.0,3,4,3,17,0,16.914587513440296,,,,0.8570830925646702,-1.6060655603925467,0.8456323583365168,-1.7256287188847854,0.8583212933472824,-1.6235061597059002,13,3,0.859703604496165,355,0,0,0,NORMAL
134.048,0.8857975379801525,-1.6082882176126632,-0.07725170206012123,1000.0,1000.0,998.4032718681033,DRIVE_TO_WAYPOINT,2,5,1,2.0,2.0,3,4,3,17,0,16.9433878533799,,,,0.8857975379801525,-1.6082882176126632,0.9235949267011495,-1.5135205288611722,0.856458115924178,-1.6239579790559902,13,3,0.8793404253399946,355,0,0,0,NORMAL
134.176,0.9145117705968069,-1.6105108597002662,-0.07725171482294327,997.8050958021554,994.8412198628173,1000.0,DRIVE_TO_WAYPOINT,2,5,1,2.0,2.0,3,4,3,17,0,16.972187979987485,,,,0.9145117705968069,-1.6105108597002662,0.9813974204268561,-1.6810984899028285,0.8781805534850868,-1.6239308525747442,13,3,0.911266722054846,355,0,0,0,NORMAL
134.304,0.9432259238273494,-1.612733497891907,-0.0772517231921914,1000.0,989.8694451127053,998.3950920932458,DRIVE_TO_WAYPOINT,2,5,1,2.0,2.0,3,4,3,17,0,17.00098802714505,,,,0.9432259238273494,-1.612733497891907,1.0297522831615553,-1.5140495171148483,0.8819144653905686,-1.624800218979666,13,3,0.9320382065832298,355,0,0,0,NORMAL
134.432,0.9719400474414455,-1.6149561352647195,-0.07725172650316596,989.4366547521225,1000.0,1000.0,DRIVE_TO_WAYPOINT,2,5,1,2.0,2.0,3,4,3,17,0,17.029788044711307,,,,0.9719400474414455,-1.6149561352647195,1.0747450236457694,-1.6300721578374748,0.8943281967670084,-1.6239787908002383,13,3,0.9068816522200872,355,0,0,0,NORMAL
134.56,1.0006541600124554,-1.6171787724808806,-0.07725172479427993,989.3056397590384,991.3719418595865,1000.0,DRIVE_TO_WAYPOINT,2,5,1,2.0,2.0,3,4,3,17,0,17.05858805125532,,,,1.0006541600124554,-1.6171787724808806,1.0127695242435286,-1.7499637073786336,0.9177246519963009,-1.6256274622171545,13,3,0.8222905061044803,355,0,0,0,NORMAL
134.688,1.0293682684730963,-1.6194014095959628,-0.0772517186660309,999.5610243083319,1000.0,1000.0,DRIVE_TO_WAYPOINT,2,5,1,2.0,2.0,3,4,3,17,0,17.087388053693427,,,,1.0293682684730963,-1.6194014095959628,1.0147173248958548,-1.6376566886713595,0.9271406889082277,-1.6252700422677278,13,3,0.786653090755356,355,0,0,0,NORMAL
134.816,1.0580823754112862,-1.6216240465598142,-0.07725170920827926,999.8511014148611,1000.0,990.414411197126,DRIVE_TO_WAYPOINT,2,5,1,2.0,2.0,3,4,3,17,0,17.11618805460195,,,,1.0580823754112862,-1.6216240465598142,1.0782947589007736,-1.5758279244769946,0.9727826226298177,-1.6256221644057296,13,3,0.6110508523115966,355,0,0,0,NORMAL
134.944,1.0867964817928015,-1.6238466833315224,-0.07725169789511854,989.014922976349,1000.0,1000.0,DRIVE_TO_WAYPOINT,2,5,1,2.0,2.0,3,4,3,17,0,17.14498805494063,,,,1.0867964817928015,-1.6238466833315224,1.1008652639676009,-1.704780912118921,1.016750176893628,-1.6242284160396439,14,3,0.5354166214650412,355,0,0,0,NORMAL
135.072,1.1155105879772103,-1.6260693198981333,-0.07725168641598851,1000.0,992.5083884293933,998.081322572969,DRIVE_TO_WAYPOINT,2,5,1,2.0,2.0,3,4,3,17,0,17.173788055066964,,,,1.1155105879772103,-1.6260693198981333,1.1135414970813757,-1.6234981726363,1.095922056596956,-1.6244918501498555,14,3,0.7798443593154628,355,0,0,0,NORMAL
135.2,1.1442246940968712,-1.628291956274688,-0.07725167645830892,1000.0,1000.0,1000.0,DRIVE_TO_WAYPOINT,2,5,1,2.0,2.0,3,4,3,17,0,17.202588055114077,,,,1.1442246940968712,-1.628291956274688,1.1471783082405536,-1.51558943246026,1.1220934338520405,-1.6258406041744347,14,3,0.8701576968413516,355,0,0,0,NORMAL
135.328,1.1729388001984196,-1.6305145925010136,-0.0772516694770126,994.9149826087706,1000.0,984.2828056035661,DRIVE_TO_WAYPOINT,2,5,1,2.0,2.0,3,4,3,17,0,17.231388055131536,,,,1.1729388001984196,-1.6305145925010136,1.242736541167139,-1.61263770987585,1.1408207068567235,-1.6266712307909528,14,3,0.8912671292334221,355,0,0,0,NORMAL
135.456,1.201652906295822,-1.632737228636408,-0.0772516664898089,995.811932862037,999.2237775275161,1000.0,DRIVE_TO_WAYPOINT,2,5,1,2.0,2.0,3,4,3,17,0,17.260188055137842,,,,1.201652906295822,-1.632737228636408,1.2142963494237553,-1.5904858849462766,1.1918277462905584,-1.6269469895975812,14,3,0.7250945183772508,356,0,0,0,NORMAL
135.584,1.2303670123905797,-1.6349598647518881,-0.07725166793199607,1000.0,1000.0,1000.0,DRIVE_TO_WAYPOINT,2,5,1,2.0,2.0,3,4,3,17,0,17.288988055139974,,,,1.2303670123905797,-1.6349598647518881,1.3178897162236618,-1.6118852737667704,1.2046841142325801,-1.6269487572792902,14,3,0.6765936031731938,356,0,0,0,NORMAL
135.712,1.2590811184797313,-1.6371825009205632,-0.07725167359414957,1000.0,991.4348733629718,993.2477558879867,DRIVE_TO_WAYPOINT,2,5,1,2.0,2.0,3,4,3,17,0,17.317788055140625,,,,1.2590811184797313,-1.6371825009205632,1.2905690374536074,-1.5854278086255418,1.2257254765751746,-1.6263918939741613,14,3,0.5967559024006076,356,0,0,0,NORMAL
135.84,1.2877952245593005,-1.639405137207435,-0.07725168265287768,996.6496591303129,944.5299033238061,1000.0,DRIVE_TO_WAYPOINT,2,5,1,2.0,2.0,3,4,3,17,0,17.346588055140842,,,,1.2877952245593005,-1.639405137207435,1.3076063146788215,-1.644680610604809,1.2518076157141422,-1.625976781040596,14,3,0.49731289762933867,356,0,0,0,NORMAL
135.968,1.3165093306259719,-1.6416277736601723,-0.0772516937906366,989.9684627238146,929.2134914535089,1000.0,DRIVE_TO_WAYPOINT,2,5,1,2.0,2.0,3,4,3,17,0,17.375388055141002,,,,1.3165093306259719,-1.6416277736601723,1.278637987270264,-1.6167322730496123,1.273125890911564,-1.6251781439322555,15,3,0.5652217779681127,357,0,0,0,NORMAL
136.096,1.3452234366779878,-1.6438504103022848,-0.07725170538748541,990.9417972077497,896.6806741387726,1000.0,DRIVE_TO_WAYPOINT,2,5,1,2.0,2.0,3,4,3,17,0,17.40418805514116,,,,1.3452234366779878,-1.6438504103022848,1.3315252478901338,-1.6329985988837432,1.3237439927849366,-1.6260414461649373,15,3,0.7349827034995938,357,0,0,0,NORMAL
136.224,1.3691892273488215,-1.6457055001919263,-0.07725171152097578,968.3215431792171,887.5114183472823,993.5195641706285,TURN_TO_WAYPOINT,2,5,1,2.0,2.0,3,4,3,18,0,17.4282255358947,,,,1.3691892273488215,-1.6457055001919263,1.3477831056745517,-1.67128336997443,1.3407362915308019,-1.6291796940999086,15,3,0.7994422885431592,357,0,0,0,NORMAL
136.352,1.3874594000163476,-1.6468534094986373,-0.062222355766414036,943.3786141644777,867.2339986027141,998.0218023047852,DRIVE_TO_WAYPOINT,2,5,1,2.0,2.0,3,4,3,18,0,17.446531795001643,,,,1.3874594000163476,-1.6468534094986373,1.4418442882283748,-1.6582913943109407,1.3716712718595947,-1.6256951947920812,15,3,0.9209927145908305,357,0,0,0,NORMAL
136.48,1.4140733185585985,-1.6485042702906985,-0.06222764010369756,926.3764049973076,830.8131440254921,1000.0,DRIVE_TO_WAYPOINT,2,5,1,2.0,2.0,3,4,3,18,0,17.47319686587399,,,,1.4140733185585985,-1.6485042702906985,1.398139127957137,-1.7276135198878375,1.3952355130977339,-1.6260050013403644,15,3,0.8952620042949662,357,0,0,0,NORMAL
136.608,1.439483095908365,-1.6500844908024916,-0.06222939304431737,884.35419279851,811.6981227115314,983.2848917147103,DRIVE_TO_WAYPOINT,2,5,1,2.0,2.0,2,4,3,18,0,17.498655732351555,,,,1.439483095908365,-1.6500844908024916,1.3476291119391597,-1.5904793193581626,1.402013836301961,-1.626151029587676,15,3,0.8804214453531293,357,0,0,0,NORMAL
136.736,1.4673282000974468,-1.6518182503430938,-0.062229514537694784,856.2090354084462,777.5616663482406,953.745384130915,DRIVE_TO_WAYPOINT,2,5,1,2.0,2.0,2,4,3,18,0,17.5265547601052,,,,1.4673282000974468,-1.6518182503430938,1.382930809278535,-1.619148509370558,1.41795176101106,-1.6249812690546004,15,3,0.8221594067428386,357,0,0,0,NORMAL
136.864,1.4960951799203337,-1.653610182452634,-0.062229492684157665,815.2824696161032,755.6941719093289,931.7263881421802,DRIVE_TO_WAYPOINT,2,5,1,2.0,2.0,2,4,3,18,0,17.55537749676972,,,,1.4960951799203337,-1.653610182452634,1.4781168604437207,-1.6333122938543847,1.4532746380099195,-1.625518736710686,15,3,0.6857574300235881,357,0,0,0,NORMAL
136.992,1.5248463948247521,-1.6554014424234866,-0.06222948059241622,792.8310112559493,717.2607948977862,883.4646979048497,DRIVE_TO_WAYPOINT,2,5,1,2.0,2.0,2,4,3,18,0,17.58418445722663,,,,1.5248463948247521,-1.6554014424234866,1.4646404908950619,-1.5460464135408758,1.521374013308844,-1.624114347897878,16,3,0.5458531252350357,358,0,0,0,NORMAL
137.12,1.5488399779548077,-1.6568963856550718,-0.06222946067344954,760.5271237295503,692.4705119912389,865.9738996276826,TURN_TO_WAYPOINT,3,5,1,2.0,2.0,2,4,3,18,0,17.608224567182393,,,,1.5488399779548077,-1.6568963856550718,1.549072763092006,-1.6503294181256936,1.5900946057868772,-1.6261069644077912,16,3,0.7673563265699062,358,0,0,0,NORMAL
137.248,1.557832952063559,-1.6571192307205442,-0.002081327124985301,523.5077567973461,465.67854757025356,561.6171741401075,TURN_TO_WAYPOINT,3,5,1,2.0,2.0,2,4,3,18,0,17.61722264060047,,,,1.557832952063559,-1.6571192307205442,1.6044475918913474,-1.6821542534304468,1.607304146636911,-1.6254294034565386,16,3,0.8915094133970626,358,0,0,0,NORMAL
137.376,1.557718168509717,-1.6569353765882595,0.057769359490320166,572.9363822162511,474.049386429574,568.7515281887287,TURN_TO_WAYPOINT,3,5,1,2.0,2.0,2,4,3,18,0,17.62163372349896,,,,1.557718168509717,-1.6569353765882595,1.5900910585862003,-1.5854041423716667,1.6189132781586373,-1.6251036358360893,16,3,0.9586593305546421,358,0,0,0,NORMAL
137.504,1.5542704720278921,-1.6570294019726415,0.11787359164979457,838.0069792232958,700.3743252965678,736.2934428396018,TURN_TO_WAYPOINT,3,5,1,2.0,2.0,2,4,3,18,0,17.6250838748407,,,,1.5542704720278921,-1.6570294019726415,1.6539362505315918,-1.598842301434877,1.6191459531174395,-1.6249943600219248,16,3,0.9731148356504291,358,0,0,0,NORMAL
137.632,1.5500428116717975,-1.6575239892896627,0.1780050868443375,934.630622988034,714.8983972907325,717.5559539461847,TURN_TO_WAYPOINT,3,5,1,2.0,2.0,2,4,3,18,0,17.629341558539465,,,,1.5500428116717975,-1.6575239892896627,1.4734100205811673,-1.6229206192770926,1.6165636347894439,-1.6249951719898974,16,3,0.9657823246869851,358,0,0,0,NORMAL
137.76,1.545972071810845,-1.6582928568641444,0.23947430577205117,996.7906258412382,723.5254130024271,702.1716888052066,TURN_TO_WAYPOINT,3,5,1,2.0,2.0,2,4,3,18,0,17.63348482767141,,,,1.545972071810845,-1.6582928568641444,1.5344794070044239,-1.6472882447607877,1.6183272388393746,-1.6250017204950158,16,3,0.973191498308556,358,0,0,0,NORMAL
137.888,1.5461054425470373,-1.6582493455661806,0.2996635280059886,1000.0,730.9573797476711,697.5999391140404,TURN_TO_WAYPOINT,3,5,1,2.0,2.0,2,4,3,18,0,17.63362529508168,,,,1.5461054425470373,-1.6582493455661806,1.4897522864276753,-1.6308735043850848,1.6226109979708738,-1.6250001093903732,16,3,0.9903966194198324,359,0,0,0,NORMAL
138.016,1.5461643555227675,-1.6582119014467136,0.35984161993383634,993.5216095750578,754.7624413416111,683.4481319982453,TURN_TO_WAYPOINT,3,5,1,2.0,2.0,2,4,3,18,0,17.63369531036039,,,,1.5461643555227675,-1.6582119014467136,1.503826475259139,-1.6793425450689339,1.622406062508583,-1.6249998506523484,16,3,0.9896124920230867,359,0,0,0,NORMAL
138.144,1.5461901687301645,-1.6581798230158045,0.4200426352026058,1000.0,783.5648298881903,660.917028290103,TURN_TO_WAYPOINT,3,5,1,2.0,2.0,2,4,3,18,0,17.633736699932662,,,,1.5461901687301645,-1.6581798230158045,1.5081937660670868,-1.6939601721140924,1.6229727261634235,-1.6250006858675172,16,3,0.9918860830726567,359,0,0,0,NORMAL
138.272,1.5461986700393517,-1.6581510843846277,0.4802383774035974,985.1375975877971,811.2922523997854,664.8197524445658,TURN_TO_WAYPOINT,3,5,1,2.0,2.0,2,4,3,18,0,17.63376686715044,,,,1.5461986700393517,-1.6581510843846277,1.4610896903772452,-1.6764283838899878,1.6233757710842596,-1.6250001377716965,16,3,0.9935016364646244,360,0,0,0,NORMAL
138.4,1.546194109860635,-1.6581244364308503,0.5404227073263677,983.6897373590328,866.0650060865356,671.0210569978544,TURN_TO_WAYPOINT,3,5,1,2.0,2.0,2,4,3,18,0,17.633794135213023,,,,1.546194109860635,-1.6581244364308503,1.5932150340046565,-1.6770678666583068,1.6236407544463076,-1.6250000575183485,16,3,0.9945624808795966,360,0,0,0,NORMAL
138.528,1.5461772568207401,-1.6580992990601762,0.6005953809496172,1000.0,913.1480898540457,674.3658763332162,TURN_TO_WAYPOINT,3,5,1,2.0,2.0,2,4,3,18,0,17.633824546071214,,,,1.5461772568207401,-1.6580992990601762,1.531347537819166,-1.600526258970177,1.6242222948175356,-1.625000040980728,16,3,0.9968889332364343,361,0,0,0,NORMAL
138.656,1.546156476515702,-1.658075538893548,0.6607576905265031,1000.0,957.5867003325241,674.8509046697679,TURN_TO_WAYPOINT,3,5,1,2.0,2.0,2,4,3,18,0,17.633856111393218,,,,1.546156476515702,-1.658075538893548,1.4484981440063047,-1.7020732421541773,1.624507701460373,-1.62500002941823,16,3,0.9980306691949533,361,0,0,0,NORMAL
138.784,1.546136988414477,-1.6580529265573196,0.7209111096869985,1000.0,994.6313403249641,665.90932718912,TURN_TO_WAYPOINT,3,5,1,2.0,2.0,2,4,3,18,0,17.633885962797564,,,,1.546136988414477,-1.6580529265573196,1.5361120975138463,-1.7486219402018517,1.6247248655976883,-1.6250000127452071,16,3,0.9988994050129354,362,0,0,0,NORMAL
138.912,1.5461170188404965,-1.658031473215557,0.7810620841871829,1000.0,1000.0,692.2143296811564,TURN_TO_WAYPOINT,3,5,1,2.0,2.0,2,4,3,18,0,17.633915276355303,,,,1.5461170188404965,-1.658031473215557,1.4825865802927494,-1.6204192042902503,1.6248111640930947,-1.6250000035100263,16,3,0.9992446391789501,362,0,0,0,NORMAL
139.04,1.5460957637875696,-1.6580112805226113,0.8412128410768781,1000.0,1000.0,722.3006329261071,TURN_TO_WAYPOINT,3,5,1,2.0,2.0,2,4,3,18,0,17.63394459822536,,,,1.5460957637875696,-1.6580112805226113,1.7270410171041455,-1.769443790688391,1.6248762504649914,-1.6250000008988235,16,3,0.9995049966539964,362,0,0,0,NORMAL
139.168,1.5460733214925924,-1.6579924117306473,0.9013627756624437,993.6224837543028,992.4336601773733,747.0458783322439,TURN_TO_WAYPOINT,3,5,1,2.0,2.0,2,4,3,18,0,17.633973922838237,,,,1.5460733214925924,-1.6579924117306473,1.5366689340356432,-1.6415730447915815,1.624968865426671,-1.6250000008319216,16,3,0.9998754580772937,362,0,0,0,NORMAL
139.296,1.5460497833488345,-1.657974928462405,0.9615112891428484,1000.0,1000.0,764.7984361456114,TURN_TO_WAYPOINT,3,5,1,2.0,2.0,2,4,3,18,0,17.63400324777527,,,,1.5460497833488345,-1.657974928462405,1.5753792547185435,-1.7037448025062218,1.624979880842899,-1.6250000002463516,16,3,0.9999195222438959,362,0,0,0,NORMAL
139.424,1.5460252382591426,-1.6579588908419445,1.0216578043196791,1000.0,1000.0,801.2042559504927,TURN_TO_WAYPOINT,3,5,1,2.0,2.0,2,4,3,18,0,17.634032571979294,,,,1.5460252382591426,-1.6579588908419445,1.5537951775132623,-1.6129854510770714,1.624991667677752,-1.6250000000616713,16,3,0.9999666703879366,362,0,0,0,NORMAL
139.552,1.5459997763072721,-1.657944355240274,1.0818017678747884,960.198285025212,1000.0,835.5243629697457,TURN_TO_WAYPOINT,3,5,1,2.0,2.0,2,4,3,18,0,17.634061894949642,,,,1.5459997763072721,-1.657944355240274,1.5219852192058547,-1.6156099959674435,1.624994674733905,-1.6250000000081735,16,3,0.9999786988498492,362,0,0,0,NORMAL
139.68,1.545973489911699,-1.657931373245156,1.1419426489712912,868.2934921634833,1000.0,865.7556335933233,TURN_TO_WAYPOINT,3,5,1,2.0,2.0,2,4,3,18,0,17.634091216417843,,,,1.545973489911699,-1.657931373245156,1.6073520914026795,-1.6973974413552317,1.6249960242201626,-1.6250000000072824,16,3,0.9999840968386892,362,0,0,0,NORMAL
139.808,1.5459464740453708,-1.657919991162998,1.202079937521791,863.5160164771252,997.1838134953274,936.6236045030262,TURN_TO_WAYPOINT,3,5,1,2.0,2.0,2,4,3,18,0,17.63412053621421,,,,1.5459464740453708,-1.657919991162998,1.4974887210804204,-1.5997881265429155,1.6249984101424537,-1.6250000000028624,16,3,0.9999936405535783,362,0,0,0,NORMAL
139.936,1.5459188261166155,-1.6579102497395901,1.2622131430584376,881.1194301646576,1000.0,989.8212742449641,TURN_TO_WAYPOINT,3,5,1,2.0,2.0,2,4,3,18,0,17.63414985421053,,,,1.5459188261166155,-1.6579102497395901,1.4211223473555843,-1.681416765273634,1.624998394312178,-1.625000000002522,16,3,0.9999935772377121,362,0,0,0,NORMAL
140.064,1.5458906457245731,-1.6579021839725205,1.322341794311878,989.2612822954412,980.2527774992849,1000.0,TURN_TO_WAYPOINT,3,5,1,2.0,2.0,2,4,3,18,0,17.63417917029376,,,,1.5458906457245731,-1.6579021839725205,1.4784101567322325,-1.6361216540476409,1.6249990083828305,-1.6250000000007325,16,3,0.9999960335279486,362,0,0,0,NORMAL
140.192,1.545862034364601,-1.657895822964816,1.3824654393666347,997.0696834053323,999.1139513063097,1000.0,TURN_TO_WAYPOINT,3,5,1,2.0,2.0,2,4,3,18,0,17.63420848435258,,,,1.545862034364601,-1.657895822964816,1.6246157332792621,-1.6656245403618137,1.6249986870260404,-1.6250000000007356,16,3,0.999994748101151,362,0,0,0,NORMAL
140.32,1.5458330951095673,-1.6578911898006166,1.4425836462248345,327.97809344519226,983.8219660363326,1000.0,TURN_TO_WAYPOINT,3,5,1,2.0,2.0,2,4,3,18,0,17.634237796269826,,,,1.5458330951095673,-1.6578911898006166,1.6197653271324026,-1.6296471958154275,1.6249991605763314,-1.6250000000005607,16,3,0.9999966423030704,362,0,0,0,NORMAL
140.448,1.5458123985644694,-1.6578890104360713,1.4876860651882424,241.51446523649975,1000.0,995.1323203586948,DRIVE_TO_WAYPOINT,3,5,1,2.0,2.0,2,4,3,18,0,17.63426094889452,,,,1.5458123985644694,-1.6578890104360713,1.6053286617682765,-1.5305669992307296,1.6249992961940278,-1.6250000000003413,16,3,0.9999971847747441,362,0,0,0,NORMAL
140.576,1.5481695609097081,-1.6296098376031176,1.4876727919441053,266.4004424995474,989.6874308124517,1000.0,DRIVE_TO_WAYPOINT,3,5,1,2.0,2.0,2,4,3,18,0,17.66263819033826,,,,1.5481695609097081,-1.6296098376031176,1.4151657954466141,-1.6199443041355384,1.6236090741182347,-1.6200470796870232,16,3,0.9736271059123445,362,0,0,0,NORMAL
140.704,1.5505851519178029,-1.600652079745601,1.4876668280164465,266.9434402915501,1000.0,1000.0,DRIVE_TO_WAYPOINT,3,5,1,2.0,2.0,2,4,3,18,0,17.69169652511612,,,,1.5505851519178029,-1.600652079745601,1.4990542013733814,-1.6419212426886698,1.6240688545850448,-1.614365930554094,16,3,0.9498120072256746,362,0,0,0,NORMAL
140.832,1.5529867382510234,-1.5718524720031348,1.4876650238381297,273.16070710746965,1000.0,991.8361617605478,DRIVE_TO_WAYPOINT,3,5,1,2.0,2.0,2,4,3,18,0,17.72059609298709,,,,1.5529867382510234,-1.5718524720031348,1.4856265807254148,-1.6753882593297598,1.6240668538223255,-1.6155465443153543,16,3,0.9539061131698555,362,0,0,0,NORMAL
140.96,1.5553821903295404,-1.5431150403817742,1.4876645619032112,273.35520577568707,1000.0,996.6922374146825,DRIVE_TO_WAYPOINT,3,5,1,2.0,2.0,2,4,3,18,0,17.749433190047963,,,,1.5553821903295404,-1.5431150403817742,1.51433678085989,-1.5454646683874198,1.6218076330813032,-1.6047959802399696,16,3,0.9052208530490254,362,0,0,0,NORMAL
141.088,1.5577751504995683,-1.5144007682578084,1.48766446721294,282.8465475780269,1000.0,1000.0,DRIVE_TO_WAYPOINT,3,5,1,2.0,2.0,2,4,3,18,0,17.778247000660162,,,,1.5577751504995683,-1.5144007682578084,1.5346722550307828,-1.5193845675245834,1.6244901105256238,-1.5720112237020478,16,3,0.7824016049788476,362,0,0,0,NORMAL
141.216,1.560167137634162,-1.4856951135673524,1.4876644477093097,1000.0,986.0402726292114,1000.0,DRIVE_TO_WAYPOINT,3,5,1,2.0,2.0,2,4,3,18,0,17.807052142799396,,,,1.560167137634162,-1.4856951135673524,1.6709413133081366,-1.4928910310118173,1.6237062316419533,-1.5180949396574344,16,3,0.5756484379425425,362,0,0,0,NORMAL
141.344,1.5625587634775717,-1.4569926673315448,1.4876644332491649,1000.0,1000.0,1000.0,DRIVE_TO_WAYPOINT,3,5,1,2.0,2.0,2,4,3,18,0,17.835854057563775,,,,1.5625587634775717,-1.4569926673315448,1.5196413595981055,-1.5343208794237135,1.6252698816871434,-1.5238777226132414,16,3,0.5954441586227778,362,0,0,0,NORMAL
141.472,1.5649502633023293,-1.4282914164801743,1.4876644143822246,990.088802537119,999.3055187237832,987.6142802057552,DRIVE_TO_WAYPOINT,3,5,1,2.0,2.0,2,4,3,18,0,17.864654770607817,,,,1.5649502633023293,-1.4282914164801743,1.6152197023043433,-1.4050315931943274,1.6241728236631094,-1.4752377668196641,16,4,0.5648629044201353,362,0,0,0,NORMAL
141.6,1.567341722476214,-1.3995906112863934,1.4876643939094263,994.9163362428034,1000.0,992.3084956528131,DRIVE_TO_WAYPOINT,3,5,1,2.0,2.0,2,4,3,18,0,17.89345503615784,,,,1.567341722476214,-1.3995906112863934,1.4690825983196296,-1.3915816788674553,1.6248128348874205,-1.4599182039047458,16,4,0.6286595442227373,362,0,0,0,NORMAL
141.728,1.569733169828686,-1.3708899723323296,1.487664375285092,1000.0,1000.0,1000.0,DRIVE_TO_WAYPOINT,3,5,1,2.0,2.0,2,4,3,18,0,17.922255135060638,,,,1.569733169828686,-1.3708899723323296,1.4775194101593174,-1.3589537177239885,1.6233487726790956,-1.3795497310730136,16,4,0.8313846126669263,362,0,0,0,NORMAL
141.856,1.572124614237615,-1.3421893954117736,1.487664360933321,997.4451385507974,1000.0,989.7345985330933,DRIVE_TO_WAYPOINT,3,5,1,2.0,2.0,2,4,3,18,0,17.95105517189974,,,,1.572124614237615,-1.3421893954117736,1.654795207978447,-1.3624530948567748,1.617747927125884,-1.3395660625924508,16,4,0.8048663653109543,362,0,0,0,NORMAL
141.984,1.5745160580908033,-1.3134888416407242,1.4876643523861455,983.2657229522017,1000.0,1000.0,DRIVE_TO_WAYPOINT,3,5,1,2.0,2.0,2,4,3,18,0,17.97985518562314,,,,1.5745160580908033,-1.3134888416407242,1.616231585126338,-1.3380636970205189,1.6198114932326544,-1.3393311718508478,16,4,0.8282718511682607,362,0,0,0,NORMAL
142.112,1.5769075018734526,-1.284788296503803,1.4876643504112075,995.3128082644326,994.6338846052147,995.7675209179349,DRIVE_TO_WAYPOINT,3,5,1,2.0,2.0,2,4,3,18,0,18.008655190736366,,,,1.5769075018734526,-1.284788296503803,1.6765908213637966,-1.21814819267159,1.6222401442557688,-1.3301995277720557,16,4,0.8056117782550569,362,0,0,0,NORMAL
142.24,1.5792989455907354,-1.2560877545801639,1.4876643549892856,1000.0,995.8176210201235,1000.0,DRIVE_TO_WAYPOINT,3,5,1,2.0,2.0,2,4,3,18,0,18.037455192641982,,,,1.5792989455907354,-1.2560877545801639,1.6247770071716736,-1.218444006004874,1.623829350392283,-1.3091171915363495,16,4,0.7295682007041082,362,0,0,0,NORMAL
142.368,1.5816903891601561,-1.2273872138437643,1.48766436528722,988.9676318785552,1000.0,1000.0,DRIVE_TO_WAYPOINT,3,5,1,2.0,2.0,2,4,3,18,0,18.06625519335218,,,,1.5816903891601561,-1.2273872138437643,1.621922708288087,-1.2157037988790247,1.625179643622175,-1.3227571310138073,16,4,0.7846952112381488,362,0,0,0,NORMAL
142.496,1.5840818325064332,-1.1986866735361859,1.4876643797262619,477.89304198534,1000.0,1000.0,DRIVE_TO_WAYPOINT,3,5,1,2.0,2.0,2,4,3,18,0,18.09505519361651,,,,1.5840818325064332,-1.1986866735361859,1.6206776463384303,-1.221716423933818,1.6223585361339803,-1.2900941399939225,16,4,0.6532586492523978,362,0,0,0,NORMAL
142.624,1.5864732755833761,-1.1699861333731751,1.4876643961708735,452.45211637027904,1000.0,1000.0,DRIVE_TO_WAYPOINT,3,5,1,2.0,2.0,2,4,3,18,0,18.123855193714405,,,,1.5864732755833761,-1.1699861333731751,1.5421892996968725,-1.197951403400159,1.6241780741308223,-1.2455535797228994,16,5,0.4933908118210904,362,0,0,0,NORMAL
142.752,1.58886471838049,-1.141285593249048,1.4876644122151588,415.98180105478474,1000.0,1000.0,DRIVE_TO_WAYPOINT,3,5,1,2.0,2.0,2,4,3,18,0,18.152655193750316,,,,1.58886471838049,-1.141285593249048,1.595718372938,-1.1170540669327451,1.624853443928362,-1.195636632217814,16,5,0.6715151570504202,362,0,0,0,NORMAL
142.88,1.5912561609246956,-1.1125850531266905,1.4876644255205174,382.201346536362,999.6856234450102,1000.0,DRIVE_TO_WAYPOINT,3,5,1,2.0,2.0,2,4,3,18,0,18.181455193763462,,,,1.5912561609246956,-1.1125850531266905,1.6725877367204993,-1.0845224515334346,1.6247767975642993,-1.1541804135228928,16,5,0.8115411030432838,362,0,0,0,NORMAL
143.008,1.5936476032773643,-1.0838845129964432,1.4876644341502345,350.072106533193,1000.0,993.0306864700732,DRIVE_TO_WAYPOINT,3,5,1,2.0,2.0,2,4,3,18,0,18.210255193768567,,,,1.5936476032773643,-1.0838845129964432,1.5072429766921145,-1.19826252608184,1.625502719048268,-1.0848229238478713,16,5,0.8097605480406032,362,0,0,0,NORMAL
143.136,1.596039045526366,-1.055183972860267,1.4876644368488745,314.77797306066407,999.7286305440459,1000.0,DRIVE_TO_WAYPOINT,3,5,1,2.0,2.0,2,4,3,18,0,18.23905519377097,,,,1.596039045526366,-1.055183972860267,1.6278811915954658,-1.0805840095134855,1.6263347801112238,-1.0877641580767576,16,5,0.8396757779662513,362,0,0,0,NORMAL
143.264,1.5984304877739677,-1.0264834327249999,1.4876644332239655,292.773687046957,998.0132009534999,1000.0,DRIVE_TO_WAYPOINT,3,5,1,2.0,2.0,2,4,3,18,0,18.267855193772352,,,,1.5984304877739677,-1.0264834327249999,1.6007967142441117,-1.0725680827462563,1.6257477599228134,-1.0912919141067479,16,5,0.8612054869570305,362,0,0,0,NORMAL
143.392,1.6008219301223454,-0.9977828925988346,1.4876644238027334,250.33729487943205,993.4627032265579,1000.0,DRIVE_TO_WAYPOINT,3,5,1,2.0,2.0,2,4,3,18,0,18.296655193773034,,,,1.6008219301223454,-0.9977828925988346,1.5683776173090438,-0.8944070846384758,1.6254615228257259,-1.0765864622285277,16,5,0.806103044135071,362,0,0,0,NORMAL
143.52,1.6032133726589126,-0.9690823524890617,1.4876644099553131,232.08452590318674,1000.0,1000.0,DRIVE_TO_WAYPOINT,3,5,1,2.0,2.0,2,4,3,18,0,18.325455193773006,,,,1.6032133726589126,-0.9690823524890617,1.523305363294546,-0.9951273632704265,1.6257719050086836,-1.0810105138048303,16,5,0.8225015408223063,362,0,0,0,NORMAL
143.648,1.6056048154436822,-0.9403818124005592,1.4876643936954612,195.61879501219371,994.1490801357177,998.5444934932243,DRIVE_TO_WAYPOINT,3,5,1,2.0,2.0,2,4,3,18,0,18.354255193772392,,,,1.6056048154436822,-0.9403818124005592,1.522380769505953,-0.9460889121576732,1.6265722695600635,-1.0546953001288404,16,5,0.7173905369858072,362,0,0,0,NORMAL
143.776,1.6079962585005596,-0.9116812723349669,1.4876643773877574,167.9256208292602,988.661968482161,1000.0,DRIVE_TO_WAYPOINT,3,5,1,2.0,2.0,2,4,3,18,0,18.383055193771543,,,,1.6079962585005596,-0.9116812723349669,1.5785380244830285,-0.9999640752844625,1.6257958141722852,-1.0108492447030084,16,5,0.5509089607516531,362,0,0,0,NORMAL
143.904,1.6103877018138695,-0.8829807322905311,1.487664363403779,118.70244003003579,999.680370513722,1000.0,DRIVE_TO_WAYPOINT,3,5,1,2.0,2.0,2,4,3,18,0,18.411855193770897,,,,1.6103877018138695,-0.8829807322905311,1.7452166559358324,-0.9423231039985118,1.6258999851501397,-0.9652908552927475,16,6,0.6023950060120232,362,0,0,0,NORMAL
144.032,1.6127791453306306,-0.8542801922625216,1.4876643537772511,93.91273924575242,1000.0,1000.0,DRIVE_TO_WAYPOINT,3,5,1,2.0,2.0,2,4,3,18,0,18.44065519377078,,,,1.6127791453306306,-0.8542801922625216,1.6140831878409214,-0.9554786117741312,1.6261568737253485,-0.9120758551759554,16,6,0.7781885723282346,362,0,0,0,NORMAL
144.16,1.6151705889682657,-0.8255796522440424,1.4876643499082731,70.8927229008751,1000.0,991.861224424994,DRIVE_TO_WAYPOINT,3,5,1,2.0,2.0,2,4,3,18,0,18.4694551937712,,,,1.6151705889682657,-0.8255796522440424,1.6177830584610668,-0.8303248177935587,1.6260523260932822,-0.8858844667729108,16,6,0.868246273395541,362,0,0,0,NORMAL
144.288,1.617562032626616,-0.7968791122270379,1.4876643523596473,22.26175324606615,1000.0,1000.0,DRIVE_TO_WAYPOINT,3,5,1,2.0,2.0,2,4,3,18,0,18.49825519377187,,,,1.617562032626616,-0.7968791122270379,1.652260864232751,-0.7181331134184163,1.6258186160636061,-0.8505923535279487,16,6,0.87080880698923,362,0,0,0,NORMAL
144.416,1.6199534762025165,-0.7681785722033436,1.4876643607749571,0.0,987.0729837011809,1000.0,DRIVE_TO_WAYPOINT,3,5,1,2.0,2.0,2,4,3,18,0,18.527055193772366,,,,1.6199534762025165,-0.7681785722033436,1.5560278533518752,-0.7995738622375642,1.6255517534853827,-0.8578351819729368,16,6,0.916865654664512,362,0,0,0,NORMAL
144.544,1.6225656056100475,-0.7542073482205283,1.5350920446352194,274.4033080029943,1000.0,989.632766141595,DRIVE_TO_WAYPOINT,3,5,1,2.0,2.0,2,4,3,18,0,18.541655446869502,,,,1.6225656056100475,-0.7542073482205283,1.6660361378354158,-0.719409497901635,1.6255767672508845,-0.8467091084169358,16,6,0.8825458072842252,362,0,0,0,NORMAL
144.672,1.6228857689985183,-0.7424524420393054,1.6009434254506825,287.5361581187906,1000.0,1000.0,DRIVE_TO_WAYPOINT,3,5,1,2.0,2.0,2,4,3,18,0,18.553431991627185,,,,1.6228857689985183,-0.7424524420393054,1.5958948117018237,-0.7482153895595581,1.6257430148339085,-0.8113076854330102,16,6,0.7453396344528583,363,0,0,0,NORMAL
144.8,1.6223087488365178,-0.7351442211110055,1.6599754730221836,314.77023745226586,993.5395178333406,1000.0,TURN_TO_WAYPOINT,3,5,1,2.0,2.0,2,4,3,19,0,18.560771040912122,,,,1.6223087488365178,-0.7351442211110055,1.6248499407355053,-0.7537019694403186,1.6257340207519844,-0.7991731825914578,16,6,0.6976075206270448,363,0,0,0,NORMAL
144.928,1.621726843709491,-0.734710963728056,1.662876069006046,288.1841260674267,1000.0,997.9890069892848,TURN_TO_WAYPOINT,3,5,1,2.0,2.0,2,4,3,20,0,18.563789947055792,,,,1.621726843709491,-0.734710963728056,1.6274496540355892,-0.7806891866341918,1.625268395106852,-0.8058163841503106,16,6,0.7232389834447354,363,0,0,0,NORMAL
145.056,1.6211614137203405,-0.7343484811520653,1.665497397299094,297.029923575778,998.9874733620405,994.6088182831811,TURN_TO_WAYPOINT,3,5,1,2.0,2.0,2,4,3,21,0,18.56673931657053,,,,1.6211614137203405,-0.7343484811520653,1.6275036667010414,-0.7609836724677694,1.6247342000654414,-0.7447499608836037,16,7,0.5091038010312015,364,0,0,0,NORMAL
145.184,1.6205995177204375,-0.7340558511428218,1.6678831242349004,297.66736762621105,984.7341843591836,998.6835315441945,TURN_TO_WAYPOINT,3,5,1,2.0,2.0,2,4,3,22,0,18.56964142603522,,,,1.6205995177204375,-0.7340558511428218,1.6473931009184593,-0.7165722498697404,1.6248679620374298,-0.7032987927264179,16,7,0.6725416564115481,364,0,0,0,NORMAL
145.312,1.6200184317474053,-0.7332229959818756,1.6694500365649079,298.0298474856409,997.0808597185453,1000.0,TURN_TO_WAYPOINT,3,5,1,2.0,2.0,2,4,3,23,0,18.57309580188511,,,,1.6200184317474053,-0.7332229959818756,1.681425250212939,-0.7680085430802139,1.6251843056544464,-0.7118342425540113,16,7,0.6460119013951824,364,0,0,0,NORMAL
145.44,1.6193792946396368,-0.7338978682611638,1.6606032011770366,305.01213500509806,999.8489299856627,1000.0,TURN_TO_WAYPOINT,3,5,1,2.0,2.0,2,4,3,24,0,18.57800661498759,,,,1.6193792946396368,-0.7338978682611638,1.572514960481621,-0.6943966490383072,1.625025412102664,-0.677652998604187,16,7,0.7868925076846882,364,0,0,0,NORMAL
145.568,1.6188738318978846,-0.7340631576517753,1.6634363499054239,293.26003663405487,992.4674611843908,1000.0,TURN_TO_WAYPOINT,3,5,1,2.0,2.0,2,4,3,25,0,18.58065195275564,,,,1.6188738318978846,-0.7340631576517753,1.6722084227979865,-0.7679941118647075,1.6249857581152694,-0.7054950082834571,16,7,0.674339247960439,364,0,0,0,NORMAL
145.696,1.6182910965654589,-0.7333161299352968,1.6652609288938067,301.32744577073134,1000.0,988.85263988027,TURN_TO_WAYPOINT,3,5,1,2.0,2.0,2,4,3,26,0,18.58430870607932,,,,1.6182910965654589,-0.7333161299352968,1.6526463560527216,-0.6549660798192684,1.6249851225129646,-0.7188063068221914,16,7,0.6201315241523571,364,0,0,0,NORMAL
145.824,1.6177210905070183,-0.7329613496470105,1.667136283778368,301.3722955946021,1000.0,997.3395183374324,TURN_TO_WAYPOINT,3,5,1,2.0,2.0,2,4,3,27,0,18.587779132354274,,,,1.6177210905070183,-0.7329613496470105,1.6780324478647952,-0.7501875823965071,1.6249111666785379,-0.7095489209891024,16,7,0.6547929823486199,364,0,0,0,NORMAL
145.952,1.617440253704344,-0.7356837206659524,1.6471946594769906,299.0873039534251,1000.0,1000.0,DRIVE_TO_WAYPOINT,3,5,1,2.0,2.0,2,4,3,27,0,18.59077852040915,,,,1.617440253704344,-0.7356837206659524,1.652130328278159,-0.6739672508203768,1.624949840901874,-0.6921056617300614,16,7,0.7222568824699966,364,0,0,0,NORMAL
146.08,1.6169397406242147,-0.7353399942731336,1.6500104125792447,305.875097659678,998.7704490450908,1000.0,DRIVE_TO_WAYPOINT,3,5,1,2.0,2.0,2,4,3,28,0,18.594469658324527,,,,1.6169397406242147,-0.7353399942731336,1.7140430384581833,-0.7110485066664372,1.6249911985034509,-0.7124456597300807,16,7,0.6452790587424158,364,0,0,0,NORMAL
146.208,1.6163888101054413,-0.7349802939546187,1.6524666216970259,292.77372046539966,1000.0,988.0028180900556,DRIVE_TO_WAYPOINT,3,5,1,2.0,2.0,2,4,3,29,0,18.59811386924636,,,,1.6163888101054413,-0.7349802939546187,1.6229853618871897,-0.7384182117191457,1.6249122373795306,-0.691596079161617,16,7,0.7242368262200097,364,0,0,0,NORMAL
146.336,1.6158188163620912,-0.7347048903623631,1.6548388858115823,285.6687850642811,987.7255443840024,1000.0,DRIVE_TO_WAYPOINT,3,5,1,2.0,2.0,2,4,3,30,0,18.601719537237305,,,,1.6158188163620912,-0.7347048903623631,1.591502850224426,-0.6900955334719772,1.624950077127311,-0.6956584192078976,16,7,0.710493167433319,364,0,0,0,NORMAL
146.464,1.615219180168086,-0.7342686668870944,1.6568027259544116,315.25308878538607,987.3872762581365,988.26847751243,DRIVE_TO_WAYPOINT,3,5,1,2.0,2.0,2,4,3,31,0,18.605117791936667,,,,1.615219180168086,-0.7342686668870944,1.6573073180987061,-0.7282589898733078,1.625000868921256,-0.6681757921988971,16,7,0.8140671209870457,364,0,0,0,NORMAL
146.592,1.614510554424841,-0.7359969069137453,1.647238781443835,285.3662582741741,1000.0,1000.0,DRIVE_TO_WAYPOINT,3,5,1,2.0,2.0,2,4,3,32,0,18.609027302198882,,,,1.614510554424841,-0.7359969069137453,1.6063002109639484,-0.7416722868214335,1.6246558300840943,-0.6644458226781537,16,7,0.8317948474772373,365,0,0,0,NORMAL
146.72,1.6140021576914865,-0.7354835173995833,1.649347276578412,294.56097043354237,998.6703636139322,1000.0,DRIVE_TO_WAYPOINT,3,5,1,2.0,2.0,2,4,3,33,0,18.612493917813648,,,,1.6140021576914865,-0.7354835173995833,1.6608944568696664,-0.6681111636019526,1.624608972028358,-0.6836812481431035,16,7,0.7591241870301664,365,0,0,0,NORMAL
146.848,1.6134544259733314,-0.7351434443637035,1.6511516646713635,296.8580890069931,1000.0,998.2685203718567,DRIVE_TO_WAYPOINT,3,5,1,2.0,2.0,2,4,3,34,0,18.61602835624234,,,,1.6134544259733314,-0.7351434443637035,1.5822319161444862,-0.7456882057537367,1.6248608401398386,-0.6726833749607121,16,7,0.7997497609021474,365,0,0,0,NORMAL
146.976,1.6128902888066088,-0.7349013028200043,1.6529953504964647,301.74602830756817,1000.0,1000.0,DRIVE_TO_WAYPOINT,3,5,1,2.0,2.0,2,4,3,35,0,18.619544377333717,,,,1.6128902888066088,-0.7349013028200043,1.6079840539892278,-0.8638337217862572,1.6248250007121317,-0.6660861347839137,16,7,0.8257792391375767,365,0,0,0,NORMAL
147.104,1.6123043807890827,-0.7352071676500772,1.654252279921381,299.89442418785495,996.5552078701405,1000.0,DRIVE_TO_WAYPOINT,3,5,1,2.0,2.0,2,4,3,36,0,18.62203375280943,,,,1.6123043807890827,-0.7352071676500772,1.6512313841571744,-0.8018903624340943,1.6248812974659634,-0.6700958801838977,16,7,0.8119176517244178,365,0,0,0,NORMAL
147.232,1.6117201595974375,-0.7349084839778982,1.655291771248846,287.0638475454418,1000.0,986.4717508826786,DRIVE_TO_WAYPOINT,3,5,1,2.0,2.0,2,4,3,37,0,18.625472904599405,,,,1.6117201595974375,-0.7349084839778982,1.6233530543434724,-0.7314422367590839,1.6250417718734749,-0.6939547045551642,16,7,0.7195028195603685,365,0,0,0,NORMAL
147.36,1.611124936820071,-0.7347199130953006,1.6564059118684045,302.975506990529,990.9494882950362,975.8859334279607,DRIVE_TO_WAYPOINT,3,5,1,2.0,2.0,2,4,3,38,0,18.628896473146202,,,,1.611124936820071,-0.7347199130953006,1.613296993791738,-0.6974384904141366,1.625219495539426,-0.7294584052017709,16,7,0.5787614947141883,365,0,0,0,NORMAL
147.488,1.6105122159187482,-0.7350880938024134,1.6570349532634827,300.7852137201504,1000.0,996.5636012476848,DRIVE_TO_WAYPOINT,3,5,1,2.0,2.0,2,4,3,39,0,18.63131090490917,,,,1.6105122159187482,-0.7350880938024134,1.5326185362906382,-0.6909735687316026,1.6250860194062917,-0.7109070132954959,16,7,0.6488493090039763,365,0,0,0,NORMAL
147.616,1.609906158858256,-0.7348385853719727,1.6575368576574063,296.85174887019286,992.3601517634053,1000.0,DRIVE_TO_WAYPOINT,3,5,1,2.0,2.0,2,4,3,40,0,18.634675867054106,,,,1.609906158858256,-0.7348385853719727,1.596483671460209,-0.6662859732207035,1.6250769464212202,-0.6763843319262144,16,7,0.7805841499449777,365,0,0,0,NORMAL
147.744,1.6092880224959656,-0.7352005568328909,1.6578034161065185,301.3585971462508,1000.0,996.7922790405186,DRIVE_TO_WAYPOINT,3,5,1,2.0,2.0,2,4,3,41,0,18.637053053430122,,,,1.6092880224959656,-0.7352005568328909,1.6733991448986045,-0.7725476105010193,1.6249874086821416,-0.6672897059523565,16,7,0.8198119565138505,365,0,0,0,NORMAL
147.872,1.6086762596412594,-0.7349446018028669,1.6580056847435307,305.944616320018,1000.0,1000.0,TURN_TO_WAYPOINT,3,5,1,2.0,2.0,2,4,3,42,0,18.640382366613288,,,,1.6086762596412594,-0.7349446018028669,1.5899524396627918,-0.7258463392550195,1.6247653831671809,-0.6877028329395924,16,7,0.743539261791782,365,0,0,0,NORMAL
148.0,1.607882304198019,-0.7329746821248078,1.6744997139782938,301.70489820974103,1000.0,993.7238167495893,TURN_TO_WAYPOINT,3,5,1,2.0,2.0,2,4,3,43,0,18.64517793523466,,,,1.607882304198019,-0.7329746821248078,1.5330551891029125,-0.7227855110010929,1.6250149398319487,-0.6717693909219822,16,7,0.8027471981138997,365,0,0,0,NORMAL
148.128,1.6077414919147515,-0.7354540298740248,1.6507017777668378,299.9320825296976,998.967018187448,999.3696468983547,DRIVE_TO_WAYPOINT,3,5,1,2.0,2.0,2,4,3,43,0,18.647666222006396,,,,1.6077414919147515,-0.7354540298740248,1.6290702410329307,-0.7486880322114692,1.6252697878924425,-0.683201744239441,16,7,0.7607053509814712,365,0,0,0,NORMAL
148.256,1.6071746067856314,-0.736013769956949,1.651277033222048,303.9104974266421,991.9639502614037,1000.0,DRIVE_TO_WAYPOINT,3,5,1,2.0,2.0,2,4,3,44,0,18.650126873166954,,,,1.6071746067856314,-0.736013769956949,1.5687154586687106,-0.7955400134536664,1.625197774170047,-0.682488359339316,16,7,0.7625810031940512,365,0,0,0,NORMAL
148.384,1.6065897706654184,-0.7356137077595426,1.6515684396691088,282.7327799642264,1000.0,1000.0,DRIVE_TO_WAYPOINT,3,5,1,2.0,2.0,2,4,3,45,0,18.65333415164132,,,,1.6065897706654184,-0.7356137077595426,1.5877587523792454,-0.6156998778218601,1.624920888557407,-0.6715002311549958,16,7,0.8042242575376821,365,0,0,0,NORMAL
148.512,1.6060211630316295,-0.7361570973612989,1.6515843283232738,308.9543973510236,994.7750455107538,983.3482616641182,DRIVE_TO_WAYPOINT,3,5,1,2.0,2.0,2,4,3,46,0,18.65576262651972,,,,1.6060211630316295,-0.7361570973612989,1.6513853138477435,-0.8135025768690485,1.6249597803421547,-0.6973722575113965,16,7,0.7058084375734898,365,0,0,0,NORMAL
148.64,1.6054496423834244,-0.7359321431697593,1.6516564897757642,305.18310378279915,995.4030031812388,998.060395658386,DRIVE_TO_WAYPOINT,3,5,1,2.0,2.0,2,4,3,47,0,18.659070625845484,,,,1.6054496423834244,-0.7359321431697593,1.6587641382730136,-0.6794332890154565,1.6249415395467468,-0.7020079370791611,16,7,0.6859879576350207,365,0,0,0,NORMAL
148.768,1.604859679289682,-0.735624851291554,1.6516496329929786,300.68537653869583,1000.0,994.9068945103713,DRIVE_TO_WAYPOINT,3,5,1,2.0,2.0,2,4,3,48,0,18.662208879267247,,,,1.604859679289682,-0.735624851291554,1.6912375690922055,-0.819503917279863,1.6250944043733853,-0.672398423623414,16,7,0.7975655231781408,365,0,0,0,NORMAL
148.896,1.6042813376747025,-0.7355190369044876,1.6518455718332135,290.60860233424944,1000.0,1000.0,DRIVE_TO_WAYPOINT,3,5,1,2.0,2.0,2,4,3,49,0,18.665428690686664,,,,1.6042813376747025,-0.7355190369044876,1.592990626967533,-0.8015324586459196,1.6248753246505376,-0.668718860215959,16,7,0.8154586461617521,365,0,0,0,NORMAL
149.024,1.6036994453998366,-0.7362010217749964,1.6513647250834627,291.5153962470001,988.6324774850576,994.8250838063902,DRIVE_TO_WAYPOINT,3,5,1,2.0,2.0,2,4,3,50,0,18.667784140971,,,,1.6036994453998366,-0.7362010217749964,1.6150469673895451,-0.719262063987253,1.6246850603835041,-0.6577510296772915,16,7,0.8571586894949844,365,0,0,0,NORMAL
149.152,1.603109913098819,-0.7358821206216786,1.65098799860693,282.2794273363946,1000.0,1000.0,DRIVE_TO_WAYPOINT,3,5,1,2.0,2.0,2,4,3,51,0,18.670889227933667,,,,1.603109913098819,-0.7358821206216786,1.6124523670547142,-0.7689877859189118,1.6243023764816165,-0.6559060797323415,16,7,0.8651889421178828,365,0,0,0,NORMAL
149.28,1.6034364719899765,-0.7439004685322705,1.659933879432057,1.9682732306790882,992.1012712043021,998.1294223142772,BACKTRACK,3,5,1,2.0,2.0,2,4,3,51,0,18.68035966276326,STUCK_DETECTED|BACKTRACK_STARTED,,,1.6034364719899765,-0.7439004685322705,1.6862403880868881,-0.6010629938119812,1.6244958033676964,-0.6740107180613577,16,7,0.8012055132252724,365,1,0,1,NORMAL
149.408,1.6045804791643483,-0.7570164249455265,1.6599138292984175,28.944960276674337,1000.0,1000.0,BACKTRACK,3,5,1,2.0,2.0,2,4,3,51,0,18.69352541865821,,,,1.6045804791643483,-0.7570164249455265,1.718744612412405,-0.7183307184490597,1.624618483623451,-0.6493951484900174,16,7,0.8990419838825592,365,1,0,1,NORMAL
149.536,1.6058884117167367,-0.7717807383928879,1.6599048687353102,47.661232029168396,1000.0,988.6018516485716,BACKTRACK,3,5,1,2.0,2.0,2,4,3,51,0,18.708347552424005,,,,1.6058884117167367,-0.7717807383928879,1.7202643032798663,-0.7264841722561358,1.6250335467629067,-0.659389814767994,16,7,0.8599193169284258,365,1,0,1,NORMAL
149.664,1.6071606177857438,-0.786069319320072,1.6599014210972827,62.34863556938045,1000.0,995.9717037684942,BACKTRACK,3,5,1,2.0,2.0,2,4,3,51,0,18.722692658018445,,,,1.6071606177857438,-0.786069319320072,1.6647421191281064,-0.7425365424973692,1.6247735536479897,-0.69404374667533,16,7,0.7237626541771318,365,1,0,1,NORMAL
149.792,1.6084387954975434,-0.8003946555986236,1.6598999742542282,66.31449458117416,995.5068675174041,990.3355248924396,BACKTRACK,3,5,1,2.0,2.0,2,4,3,51,0,18.7370749039472,,,,1.6084387954975434,-0.8003946555986236,1.6895466715307284,-0.8687233215661531,1.624604098709425,-0.7218005497458484,16,7,0.6139648146156336,365,1,0,1,NORMAL
149.92,1.6097189971303636,-0.8147310475329614,1.6598993471457335,89.06356750032481,988.2905379773467,1000.0,BACKTRACK,3,5,1,2.0,2.0,2,4,3,51,0,18.751468341686113,,,,1.6097189971303636,-0.8147310475329614,1.549109733631687,-0.7378464237049218,1.6248073155413336,-0.7232420423644208,16,7,0.607228035046505,365,1,0,1,NORMAL
150.048,1.6109999512489883,-0.8290715243856326,1.659899068171362,119.86184077735696,1000.0,1000.0,BACKTRACK,3,5,1,2.0,2.0,2,4,3,51,0,18.76586591508651,,,,1.6109999512489883,-0.8290715243856326,1.5816979539876552,-0.7957278232122282,1.6250262398415796,-0.7934707944363838,16,6,0.645904218837789,365,1,0,1,NORMAL
150.176,1.612281180342945,-0.8434135124882246,1.659898942448597,124.81013178081184,1000.0,1000.0,BACKTRACK,3,5,1,2.0,2.0,2,4,3,51,0,18.78026501820881,,,,1.612281180342945,-0.8434135124882246,1.6410106271701153,-0.7370386102812508,1.6249926729098085,-0.8311620959900636,16,6,0.7910456649661254,365,1,0,1,NORMAL
150.304,1.6135625078646452,-0.8577560596252282,1.659898886206723,146.9073007937106,1000.0,1000.0,BACKTRACK,3,5,1,2.0,2.0,2,4,3,51,0,18.794664686906213,,,,1.6135625078646452,-0.8577560596252282,1.5787417656644307,-0.8209624773151359,1.6253355224700563,-0.8566135435288312,16,6,0.8851669835099525,365,1,0,1,NORMAL
150.432,1.6148438697915424,-0.8720988135168591,1.6598988621469855,159.55460502411964,1000.0,1000.0,BACKTRACK,3,5,1,2.0,2.0,2,4,3,51,0,18.809064564599566,,,,1.6148438697915424,-0.8720988135168591,1.4825656493215056,-0.8461261791446452,1.6252322619667101,-0.8608807205317641,16,6,0.9164460315020032,365,1,0,1,NORMAL
150.56,1.6161252434234388,-0.8864416438552372,1.6598988532075343,179.48627033187196,983.2857960939308,1000.0,BACKTRACK,3,5,1,2.0,2.0,2,4,3,51,0,18.82346451947797,,,,1.6161252434234388,-0.8864416438552372,1.647419384484409,-0.8020853759766113,1.6253602660129283,-0.8640060072405508,16,6,0.9328516372784189,365,1,0,1,NORMAL
150.688,1.6174066209213196,-0.9007845024491224,1.6598988514297635,187.80564155368847,1000.0,993.5605441772494,BACKTRACK,3,5,1,2.0,2.0,2,4,3,51,0,18.8378645028438,,,,1.6174066209213196,-0.9007845024491224,1.6013871890948608,-0.9628146033605343,1.6252037241052146,-0.8800265768135787,16,6,0.9517248946456726,365,1,0,1,NORMAL
150.816,1.6186879996620278,-0.9151273714806841,1.659898853037524,202.39637450688093,1000.0,1000.0,BACKTRACK,3,5,1,2.0,2.0,2,4,3,51,0,18.852264496716494,,,,1.6186879996620278,-0.9151273714806841,1.595061941226233,-0.9671486372923314,1.6254236293860804,-0.8824394361910904,16,6,0.9592767697465865,365,1,0,1,NORMAL
150.944,1.6199693788006704,-0.9294702443643743,1.65989885619625,242.56372108167793,993.717621668339,1000.0,BACKTRACK,3,5,1,2.0,2.0,2,4,3,51,0,18.866664494461446,,,,1.6199693788006704,-0.9294702443643743,1.7186427962606048,-0.8432578505611844,1.6254473427364546,-0.8838470553386032,16,6,0.9599329836987396,365,1,0,1,NORMAL
151.072,1.6212507580774191,-0.9438131186673198,1.6598988599754285,247.85247577731272,987.3611658890488,989.3385454984519,BACKTRACK,3,5,1,2.0,2.0,2,4,3,51,0,18.88106449363231,,,,1.6212507580774191,-0.9438131186673198,1.636449914106338,-0.8934999247023264,1.6252014118507387,-0.882681905969073,16,6,0.9673472420781087,365,1,0,1,NORMAL
151.2,1.6225321374162487,-0.9581559934913957,1.6598988638664747,280.1462728203475,1000.0,995.6304039859449,BACKTRACK,3,5,1,2.0,2.0,2,4,3,51,0,18.895464493327765,,,,1.6225321374162487,-0.9581559934913957,1.6910313267226538,-0.8563110888481996,1.6253354204968447,-0.8987248065731753,16,6,0.9040526225390962,365,1,0,1,NORMAL
151.328,1.6238135167951624,-0.9724988685054443,1.6598988675606046,282.15500213131327,999.10248485577,998.0217771175521,BACKTRACK,3,5,1,2.0,2.0,2,4,3,51,0,18.909864493216002,,,,1.6238135167951624,-0.9724988685054443,1.5873823889244802,-1.063189068337138,1.6251790353074846,-0.908504038597797,16,6,0.8660058474102352,365,1,0,1,NORMAL
151.456,1.6250948962062912,-0.986841743587653,1.6598988708486875,318.0974678742855,1000.0,1000.0,ESCAPE_TURN,3,5,1,2.0,2.0,2,4,3,51,0,18.924264493175,BACKTRACK_COMPLETE,,,1.6250948962062912,-0.986841743587653,1.6118413495567447,-1.0244492369746303,1.6257092189514943,-0.9344136987847035,16,6,0.7621343129131717,365,1,1,1,NORMAL
151.584,1.6251362199813444,-0.9870606260030319,1.6148463858416768,275.6027529845145,1000.0,1000.0,ESCAPE_TURN,3,5,1,2.0,2.0,2,4,3,51,0,18.92469012024682,,,,1.6251362199813444,-0.9870606260030319,1.7676430446371358,-0.983880092723646,1.6254479608493284,-0.9376459463435711,16,6,0.7487555314588272,365,1,1,1,NORMAL
151.712,1.6251600360109753,-0.9869255183216712,1.5547235515525375,254.8113011988358,1000.0,988.7801565964915,ESCAPE_TURN,3,5,1,2.0,2.0,2,4,3,51,0,18.924827663178796,,,,1.6251600360109753,-0.9869255183216712,1.6027482103366557,-0.9740783306672992,1.6250958079767905,-0.9271677947034545,16,6,0.7910852921442382,365,1,1,1,NORMAL
151.84,1.6251908131324955,-0.9868746895683465,1.4946013817608328,242.37474592466594,999.3713470659313,1000.0,ESCAPE_TURN,3,5,1,2.0,2.0,2,4,3,51,0,18.92488763960896,,,,1.6251908131324955,-0.9868746895683465,1.6806173716000374,-0.9855699249742459,1.6250241355803887,-0.9556081737677126,16,6,0.6775269655369829,365,1,1,1,NORMAL
151.968,1.625221884008876,-0.9868584168947612,1.4344774173172619,237.48867387641832,1000.0,1000.0,ESCAPE_TURN,3,5,1,2.0,2.0,2,4,3,51,0,18.924923071573424,,,,1.625221884008876,-0.9868584168947612,1.7243872885965492,-0.9947033851475323,1.6250069827646445,-0.9657335403636468,16,6,0.6370524613994194,365,1,1,1,NORMAL
152.096,1.625252022329275,-0.9868561069649935,1.3743500132323143,223.21690104448217,991.0925896555563,996.1611413427562,ESCAPE_TURN,3,5,1,2.0,2.0,2,4,3,51,0,18.9249533953871,,,,1.625252022329275,-0.9868561069649935,1.6537158026832686,-0.8526239229624543,1.625002619382575,-0.9510288923660999,16,6,0.6958772193689514,365,1,1,1,NORMAL
152.224,1.6252812413894406,-0.9868600470262371,1.3142182761370282,213.7627476020244,1000.0,950.9530623228175,ESCAPE_TURN,3,5,1,2.0,2.0,2,4,3,51,0,18.92498290443075,,,,1.6252812413894406,-0.9868600470262371,1.6546199431789563,-0.9058223058600177,1.6250012157032707,-0.9861476010326727,16,6,0.5554068487449848,365,1,1,1,NORMAL
152.352,1.625309783082814,-0.9868775475525083,1.254033846480341,297.08021398752226,992.5378997829071,877.6334789429878,ESCAPE_TURN,3,5,1,2.0,2.0,2,4,3,51,0,18.925016715525306,,,,1.625309783082814,-0.9868775475525083,1.6558226215519491,-0.9435814444126794,1.6250002715380985,-0.9610073076808515,16,6,0.6559700210876477,365,1,1,1,NORMAL
152.48,1.6253375102954002,-0.9869069620118988,1.1938165279194235,998.7362771436472,1000.0,838.5061633811771,ESCAPE_TURN,3,5,1,2.0,2.0,2,4,3,51,0,18.925057144994096,,,,1.6253375102954002,-0.9869069620118988,1.557522541189103,-1.0257079411245569,1.6250002327451465,-0.9164879819927148,16,6,0.8340472700311644,365,1,1,1,NORMAL
152.608,1.6253644728651402,-0.9869361849712317,1.1336060300819901,1000.0,1000.0,759.2805325943239,ESCAPE_TURN,3,5,1,2.0,2.0,2,4,3,51,0,18.92509690700746,,,,1.6253644728651402,-0.9869361849712317,1.6137647257050136,-0.8940338604608201,1.6250001120433404,-0.916072855063015,16,6,0.8357081928877605,365,1,1,1,NORMAL
152.736,1.6253906740510426,-0.9869629976170022,1.0734098158236782,990.8262992120409,981.0092819369265,724.811666512372,ESCAPE_TURN,3,5,1,2.0,2.0,2,4,3,51,0,18.925134397516754,,,,1.6253906740510426,-0.9869629976170022,1.6722986425334065,-0.9761279111858978,1.6250000329506002,-0.9164734263580544,16,6,0.8341061809699111,365,1,1,1,NORMAL
152.864,1.6254160327682616,-0.9869873628621635,1.0132275812354676,1000.0,1000.0,698.9238715580882,ESCAPE_TURN,3,5,1,2.0,2.0,2,4,3,51,0,18.92516956586543,,,,1.6254160327682616,-0.9869873628621635,1.6560801574858584,-0.9517166221775563,1.6250000244583391,-0.8886307094143711,16,6,0.9454770688509909,365,1,1,1,NORMAL
152.992,1.6254404557817546,-0.9870096398425755,0.9530575066262498,1000.0,994.4876434702676,673.0216937633747,ESCAPE_DRIVE,3,5,1,2.0,2.0,2,4,3,51,0,18.92520262324379,ESCAPE_TURN_COMPLETE,,,1.6254404557817546,-0.9870096398425755,1.769590918462894,-1.037848409177211,1.625000021876835,-0.8915560477512823,16,6,0.9337757262153491,365,1,1,1,NORMAL
153.12,1.6315371913732861,-0.9784270045206696,0.9530433039990734,996.211890232035,1000.0,664.6066268794161,ESCAPE_DRIVE,3,5,1,2.0,2.0,2,4,3,51,0,18.93573157679174,,,,1.6315371913732861,-0.9784270045206696,1.656280543129926,-1.028757243449572,1.625168193200914,-0.8945017259550863,16,6,0.9163138932628891,365,1,1,1,NORMAL
153.248,1.6399713142701808,-0.9665543937926587,0.9530464055001354,988.7806357683609,1000.0,645.8307016746853,ESCAPE_DRIVE,3,5,1,2.0,2.0,2,4,3,51,0,18.950295000652773,,,,1.6399713142701808,-0.9665543937926587,1.6265411170640995,-0.934524408117085,1.6255789692179405,-0.8990302149953154,16,6,0.8915952451015761,365,1,1,1,NORMAL
153.376,1.6483496177208037,-0.9547605497559912,0.9530470049962598,998.3364005412996,992.6811305016394,647.4019559222169,ESCAPE_DRIVE,3,5,1,2.0,2.0,2,4,3,51,0,18.964761884418355,,,,1.6483496177208037,-0.9547605497559912,1.6037411113353965,-0.9859292927772513,1.6263914892450728,-0.8912107542233262,16,6,0.9103138807306068,365,1,1,1,NORMAL
153.504,1.6567040128973618,-0.9430011329601325,0.953046960172872,1000.0,983.2314341203792,632.6297821979896,ESCAPE_DRIVE,3,5,1,2.0,2.0,2,4,3,51,0,18.979186855896955,,,,1.6567040128973618,-0.9430011329601325,1.572120544185149,-0.9809648505374285,1.6260522811822733,-0.8876628867876195,16,6,0.9255708656007475,365,1,1,1,NORMAL
153.632,1.6650496061774813,-0.9312546885333063,0.9530468224296572,1000.0,1000.0,632.9302864134086,ESCAPE_DRIVE,3,5,1,2.0,2.0,2,4,3,51,0,18.993596154418224,,,,1.6650496061774813,-0.9312546885333063,1.7274016624962474,-0.8625962385562114,1.6260032124715786,-0.8922803485549339,16,6,0.9147452692338671,365,1,1,1,NORMAL
153.76,1.6733919778925879,-0.9195131141085771,0.9530467192176689,996.3623911958632,999.421128066619,626.0218222166282,ESCAPE_DRIVE,3,5,1,2.0,2.0,2,4,3,51,0,19.00799961705073,,,,1.6733919778925879,-0.9195131141085771,1.7140587688674547,-0.8202948227931373,1.6257057521544258,-0.8809727166887884,16,6,0.9433990612547728,365,1,1,1,NORMAL
153.888,1.6817331713962227,-0.9077733682587436,0.953046659525894,1000.0,1000.0,605.6005812673372,ESCAPE_DRIVE,3,5,1,2.0,2.0,2,4,3,51,0,19.022400906634793,,,,1.6817331713962227,-0.9077733682587436,1.6538220455905797,-0.8754971202705681,1.6255726317819787,-0.8728339413459423,16,6,0.959181697423382,365,1,1,1,NORMAL
154.016,1.6900739338474156,-0.8960343088660814,0.953046629038767,1000.0,998.0685857289967,600.7444502967533,ESCAPE_DRIVE,3,5,1,2.0,2.0,2,4,3,51,0,19.036801386963305,,,,1.6900739338474156,-0.8960343088660814,1.6916143338022944,-0.9382931090768111,1.6259688261786718,-0.8746480064371923,16,6,0.9711422662145689,365,1,1,1,NORMAL
154.144,1.6984145383438183,-0.8842955069809496,0.9530466147516281,1000.0,999.8296342975163,591.206371230401,ESCAPE_DRIVE,3,5,1,2.0,2.0,2,4,3,51,0,19.051201565888018,,,,1.6984145383438183,-0.8842955069809496,1.696605320101846,-0.9858019112397451,1.626401474000472,-0.87740779167304,16,6,0.9719453029303898,365,1,1,1,NORMAL
154.272,1.7067550847788713,-0.8725568015628461,0.9530466086410178,1000.0,1000.0,588.4259085716391,ESCAPE_DRIVE,3,5,1,2.0,2.0,2,4,3,51,0,19.065601632545096,,,,1.7067550847788713,-0.8725568015628461,1.6668156969843284,-0.909344653130608,1.6263843968199065,-0.8702878271107034,16,6,0.9654226519735084,365,1,1,1,NORMAL
154.4,1.7150956097681218,-0.8608181322106745,0.9530466064548583,998.0257298451955,989.9977605338304,579.4442219094146,ESCAPE_DRIVE,3,5,1,2.0,2.0,2,4,3,51,0,19.08000165738035,,,,1.7150956097681218,-0.8608181322106745,1.7373243502223543,-0.9711392639288815,1.6268672274037856,-0.8647418481202199,16,6,0.9493402980444947,365,1,1,1,NORMAL
154.528,1.723436126782369,-0.8490794763055982,0.9530466061231605,991.4141872477062,1000.0,552.959249713735,ESCAPE_DRIVE,3,5,1,2.0,2.0,2,4,3,51,0,19.094401666634607,,,,1.723436126782369,-0.8490794763055982,1.7211584522825314,-0.7813689432777938,1.6291003400553936,-0.8631343622607907,16,6,0.9361769207173705,365,1,1,1,NORMAL
154.656,1.7317766408041664,-0.8373408253959208,0.9530466066875574,996.1662282338224,997.3297609538366,563.6058410483819,ESCAPE_DRIVE,3,5,1,2.0,2.0,2,4,3,51,0,19.108801670083462,,,,1.7317766408041664,-0.8373408253959208,1.7462018138188695,-0.8288639773897827,1.6271836212847335,-0.8632109585618817,16,6,0.9443284379403027,365,1,1,1,NORMAL
154.784,1.7401171536893179,-0.8256021763323753,0.9530466077110578,1000.0,989.0801267741235,547.5932187519518,ESCAPE_DRIVE,3,5,1,2.0,2.0,2,4,3,51,0,19.123201671369035,,,,1.7401171536893179,-0.8256021763323753,1.7554853980403784,-0.8007958915155683,1.6303174479163032,-0.8479683854869745,16,6,0.8729636617302108,365,1,1,1,NORMAL
154.912,1.7484576661347402,-0.8138635279453634,0.9530466089856535,1000.0,999.6624499715149,531.5433591812807,ESCAPE_DRIVE,3,5,1,2.0,2.0,2,4,3,51,0,19.13760167184842,,,,1.7484576661347402,-0.8138635279453634,1.7954609143332037,-0.7592418175105635,1.6328769091237367,-0.8639687914942572,16,6,0.9256200065992806,365,1,1,1,NORMAL
155.04,1.755390594888759,-0.804105948504203,0.9530466097989883,991.3854383869843,1000.0,525.9246818904576,TURN_TO_WAYPOINT,1,3,1,2.0,2.0,2,5,3,51,0,19.149571461222457,ESCAPE_DRIVE_COMPLETE|PATH_PLANNED,,,1.755390594888759,-0.804105948504203,1.6727764601094115,-0.8011808815047207,1.6338278554942172,-0.8593810527022439,16,6,0.9043494552630846,365,1,1,1,NORMAL
155.168,1.7574906044833223,-0.8009750204034296,0.9981331422474726,995.636613190218,998.9083651315311,547.2148009403205,TURN_TO_WAYPOINT,1,3,1,2.0,2.0,2,5,3,51,0,19.153342397500893,,,,1.7574906044833223,-0.8009750204034296,1.7508156509793926,-0.7793249187019813,1.6310160008724397,-0.8629204101237635,16,6,0.9286736260190519,365,1,1,1,NORMAL
155.296,1.7587545005895544,-0.7986605657895016,1.0583023486032557,871.5769472337565,748.1313125809443,572.025066091519,TURN_TO_WAYPOINT,1,3,1,2.0,2.0,2,5,3,51,0,19.155980446301765,,,,1.7587545005895544,-0.7986605657895016,1.8192578331480715,-0.7555446968382878,1.6328357124531778,-0.8677580618660103,16,6,0.9405046777111437,365,1,1,1,NORMAL
155.424,1.7594498253980428,-0.7969953043259914,1.1184611714376018,695.7311351071153,595.1302143753759,617.8174929948732,TURN_TO_WAYPOINT,1,3,1,2.0,2.0,2,5,3,51,0,19.157785943697707,,,,1.7594498253980428,-0.7969953043259914,1.8228886369572308,-0.822847840035086,1.6442530420081363,-0.8697188569576149,16,6,0.9033291166700819,365,1,1,1,NORMAL
155.552,1.7597614948792206,-0.7958579197720124,1.1786073939162567,582.2804402243588,519.509012357702,599.0625600175708,TURN_TO_WAYPOINT,1,3,1,2.0,2.0,2,5,3,51,0,19.15896628429196,,,,1.7597614948792206,-0.7958579197720124,1.752951205639495,-0.7390649369648146,1.634790915307793,-0.8650779643475177,16,6,0.9225455292351479,365,1,1,1,NORMAL
155.68,1.7598138037004232,-0.7951664620625589,1.238744117379083,563.3788251118946,468.7905502750682,554.4450600916617,TURN_TO_WAYPOINT,1,3,1,2.0,2.0,2,5,3,51,0,19.15966158891449,,,,1.7598138037004232,-0.7951664620625589,1.7976651358603517,-0.7483630032794557,1.6310413610329602,-0.8686878279157652,16,6,0.9511326612238816,365,1,1,1,NORMAL
155.808,1.7596919275406433,-0.7948763728510844,1.2988737223581295,537.4493839248759,458.2729621405143,554.0780027159907,TURN_TO_WAYPOINT,1,3,1,2.0,2.0,2,5,3,51,0,19.15998683513839,,,,1.7596919275406433,-0.7948763728510844,1.8246438218441163,-0.9144769335089021,1.6343903319762612,-0.8719835221899177,16,6,0.9507789300015863,365,1,1,1,NORMAL
155.936,1.7594572891870803,-0.7949795772317962,1.3589972910632846,550.044656273969,465.95246223078595,551.1406006029847,TURN_TO_WAYPOINT,1,3,1,2.0,2.0,2,5,3,51,0,19.160260640192508,,,,1.7594572891870803,-0.7949795772317962,1.805199730669154,-0.7738580217743111,1.6418525769325993,-0.8707229263942623,16,6,0.9165188456273597,365,1,1,1,NORMAL
156.064,1.7591595597328125,-0.7955058443814508,1.4191150927737521,579.9460099273523,510.3845518659415,600.6217953683027,TURN_TO_WAYPOINT,1,3,1,2.0,2.0,2,5,3,51,0,19.160867661238026,,,,1.7591595597328125,-0.7955058443814508,1.755854733136808,-0.8362598171118808,1.6374392336833594,-0.8722326956371431,16,6,0.9396680486021584,365,1,1,1,NORMAL
156.192,1.758847375442716,-0.7965271229867303,1.4792271136599984,677.3625029545276,575.9503776092382,675.4271794481292,TURN_TO_WAYPOINT,1,3,1,2.0,2.0,2,5,3,51,0,19.16193667766466,,,,1.758847375442716,-0.7965271229867303,1.720296829313682,-0.8435441317290985,1.6346875278169053,-0.8715832722583955,16,6,0.948057742150791,365,1,1,1,NORMAL
156.32,1.759393602434198,-0.7888892349063463,1.4942704265907336,297.458222487273,997.0909943333301,995.9998295209184,DRIVE_TO_WAYPOINT,1,3,1,2.0,2.0,2,5,3,51,0,19.171079195521557,,,,1.759393602434198,-0.7888892349063463,1.7552812491666805,-0.8800699917227,1.6373221273088385,-0.86827137617717,16,6,0.9250842465875626,365,1,1,1,NORMAL
156.448,1.7614254534512783,-0.7624424311652648,1.4942612244025255,760.428729084695,991.5898358514233,993.5169247820473,DRIVE_TO_WAYPOINT,1,3,1,2.0,2.0,2,5,3,51,0,19.19760393581517,,,,1.7614254534512783,-0.7624424311652648,1.7855101773325701,-0.8561029206159252,1.640977075460852,-0.8451802985062336,16,6,0.8242485497273982,365,1,1,1,NORMAL
156.576,1.763609724139819,-0.7339990344176452,1.4942580934671734,763.823992349163,1000.0,991.5036831102547,DRIVE_TO_WAYPOINT,1,3,1,2.0,2.0,2,5,3,51,0,19.226131078277923,,,,1.763609724139819,-0.7339990344176452,1.7364298139890912,-0.7399915257487247,1.6350651509042344,-0.8031088394585549,16,6,0.6868003524944234,365,1,1,1,NORMAL
156.704,1.7654262121312503,-0.7103343320363206,1.494257223790224,782.0929105834422,1000.0,995.6513375097609,TURN_TO_WAYPOINT,1,3,1,2.0,2.0,2,5,3,52,0,19.249865394524406,,,,1.7654262121312503,-0.7103343320363206,1.7621762732921595,-0.8106651287726458,1.6424878677537909,-0.7442625882872744,16,7,0.4617247829212525,365,1,1,1,NORMAL
156.832,1.766560552489623,-0.6920805731770203,1.5092859971704307,745.4509070767776,889.4783186218505,994.8329655209695,DRIVE_TO_WAYPOINT,1,3,1,2.0,2.0,2,5,3,52,0,19.268154424319892,,,,1.766560552489623,-0.6920805731770203,1.7962540746455355,-0.5843865876842953,1.643468591844499,-0.7903793773823299,16,6,0.6125984651362639,365,1,1,1,NORMAL
156.96,1.768192159292547,-0.6654767832083128,1.5092803937938923,752.4441179677181,1000.0,1000.0,DRIVE_TO_WAYPOINT,1,3,1,2.0,2.0,2,5,3,52,0,19.29480820049235,,,,1.768192159292547,-0.6654767832083128,1.737983341155788,-0.5898346066740666,1.65406980141099,-0.7635510617595858,16,6,0.4942873077516267,365,1,1,1,NORMAL
157.088,1.7697540251819797,-0.6400726957178673,1.5092785326188924,767.4811425394721,1000.0,1000.0,DRIVE_TO_WAYPOINT,1,3,1,2.0,2.0,2,5,3,52,0,19.320260255158278,,,,1.7697540251819797,-0.6400726957178673,1.7608043352233467,-0.7212215428376656,1.6497508307191227,-0.7021212572859472,16,7,0.5830408183114341,365,1,1,1,NORMAL
157.216,1.771467373386072,-0.6122368516132626,1.509278355535206,734.447007562376,1000.0,997.8049280778322,DRIVE_TO_WAYPOINT,1,3,1,2.0,2.0,2,5,3,52,0,19.348148779307515,,,,1.771467373386072,-0.6122368516132626,1.8316034309421483,-0.4854679000393011,1.6331831530239695,-0.6362857416394455,16,7,0.8017958008454582,365,1,1,1,NORMAL
157.344,1.7732380030480621,-0.5834823356197099,1.5092783383784476,762.3317111127751,992.0550483751084,996.165944143625,DRIVE_TO_WAYPOINT,1,3,1,2.0,2.0,2,5,3,52,0,19.376957759147807,,,,1.7732380030480621,-0.5834823356197099,1.8762284869668298,-0.5778618329038943,1.6353167819661991,-0.6029771062185562,16,7,0.8303405407818439,365,1,1,1,NORMAL
157.472,1.7750084789137301,-0.5547351916673173,1.5092783166607724,752.0675222775601,988.9211718657623,990.8437416407844,DRIVE_TO_WAYPOINT,1,3,1,2.0,2.0,2,5,3,52,0,19.405759371432772,,,,1.7750084789137301,-0.5547351916673173,1.7554440239164584,-0.6184989151415214,1.6314466159579077,-0.5363092895904091,16,7,0.6302428633939566,365,1,1,1,NORMAL
157.6,1.776779016800106,-0.5259891431887593,1.5092782960204227,779.6719295161383,996.0277075726087,992.0962218670934,DRIVE_TO_WAYPOINT,1,3,1,2.0,2.0,2,5,3,52,0,19.434559894128366,,,,1.776779016800106,-0.5259891431887593,1.9112582467614745,-0.51650557639766,1.636481959760395,-0.5205609878225163,16,7,0.5594711071908159,365,1,1,1,NORMAL
157.728,1.7785495887850802,-0.49724344943882054,1.5092782798740003,778.6267708798583,997.6712702521629,993.8334100270692,DRIVE_TO_WAYPOINT,1,3,1,2.0,2.0,2,5,3,52,0,19.46336006486257,,,,1.7785495887850802,-0.49724344943882054,1.695086493601996,-0.5210817507881229,1.6386269484287683,-0.5118629400794367,16,7,0.5215662231640127,365,1,1,1,NORMAL
157.856,1.780320177491311,-0.468497873637949,1.509278269992266,758.038957259687,987.7089574986742,994.4588662892139,DRIVE_TO_WAYPOINT,1,3,1,2.0,2.0,2,5,3,52,0,19.49216011889881,,,,1.780320177491311,-0.468497873637949,1.7448889840389175,-0.5313544021563599,1.6442975997595104,-0.5180708071447194,16,7,0.5304084935413215,365,1,1,1,NORMAL
157.984,1.7820907739455276,-0.43975233614245357,1.5092782670758773,779.8850286307443,985.093624189774,997.6053443873021,DRIVE_TO_WAYPOINT,1,3,1,2.0,2.0,2,5,3,52,0,19.520960135178466,,,,1.7820907739455276,-0.43975233614245357,1.7484792222421375,-0.5165976187251661,1.652496310264953,-0.4741665511680735,16,8,0.5129418708164173,365,1,1,1,NORMAL
158.112,1.783568577801683,-0.4157603207714616,1.5092782718863145,786.1882737779049,995.6251482984402,1000.0,TURN_TO_WAYPOINT,1,3,1,2.0,2.0,2,5,3,53,0,19.544997620608502,,,,1.783568577801683,-0.4157603207714616,1.6614355288544382,-0.4860210488688691,1.6602727600624203,-0.41534352262032026,16,8,0.6612292880116213,365,1,1,1,NORMAL
158.24,1.7844289036147456,-0.3974743390928227,1.5243072672850895,754.2221139039457,913.2313864867469,1000.0,DRIVE_TO_WAYPOINT,1,3,1,2.0,2.0,2,5,3,53,0,19.563303890124846,,,,1.7844289036147456,-0.3974743390928227,1.7612594587421702,-0.4224367939898381,1.647111252921645,-0.39086043425335243,16,8,0.8113665968727659,365,1,1,1,NORMAL
158.368,1.785444338227988,-0.3754908556704623,1.5243031661573179,742.6413923769747,857.0477517467694,997.4848160933182,TURN_TO_WAYPOINT,1,3,1,2.0,2.0,2,5,3,54,0,19.585310813068144,,,,1.785444338227988,-0.3754908556704623,1.8477748422514366,-0.3606166890388959,1.6829698834189115,-0.3735186660617568,16,8,0.7083699980754423,365,1,1,1,NORMAL
158.496,1.7859473691787695,-0.35903810980848727,1.5393314872500483,727.0029277029494,649.6959049630615,761.6342150273006,DRIVE_TO_WAYPOINT,1,3,1,2.0,2.0,2,5,3,54,0,19.60177126484205,,,,1.7859473691787695,-0.35903810980848727,1.8860778614088471,-0.4016630498023533,1.6725572568548166,-0.37846191291032555,16,8,0.7768427157699377,365,1,1,1,NORMAL
158.624,1.7865836366384884,-0.3386010657934456,1.5393250841113024,729.5944819355503,760.6840754720034,876.1452119551503,TURN_TO_WAYPOINT,1,3,1,2.0,2.0,2,5,3,55,0,19.62221821113792,,,,1.7865836366384884,-0.3386010657934456,1.8102617377426908,-0.4076631769555625,1.694458623396159,-0.35836935076660426,16,8,0.6653664595494643,365,1,1,1,NORMAL
158.752,1.786731604566248,-0.32825605087215715,1.5543531812109992,581.421817493033,484.532525198993,578.0060468140523,TURN_TO_WAYPOINT,1,3,1,2.0,2.0,2,5,3,56,0,19.63256437793914,,,,1.786731604566248,-0.32825605087215715,1.8794451687459994,-0.31866783768308987,1.760193366356805,-0.36812572491595763,17,8,0.5216564667644416,365,1,1,1,NORMAL
158.88,1.7865460518790583,-0.32654500467963415,1.614401352920953,481.63149669958625,405.86518613668363,480.87929317957355,TURN_TO_WAYPOINT,1,3,1,2.0,2.0,2,5,3,56,0,19.636173955658943,,,,1.7865460518790583,-0.32654500467963415,1.7509574221152369,-0.2678275624324515,1.8074736696898286,-0.36928152035359474,17,8,0.7118713510970055,365,1,1,1,NORMAL
159.008,1.7860629551615033,-0.31937343313531746,1.6294561761170236,584.450622689574,998.456785511866,1000.0,DRIVE_TO_WAYPOINT,1,3,1,2.0,2.0,2,5,3,56,0,19.645393997297933,,,,1.7860629551615033,-0.31937343313531746,1.7450936413597036,-0.36868275800590455,1.8068554502391725,-0.36886837359291813,17,8,0.7090890566714619,366,1,1,1,NORMAL
159.136,1.7849842471580224,-0.3010368074315008,1.6294559178275365,573.8509931519346,1000.0,1000.0,TURN_TO_WAYPOINT,1,3,1,2.0,2.0,2,5,3,57,0,19.663762324773963,,,,1.7849842471580224,-0.3010368074315008,1.7634559250045108,-0.3097157755241021,1.8240609115447861,-0.3482486211729087,17,8,0.7092562302374117,367,1,1,1,NORMAL
159.264,1.783695722107901,-0.28582634083472286,1.6595394644826287,533.2661127053733,532.7296541236201,636.2498802961213,DRIVE_TO_WAYPOINT,1,3,1,2.0,2.0,2,5,3,57,0,19.67902794703812,,,,1.783695722107901,-0.28582634083472286,1.6781787091201006,-0.29524052676567875,1.7732684103559244,-0.3594942594852018,17,8,0.5561554566328288,367,1,1,1,NORMAL
159.392,1.7811368862567025,-0.25727137127986055,1.6595215490069746,545.9351096868919,562.4163245332111,645.7269244775401,DRIVE_TO_WAYPOINT,1,3,1,2.0,2.0,2,5,3,57,0,19.70769733749733,,,,1.7811368862567025,-0.25727137127986055,1.7093934670471838,-0.2956077858149399,1.7935016033865068,-0.336147784103645,17,8,0.5684472787626769,367,1,1,1,NORMAL
159.52,1.7786367525924542,-0.22924902502383537,1.6595142909326934,540.3276867132616,594.8815858825843,696.4570200253286,DRIVE_TO_WAYPOINT,1,3,1,2.0,2.0,2,5,3,57,0,19.735830992813376,,,,1.7786367525924542,-0.22924902502383537,1.7779425843107977,-0.271060888457011,1.7972839244926806,-0.30961979993470873,17,8,0.5097541569618673,367,1,1,1,NORMAL
159.648,1.7761953618348223,-0.20183670054099337,1.6595114868236225,535.9145276809139,711.982594153453,824.996943916434,DRIVE_TO_WAYPOINT,1,3,1,2.0,2.0,2,5,3,57,0,19.763351819888985,,,,1.7761953618348223,-0.20183670054099337,1.736111819693601,-0.1883919071222605,1.8291155006305657,-0.3039921305359966,17,8,0.5843782033433713,367,1,1,1,NORMAL
159.776,1.7742359378052417,-0.17982253202505089,1.6595106754319466,518.7801446458272,661.9715127872339,773.639515060462,TURN_TO_WAYPOINT,1,3,1,2.0,2.0,2,5,3,58,0,19.7854530180055,,,,1.7742359378052417,-0.17982253202505089,1.767642860053044,-0.10991619463988135,1.8402354723547065,-0.19801121188816356,17,9,0.5503178890422855,367,1,1,1,NORMAL
159.904,1.773637182936779,-0.17490109737401197,1.6895913910030436,428.73562354845683,384.6235934693509,452.48253200644973,TURN_TO_WAYPOINT,1,3,1,2.0,2.0,2,5,3,59,0,19.791707346005907,,,,1.773637182936779,-0.17490109737401197,1.7139435372073433,-0.14203125851115464,1.8616269968641568,-0.14708488011505846,17,9,0.8141141827393366,367,1,1,1,NORMAL
160.032,1.7738928360509194,-0.1776327063456073,1.7196212069132903,448.9771350248633,500.9140420105361,585.7561441073831,TURN_TO_WAYPOINT,1,3,1,2.0,2.0,2,5,3,60,0,19.794455966236605,,,,1.7738928360509194,-0.1776327063456073,1.8860284643295595,-0.14389637636086142,1.869689497195267,-0.13185159202268718,17,9,0.9268166592272924,367,1,1,1,NORMAL
160.16,1.7728399720560217,-0.17161855160315764,1.7346438528305803,433.47603871231547,987.9340567011391,999.3731162408793,DRIVE_TO_WAYPOINT,1,3,1,2.0,2.0,2,5,3,60,0,19.80360703624431,,,,1.7728399720560217,-0.17161855160315764,1.6263815006219284,-0.08074822729128897,1.8710059488738933,-0.12098006630050917,17,9,0.9506446888030491,369,1,1,1,NORMAL
160.288,1.7685549443574955,-0.14569251981863615,1.7346447056418208,424.5636637433938,998.6310029176846,1000.0,DRIVE_TO_WAYPOINT,1,3,1,2.0,2.0,2,5,3,60,0,19.829884794649356,,,,1.7685549443574955,-0.14569251981863615,1.7050799110202128,-0.19051482999115465,1.8681018559987983,-0.11946837826865622,17,9,0.938532025714263,369,1,1,1,NORMAL
160.416,1.7638541070929485,-0.11725489857581975,1.7346450515510796,440.9804587133945,998.2954987413771,993.0039116758948,DRIVE_TO_WAYPOINT,1,3,1,2.0,2.0,2,5,3,60,0,19.858708329702377,,,,1.7638541070929485,-0.11725489857581975,1.6748583118290166,-0.12348405836488165,1.8625515262456134,-0.11564899186445872,17,9,0.9084232562604007,369,1,1,1,NORMAL
160.544,1.759155936309221,-0.08883574466729166,1.7346452685326952,424.2042088121627,999.7561663797189,1000.0,DRIVE_TO_WAYPOINT,1,3,1,2.0,2.0,2,5,3,60,0,19.887513209802748,,,,1.759155936309221,-0.08883574466729166,1.740715234350944,-0.18027878053128513,1.8690800234101523,-0.11014631372288562,17,9,0.9125541636128229,369,1,1,1,NORMAL
160.672,1.7544572025315026,-0.06041454276582759,1.7346453866748777,432.48278858760926,994.3106471916207,1000.0,DRIVE_TO_WAYPOINT,1,3,1,2.0,2.0,2,5,3,60,0,19.916320202298312,,,,1.7544572025315026,-0.06041454276582759,1.717777566179543,-0.02423683624728567,1.8670237452250702,-0.09885972376511706,17,9,0.8644740007016876,369,1,1,1,NORMAL
160.8,1.7497590853775928,-0.031997733248103545,1.7346454436794658,401.0674445841747,1000.0,1000.0,DRIVE_TO_WAYPOINT,1,3,1,2.0,2.0,2,5,3,60,0,19.94512276065619,,,,1.7497590853775928,-0.031997733248103545,1.797857754885739,0.05109056958287892,1.8700093301160805,-0.09034254317054573,17,9,0.8412857754705131,369,1,1,1,NORMAL
160.928,1.74583803347713,-0.008281255854466676,1.7346454697434903,408.46547085080465,995.5674624918704,1000.0,TURN_TO_WAYPOINT,1,3,1,2.0,2.0,2,5,3,61,0,19.96916118714315,,,,1.74583803347713,-0.008281255854466676,1.8019779775255726,-0.0052225814307714225,1.8702061582979772,-0.021186649886941578,17,9,0.5804976111037451,369,1,1,1,NORMAL
161.056,1.7432536113186503,0.0051279868910887524,1.7647228530973036,367.2156849474826,642.880871114447,744.5572054779228,DRIVE_TO_WAYPOINT,1,3,1,2.0,2.0,2,5,3,61,0,19.982817722334374,,,,1.7432536113186503,0.0051279868910887524,1.6981218201661428,-0.01870868356393779,1.8713907092694242,-0.05050356592094864,17,9,0.6916231367161311,370,1,1,1,NORMAL
161.184,1.738050607992941,0.03153857099379297,1.7647080856167066,377.4950733668473,832.5103444039727,957.0111650619109,DRIVE_TO_WAYPOINT,1,3,1,2.0,2.0,2,5,3,61,0,20.00973593572207,,,,1.738050607992941,0.03153857099379297,1.5919409738329051,0.001286964718857135,1.8675851699895547,-0.08005182161242094,17,9,0.7950865105733772,370,1,1,1,NORMAL
161.312,1.733027280236809,0.057084606205370834,1.7647029814350919,347.74904481555103,1000.0,999.6631990934119,DRIVE_TO_WAYPOINT,1,3,1,2.0,2.0,2,5,3,61,0,20.035771176056134,,,,1.733027280236809,0.057084606205370834,1.8229313318326432,-0.08227877843792233,1.8714416102575784,-0.010668531393233833,17,9,0.5432656766626505,370,1,1,1,NORMAL
161.44,1.7282395074921506,0.08145142305913163,1.7647014401960348,355.2370568516299,1000.0,1000.0,DRIVE_TO_WAYPOINT,1,3,1,2.0,2.0,2,5,3,61,0,20.06060390711475,,,,1.7282395074921506,0.08145142305913163,1.720964478504414,0.09672990870285775,1.8711180728278742,0.015966995341853654,17,10,0.530259749109368,370,1,1,1,NORMAL
161.568,1.7228455643548513,0.10891342457362625,1.7647014804522947,357.731218066622,995.3802571219748,999.7432902752132,DRIVE_TO_WAYPOINT,1,3,1,2.0,2.0,2,5,3,61,0,20.08859062092486,,,,1.7228455643548513,0.10891342457362625,1.6619743986313662,0.27657755813326557,1.8648470717958716,0.022920570630628717,17,10,0.548796820665518,370,1,1,1,NORMAL
161.696,1.7181466039455358,0.13283968235932705,1.7647016313455761,990.5306424638834,992.237805830508,1000.0,TURN_TO_WAYPOINT,1,3,1,2.0,2.0,2,5,3,62,0,20.112973935723627,,,,1.7181466039455358,0.13283968235932705,1.6981133080668793,0.07744132830776423,1.8645110500102422,0.0843430623832279,17,10,0.7372119882885542,371,1,1,1,NORMAL
161.824,1.7152704276840003,0.14645670085482979,1.7797369701597556,721.0183866315059,623.9787084294718,738.169698377245,TURN_TO_WAYPOINT,1,3,1,2.0,2.0,2,5,3,63,0,20.12689146347532,,,,1.7152704276840003,0.14645670085482979,1.7361671942456323,0.09420787519699597,1.8627822963233616,0.12400552589640713,17,10,0.8648823397615479,371,1,1,1,NORMAL
161.952,1.7115488284038933,0.16270783531251581,1.7947509693151575,309.0635159625375,460.9559028466372,550.4393012446751,DRIVE_TO_WAYPOINT,1,3,1,2.0,2.0,2,5,3,63,0,20.143563325764372,,,,1.7115488284038933,0.16270783531251581,1.7899889652364764,0.1299176837405322,1.8573821296237494,0.12689173661411896,17,10,0.8876387860389517,371,1,1,1,NORMAL
162.08,1.7061325930088627,0.18643380289876121,1.7947425729320656,990.762561150347,852.3700816959989,1000.0,DRIVE_TO_WAYPOINT,1,3,1,2.0,2.0,2,5,3,63,0,20.1678996597527,,,,1.7061325930088627,0.18643380289876121,1.6767200553965704,0.22710546504724827,1.849731094353988,0.14519965254514272,17,10,0.8183356196915272,372,1,1,1,NORMAL
162.208,1.7009265094219674,0.20926882661362461,1.7947409258827745,1000.0,997.1611337444004,986.2181772204727,DRIVE_TO_WAYPOINT,1,3,1,2.0,2.0,2,5,3,63,0,20.191320625054175,,,,1.7009265094219674,0.20926882661362461,1.6516305363528963,0.23697402481964783,1.8459159393184856,0.18432300014017466,17,10,0.6733467338522069,372,1,1,1,NORMAL
162.336,1.6948247730816726,0.23604916464213954,1.7947417358781994,1000.0,991.1722205608445,1000.0,DRIVE_TO_WAYPOINT,1,3,1,2.0,2.0,2,5,3,63,0,20.218787290155493,,,,1.6948247730816726,0.23604916464213954,1.6302605649430362,0.29019741193640514,1.8232079355081585,0.166777171311349,17,10,0.6588417859584815,372,1,1,1,NORMAL
162.464,1.6884372558735556,0.2640894436350492,1.7947422256039727,1000.0,1000.0,1000.0,DRIVE_TO_WAYPOINT,1,3,1,2.0,2.0,2,5,3,63,0,20.247545899685964,,,,1.6884372558735556,0.2640894436350492,1.7921777694336558,0.2132499497770432,1.7912567566428035,0.15365668876071453,17,10,0.5873468960264377,372,1,1,1,NORMAL
162.592,1.6820441569571287,0.29215645084205544,1.7947424262938125,997.1814126811703,985.8244085140375,1000.0,DRIVE_TO_WAYPOINT,1,3,1,2.0,2.0,2,5,3,63,0,20.276331809560773,,,,1.6820441569571287,0.29215645084205544,1.6674208367597736,0.1747624234436101,1.7205298848447175,0.18456940817466258,16,10,0.47383998995127563,374,1,1,1,NORMAL
162.72,1.6767070273291849,0.31558820667122606,1.794742525534302,994.513198044237,995.3213310306807,1000.0,TURN_TO_WAYPOINT,1,3,1,2.0,2.0,2,5,3,64,0,20.300363707819244,,,,1.6767070273291849,0.31558820667122606,1.788293247945456,0.214314940563822,1.6500930449866797,0.2306961875952141,16,10,0.5275437581999108,375,1,1,1,NORMAL
162.848,1.6750403261943305,0.32442169955428685,1.734581984372529,543.3517565878167,456.6310218256252,543.6897562419911,TURN_TO_WAYPOINT,1,3,1,2.0,2.0,2,5,3,64,0,20.309355399619694,,,,1.6750403261943305,0.32442169955428685,1.749761010989455,0.42625292134612947,1.6340067151182105,0.26982970296620024,16,11,0.551642658940482,375,1,1,1,NORMAL
162.976,1.6752481717822365,0.3242746616735383,1.6745450790621794,556.8098987079644,460.24438189264737,555.2799679063204,TURN_TO_WAYPOINT,1,3,1,2.0,2.0,2,5,3,64,0,20.313826812863628,,,,1.6752481717822365,0.3242746616735383,1.6326795412713246,0.46103608522156714,1.6320012923234264,0.27299951243035114,16,11,0.574185349811631,375,1,1,1,NORMAL
163.104,1.6748006931930044,0.3300748309941958,1.6595024293752973,993.0391575868523,811.9050651847795,987.4511968447067,DRIVE_TO_WAYPOINT,1,3,1,2.0,2.0,2,5,3,64,0,20.322987129801493,,,,1.6748006931930044,0.3300748309941958,1.6505735220705233,0.3796253594048545,1.6284756023544291,0.32600352915047637,16,11,0.7783557487967196,375,1,1,1,NORMAL
163.232,1.6724780537800141,0.35622334031320735,1.659503659790086,1000.0,791.2643259894603,993.8372045683858,DRIVE_TO_WAYPOINT,1,3,1,2.0,2.0,2,5,3,64,0,20.349238590703774,,,,1.6724780537800141,0.35622334031320735,1.7449884057392382,0.42457304641916355,1.6275052663566987,0.38022384690102046,16,11,0.8775502895784854,376,1,1,1,NORMAL
163.36,1.6699337302534532,0.3848349496794117,1.6595029679453128,1000.0,748.7163483899121,1000.0,DRIVE_TO_WAYPOINT,1,3,1,2.0,2.0,2,5,3,64,0,20.377963105892366,,,,1.6699337302534532,0.3848349496794117,1.8123088597951078,0.43091784755939233,1.6265973713075572,0.38122165558262683,16,11,0.9217789275804702,376,1,1,1,NORMAL
163.488,1.6673829304181669,0.41351410984615833,1.6595023932696653,1000.0,718.0621186974431,991.1729752095033,DRIVE_TO_WAYPOINT,1,3,1,2.0,2.0,2,5,3,64,0,20.406755480015914,,,,1.6673829304181669,0.41351410984615833,1.6484688639721548,0.3825100544876128,1.6270934308046308,0.3885951372292971,16,11,0.9219364863981429,376,1,1,1,NORMAL
163.616,1.6648334693864775,0.4421784995239925,1.6595020420139548,990.5922043539686,699.4515333489087,989.2596526417452,DRIVE_TO_WAYPOINT,1,3,1,2.0,2.0,2,5,3,64,0,20.43553302312083,,,,1.6648334693864775,0.4421784995239925,1.6234470933041665,0.45897696018722295,1.629928574659764,0.39427422027143966,16,11,0.9001061185027247,376,1,1,1,NORMAL
163.744,1.6622828565055519,0.47085655572450286,1.659501859734413,1000.0,674.8186413249535,1000.0,DRIVE_TO_WAYPOINT,1,3,1,2.0,2.0,2,5,3,64,0,20.464324281056324,,,,1.6622828565055519,0.47085655572450286,1.6408017154382293,0.4040089548583403,1.627318242912255,0.4298827860203528,16,11,0.7746340737548623,376,1,1,1,NORMAL
163.872,1.659731792934719,0.49954000744008403,1.6595017779219143,993.363266263996,659.2488612721929,997.3367346118202,DRIVE_TO_WAYPOINT,1,3,1,2.0,2.0,2,5,3,64,0,20.493120953219314,,,,1.659731792934719,0.49954000744008403,1.7822928373865958,0.48492866395213535,1.6274012906351516,0.4261300239866355,16,11,0.7889980735140552,376,1,1,1,NORMAL
164.0,1.6571805520502512,0.5282255118385992,1.659501748219356,1000.0,608.4147490251958,989.6586889652546,DRIVE_TO_WAYPOINT,1,3,1,2.0,2.0,2,5,3,64,0,20.521919685702667,,,,1.6571805520502512,0.5282255118385992,1.5860136461699408,0.5382662512129335,1.627157199436,0.4586166418547084,16,11,0.6643504890238671,376,1,1,1,NORMAL
164.128,1.6546292383163246,0.5569117969503992,1.6595017433090735,997.0768962339731,577.7187683508446,1000.0,DRIVE_TO_WAYPOINT,1,3,1,2.0,2.0,2,5,3,64,0,20.550719202283407,,,,1.6546292383163246,0.5569117969503992,1.6223770240567794,0.6584808128987072,1.6267023898649031,0.48608454199481077,16,11,0.5593474814114674,376,1,1,1,NORMAL
164.256,1.6520778936809288,0.5855983792826931,1.6595017493246906,1000.0,549.1287050491165,992.5316146144214,DRIVE_TO_WAYPOINT,1,3,1,2.0,2.0,2,5,3,64,0,20.57951901765358,,,,1.6520778936809288,0.5855983792826931,1.595616432323293,0.5922239165721395,1.6266128899174026,0.5062353553703919,16,12,0.5030343559279035,376,1,1,1,NORMAL
164.384,1.6495265357406772,0.6142850748954418,1.6595017593733719,995.9473048179676,535.5491841349124,998.8279788221603,DRIVE_TO_WAYPOINT,1,3,1,2.0,2.0,2,5,3,64,0,20.608318947037485,,,,1.6495265357406772,0.6142850748954418,1.7049788920048772,0.5727019004794678,1.625903428589728,0.5563307589481276,16,12,0.67926727178023,376,1,1,1,NORMAL
164.512,1.646975172065249,0.6429718137375638,1.6595017697647994,991.3594657891227,491.9617273534653,1000.0,DRIVE_TO_WAYPOINT,1,3,1,2.0,2.0,2,5,3,64,0,20.63711891998887,,,,1.646975172065249,0.6429718137375638,1.6837842283203017,0.5629909593950264,1.6263238679851086,0.6082680307819951,16,12,0.8333913703554334,377,1,1,1,NORMAL
164.64,1.644423805934231,0.6716585690993616,1.6595017782572108,995.2671281118053,445.98606383850927,999.1162131337744,DRIVE_TO_WAYPOINT,1,3,1,2.0,2.0,2,5,3,64,0,20.665918909612515,,,,1.644423805934231,0.6716585690993616,1.7134453487088523,0.768758034233817,1.6266981560847211,0.6434655329243746,16,12,0.8718291551782562,377,1,1,1,NORMAL
164.768,1.6418724387693153,0.7003453307839065,1.6595017834119916,1000.0,441.38692176514814,1000.0,DRIVE_TO_WAYPOINT,1,3,1,2.0,2.0,2,5,3,64,0,20.694718905625642,,,,1.6418724387693153,0.7003453307839065,1.7128610700185616,0.6547189314583634,1.6263774265862203,0.6479973374887663,16,12,0.8894067605629211,377,1,1,1,NORMAL
164.896,1.6393210711964683,0.7290320948942604,1.6595017844364068,994.5742728432011,411.27776111471275,997.4123806923069,DRIVE_TO_WAYPOINT,1,3,1,2.0,2.0,2,5,3,64,0,20.72351890409118,,,,1.6393210711964683,0.7290320948942604,1.5303372125904247,0.7364803618805943,1.6261819111589357,0.659042708716614,16,12,0.8576246700943697,377,1,1,1,NORMAL
165.024,1.6367697035078168,0.7577188599408482,1.6595017811776527,998.0941966105187,378.67223172523865,1000.0,DRIVE_TO_WAYPOINT,1,3,1,2.0,2.0,2,5,3,64,0,20.752318903499525,,,,1.6367697035078168,0.7577188599408482,1.5846432402244872,0.8314584610580678,1.626148812032824,0.6919990300579385,16,12,0.7312328962292628,377,1,1,1,NORMAL
165.152,1.6342183358550206,0.7864056253552061,1.659501774111601,1000.0,351.9577516021477,1000.0,DRIVE_TO_WAYPOINT,1,3,1,2.0,2.0,2,5,3,64,0,20.781118903271018,,,,1.6342183358550206,0.7864056253552061,1.5617707523430788,0.8684094837676134,1.625645123956046,0.7734887845856687,16,13,0.5493741319896724,378,1,1,1,NORMAL
165.28,1.6316669683243565,0.8150923909211824,1.6595017642670238,1000.0,327.0540229911043,1000.0,DRIVE_TO_WAYPOINT,1,3,1,2.0,2.0,2,5,3,64,0,20.809918903182716,,,,1.6316669683243565,0.8150923909211824,1.5854300781842583,0.8037362781037263,1.6262983529817068,0.7741742610532102,16,13,0.5700297545582044,378,1,1,1,NORMAL
165.408,1.6291156009624528,0.8437791565566299,1.6595017530758323,973.3027140318701,281.7415124309264,1000.0,DRIVE_TO_WAYPOINT,1,3,1,2.0,2.0,2,5,3,64,0,20.838718903148663,,,,1.6291156009624528,0.8437791565566299,1.6064022654090895,0.7497765314492947,1.6270020727641428,0.7676127778334234,16,13,0.5489711329294933,378,1,1,1,NORMAL
165.536,1.6269861412048159,0.8677221279983326,1.6595017462769328,936.141436445755,248.2728381356889,989.2783056209396,TURN_TO_WAYPOINT,2,3,1,2.0,2.0,2,5,3,64,0,20.862756383888488,,,,1.6269861412048159,0.8677221279983326,1.6908331838678272,0.959628251736375,1.6254410295597739,0.8015805706274756,16,13,0.6671544159333257,378,1,1,1,NORMAL
165.664,1.6265253807067217,0.8767040690127346,1.599351368289867,529.9046578579951,264.53434427979164,548.7483817263455,TURN_TO_WAYPOINT,2,3,1,2.0,2.0,2,5,3,64,0,20.871752473049757,,,,1.6265253807067217,0.8767040690127346,1.555882045157954,0.7438494786354988,1.625146364420264,0.8029620227856902,16,13,0.7039032122456864,378,1,1,1,NORMAL
165.792,1.6267128780550333,0.8765800010248915,1.539461636769779,541.7496582449179,257.828122769908,556.2394803465248,TURN_TO_WAYPOINT,2,3,1,2.0,2.0,2,5,3,64,0,20.876176774883174,,,,1.6267128780550333,0.8765800010248915,1.5818878585174807,0.8906773475309083,1.6251337220025661,0.8324900764733087,16,13,0.8269537641643058,378,1,1,1,NORMAL
165.92,1.6267091914166982,0.873120503460953,1.4793609417809868,849.9233530093529,734.8670021129237,860.5200211354737,TURN_TO_WAYPOINT,2,3,1,2.0,2.0,2,5,3,64,0,20.879637449012723,,,,1.6267091914166982,0.873120503460953,1.7161440953534413,0.8539368767495009,1.6249609245462033,0.8534817705959992,16,13,0.9127983905576662,380,1,1,1,NORMAL
166.048,1.62632470757891,0.8688690482665589,1.4192330914262608,1000.0,1000.0,999.7014829383312,TURN_TO_WAYPOINT,2,3,1,2.0,2.0,2,5,3,64,0,20.883907447270722,,,,1.62632470757891,0.8688690482665589,1.7051783341536089,0.9087359388216104,1.6250060537868274,0.8689091099161224,16,13,0.9750674603577804,382,1,1,1,NORMAL
166.176,1.625661001318151,0.8647684869062627,1.3577653193596033,262.9305072896992,1000.0,1000.0,TURN_TO_WAYPOINT,2,3,1,2.0,2.0,2,5,3,64,0,20.888061921226065,,,,1.625661001318151,0.8647684869062627,1.5892363553372029,0.8062405348109828,1.6250061498518746,0.872738253342289,16,13,0.9907221561661842,383,1,1,1,NORMAL
166.304,1.6257054020215271,0.8649268866014419,1.2975866413774357,241.60811654442352,1000.0,930.4567154750764,TURN_TO_WAYPOINT,2,3,1,2.0,2.0,2,5,3,64,0,20.888226624134315,,,,1.6257054020215271,0.8649268866014419,1.6039261193178846,0.9322380508299668,1.625002384070872,0.8727836326638028,16,13,0.9910842775084101,383,1,1,1,NORMAL
166.432,1.625744453910512,0.8649922926918753,1.237428774091978,229.410716560729,1000.0,875.5751189587055,TURN_TO_WAYPOINT,2,3,1,2.0,2.0,2,5,3,64,0,20.888303042639514,,,,1.625744453910512,0.8649922926918753,1.5255425467315993,0.9512241927992907,1.6250010786612787,0.8739438207291687,16,13,0.9957575964789512,384,1,1,1,NORMAL
166.56,1.6257775849911638,0.8650224556317907,1.1772293797090552,229.71791465623568,992.1529037462435,814.8701414065195,TURN_TO_WAYPOINT,2,3,1,2.0,2.0,2,5,3,64,0,20.888348024378757,,,,1.6257775849911638,0.8650224556317907,1.5656898385350844,0.9103706273185402,1.6250002124967968,0.8748118330073154,16,13,0.9992375514089809,384,1,1,1,NORMAL
166.688,1.62580709300188,0.8650328212650397,1.1170290183438352,230.17644809728606,992.3667103952135,762.2084642189169,TURN_TO_WAYPOINT,2,3,1,2.0,2.0,2,5,3,64,0,20.888379619626182,,,,1.62580709300188,0.8650328212650397,1.6290148049265198,0.7892342988607557,1.6250000359705747,0.8749419252420122,16,13,0.9997634549722103,384,1,1,1,NORMAL
166.816,1.6258343416406864,0.8650259102036902,1.0568391636065013,245.84431166929124,993.2525485030415,719.622055782504,TURN_TO_WAYPOINT,2,3,1,2.0,2.0,2,5,3,64,0,20.888408109715993,,,,1.6258343416406864,0.8650259102036902,1.6142119884643864,0.887392532978339,1.6249999367095176,0.874984252189772,16,13,0.9999348955350621,384,1,1,1,NORMAL
166.944,1.6258599504282603,0.8650051971529195,0.9966613273069972,230.20339583314097,1000.0,696.7965534068326,TURN_TO_WAYPOINT,2,3,1,2.0,2.0,2,5,3,64,0,20.888441103137215,,,,1.6258599504282603,0.8650051971529195,1.604942385925404,0.7903278226539971,1.6249999657571945,0.8749954928050386,16,13,0.99998095718272,384,1,1,1,NORMAL
167.072,1.6258842195271028,0.8649837651272052,0.9364945552193191,1000.0,992.2231620418024,665.2856044482405,TURN_TO_WAYPOINT,2,3,1,2.0,2.0,2,5,3,64,0,20.888473481048973,,,,1.6258842195271028,0.8649837651272052,1.652416014036315,0.8657863090481012,1.624999972416004,0.8749979769194299,16,13,0.9999915221081902,385,1,1,1,NORMAL
167.2,1.6259073632474208,0.8649637570349067,0.8763374808039361,984.5475047366746,1000.0,644.3162643873968,TURN_TO_WAYPOINT,2,3,1,2.0,2.0,2,5,3,64,0,20.88850407455597,,,,1.6259073632474208,0.8649637570349067,1.5586062691239948,0.9978797124448165,1.6249999923790588,0.8749990259165931,16,13,0.999995985388135,385,1,1,1,NORMAL
167.328,1.6259293600348532,0.864944307893643,0.8161863332184719,999.7499508614085,1000.0,624.816717340716,TURN_TO_WAYPOINT,2,3,1,2.0,2.0,2,5,3,64,0,20.888533439624215,,,,1.6259293600348532,0.864944307893643,1.4580745177464072,0.8650787094437532,1.624999996114717,0.8749997202141714,16,13,0.9999988234453802,385,1,1,1,NORMAL
167.456,1.62595013093255,0.8649236110922314,0.7560353593054695,986.2935949661714,956.3591973048678,602.6770192566611,TURN_TO_WAYPOINT,2,3,1,2.0,2.0,2,5,3,64,0,20.888562766135195,,,,1.62595013093255,0.8649236110922314,1.7023727114376328,0.8905345558108062,1.6249999977642315,0.8749997666692039,16,13,0.9999990500342131,385,1,1,1,NORMAL
167.584,1.6259695976744055,0.864901677809318,0.6958849296901438,1000.0,888.6244928742906,592.8714322845615,TURN_TO_WAYPOINT,2,3,1,2.0,2.0,2,5,3,64,0,20.88859209653061,,,,1.6259695976744055,0.864901677809318,1.520214383530351,0.857089133483163,1.6249999995167992,0.8749998836213514,16,13,0.9999995300111553,385,1,1,1,NORMAL
167.712,1.6259876990370261,0.864878603796973,0.6357356511276105,996.3619518034225,843.623267198586,586.943598558941,TURN_TO_WAYPOINT,2,3,1,2.0,2.0,2,5,3,64,0,20.888621427664958,,,,1.6259876990370261,0.864878603796973,1.5150392920520714,0.7869453198064216,1.6249999997990758,0.8749998960390191,16,13,0.9999995828302461,385,1,1,1,NORMAL
167.84,1.6260043736509355,0.8648544794465053,0.5755881134320884,1000.0,782.0699079108506,587.3495129245339,TURN_TO_WAYPOINT,2,3,1,2.0,2.0,2,5,3,64,0,20.888650758054965,,,,1.6260043736509355,0.8648544794465053,1.6522606367825865,0.8984047216105024,1.6249999998923197,0.874999957722357,16,13,0.9999998302863973,385,1,1,1,NORMAL
167.968,1.626019563242067,0.8648293953226536,0.5154428830083277,1000.0,751.0643404636963,587.4480692645135,TURN_TO_WAYPOINT,2,3,1,2.0,2.0,2,5,3,64,0,20.88868008689733,,,,1.626019563242067,0.8648293953226536,1.6458807584208088,0.8998669356113083,1.6249999999655897,0.8749999846375599,16,13,0.9999999383411915,385,1,1,1,NORMAL
168.096,1.62603321425355,0.8648034440877866,0.4553005031785475,1000.0,715.9306918822656,584.0900341300605,TURN_TO_WAYPOINT,2,3,1,2.0,2.0,2,5,3,64,0,20.88870941368147,,,,1.62603321425355,0.8648034440877866,1.6785416434934979,0.8346912724607621,1.6249999999624636,0.8749999833690989,16,13,0.9999999333164241,385,1,1,1,NORMAL
168.224,1.6260452785816595,0.8647767209371728,0.3951614958585437,1000.0,690.061854149891,606.1122171031903,TURN_TO_WAYPOINT,2,3,1,2.0,2.0,2,5,3,64,0,20.88873873803887,,,,1.6260452785816595,0.8647767209371728,1.5237188626130658,0.8441164009998671,1.6249999999648177,0.8749999927654734,16,13,0.9999999709185274,385,1,1,1,NORMAL
168.352,1.6260557139302725,0.8647493234987585,0.3350263628831918,984.8226314120253,683.0686548359612,593.2685115164954,TURN_TO_WAYPOINT,2,3,1,2.0,2.0,2,5,3,64,0,20.888768059684136,,,,1.6260557139302725,0.8647493234987585,1.6475418004887097,0.7996181597263132,1.6249999999957374,0.874999989698542,16,13,0.9999999587762367,385,1,1,1,NORMAL
168.48,1.6260644839943779,0.8647213515448731,0.2748955866232735,950.150963008227,670.5904883224089,618.4221615408034,TURN_TO_WAYPOINT,2,3,1,2.0,2.0,2,5,3,64,0,20.888797378391335,,,,1.6260644839943779,0.8647213515448731,1.4820096038438697,0.807494659679152,1.6249999999987497,0.8749999964031981,16,13,0.9999999856073758,385,1,1,1,NORMAL
168.608,1.6260715585597532,0.864692906642402,0.21476962996318189,881.3724725147988,635.6505184551487,630.0372988000679,TURN_TO_WAYPOINT,2,3,1,2.0,2.0,2,5,3,64,0,20.888826693983496,,,,1.6260715585597532,0.864692906642402,1.6540293619189261,0.8027048634573951,1.6249999999996905,0.8749999987907535,16,13,0.9999999951615538,385,1,1,1,NORMAL
168.736,1.6260769135559623,0.8646640917879815,0.15464893580768346,828.9509874154046,642.4650529292621,646.1173273742062,TURN_TO_WAYPOINT,2,3,1,2.0,2.0,2,5,3,64,0,20.88885600632667,,,,1.6260769135559623,0.8646640917879815,1.615429980819856,0.7776490910934944,1.6249999999998739,0.8749999994454616,16,13,0.9999999977812629,385,1,1,1,NORMAL
168.864,1.6260805310798054,0.8646350110454261,0.09453392627762214,770.5374366287564,619.3235049671569,675.0070377936011,TURN_TO_WAYPOINT,2,3,1,2.0,2.0,2,5,3,64,0,20.888885315325123,,,,1.6260805310798054,0.8646350110454261,1.5884058662945721,0.9128837695200488,1.6249999999999738,0.8749999998280342,16,13,0.9999999993119841,385,1,1,1,NORMAL
168.992,1.6398203703946121,0.8657234407698094,0.07949535014336188,747.8501465498506,596.7565123807547,656.2607013485162,DRIVE_TO_WAYPOINT,2,3,1,2.0,2.0,2,5,3,64,0,20.90267669872762,,,,1.6398203703946121,0.8657234407698094,1.624110177414617,0.8269056577330473,1.627535763996949,0.8751338580761574,16,13,0.9886208037471633,385,1,1,1,NORMAL
169.12,1.6688802109453629,0.8680412550741866,0.07950574716634655,705.2988798676794,566.8855259949008,632.6330255784796,DRIVE_TO_WAYPOINT,2,3,1,2.0,2.0,2,5,3,64,0,20.931828827230078,,,,1.6688802109453629,0.8680412550741866,1.7188675424658697,0.9077583799963317,1.6486310671210835,0.8745091616616526,16,13,0.9003787923259418,385,1,1,1,NORMAL
169.248,1.697750893020237,0.8703440295088892,0.07950912600021963,681.1674163450234,542.7095783187991,614.1707447557184,DRIVE_TO_WAYPOINT,2,3,1,2.0,2.0,2,5,3,64,0,20.960791200296462,,,,1.697750893020237,0.8703440295088892,1.6738284235761873,0.8385051230814673,1.6789017116650666,0.8755461110822518,16,13,0.7806474429223239,385,1,1,1,NORMAL
169.376,1.726520402505844,0.8726377055140396,0.07951008027862241,660.1524766777053,515.9227652333308,593.6073995233396,DRIVE_TO_WAYPOINT,2,3,1,2.0,2.0,2,5,3,64,0,20.989651997682053,,,,1.726520402505844,0.8726377055140396,1.655415668347143,0.9941782504230274,1.669989215366697,0.8750769167485233,16,13,0.8149894540050927,385,1,1,1,NORMAL
169.504,1.7552519303786382,0.8749275920371555,0.07951029986340062,604.4763184707846,491.42649529686867,548.8243098317014,DRIVE_TO_WAYPOINT,2,3,1,2.0,2.0,2,5,3,64,0,21.018474632437016,,,,1.7552519303786382,0.8749275920371555,1.8857461791746273,0.8481995295193209,1.6829635669336214,0.8748374896250609,16,13,0.7644063101591079,385,1,1,1,NORMAL
169.632,1.78396932625456,0.8772159638518296,0.07951033263386453,582.4215042689765,452.9616208831098,503.4503730935046,DRIVE_TO_WAYPOINT,2,3,1,2.0,2.0,2,5,3,64,0,21.047283059528084,,,,1.78396932625456,0.8772159638518296,1.7301062146415012,0.8852091128906492,1.7708167550170022,0.8744926337984981,17,13,0.5385598879787901,385,1,1,1,NORMAL
169.76,1.8126814621832696,0.8795037574211289,0.07951032970781553,540.0841341690524,433.6215342278696,488.9844541219838,DRIVE_TO_WAYPOINT,2,3,1,2.0,2.0,2,5,3,64,0,21.07608619736071,,,,1.8126814621832696,0.8795037574211289,1.7455265261917987,0.8110844737062471,1.7655328391346088,0.8755415843852024,17,13,0.5391909915092495,385,1,1,1,NORMAL
169.888,1.8413916391110083,0.8817913425257738,0.07951032352296465,499.47580198550617,404.551523791397,456.2972965502235,DRIVE_TO_WAYPOINT,2,3,1,2.0,2.0,2,5,3,64,0,21.10488736582369,,,,1.8413916391110083,0.8817913425257738,1.937245423916535,0.9149808495883569,1.8255559942866142,0.8754185478048494,17,13,0.7368204290655259,385,1,1,1,NORMAL
170.016,1.8701010859800666,0.8840788575059068,0.07951031823634003,463.55271023507044,370.5504638981048,421.7578557781695,DRIVE_TO_WAYPOINT,2,3,1,2.0,2.0,2,5,3,64,0,21.1336878009647,,,,1.8701010859800666,0.8840788575059068,1.899222772595973,0.76430280900111,1.8803899898936227,0.8751611961596121,17,13,0.8564066938127374,385,1,1,1,NORMAL
170.144,1.8988102606316277,0.8863663507967373,0.07951031401277601,422.0429819338831,351.54762040296845,388.72045446019683,DRIVE_TO_WAYPOINT,2,3,1,2.0,2.0,2,5,3,64,0,21.16248796302552,,,,1.8988102606316277,0.8863663507967373,1.8192537275834884,0.9331205769680095,1.8753669937070296,0.8765935408464475,17,13,0.9095337737618179,385,1,1,1,NORMAL
170.272,1.927519333743587,0.8886538380401541,0.07951031145200321,407.41805428280657,305.3943927031987,337.1143438119969,DRIVE_TO_WAYPOINT,2,3,1,2.0,2.0,2,5,3,64,0,21.1912880233872,,,,1.927519333743587,0.8886538380401541,1.9027760286577426,0.8070011298075668,1.891862735921741,0.8757220826372659,17,13,0.9041405557435246,385,1,1,1,NORMAL
170.4,1.9562283689753899,0.8909413238109968,0.07951031142800581,369.40220128822375,298.4976215728076,332.5455864422008,DRIVE_TO_WAYPOINT,2,3,1,2.0,2.0,2,5,3,64,0,21.22008804587144,,,,1.9562283689753899,0.8909413238109968,2.0143623894413056,0.9645490454415082,1.9137153643677718,0.8758210080236084,17,13,0.834813863499851,385,1,1,1,NORMAL
170.528,1.9849373900763894,0.8932288093009649,0.0795103144917953,324.5673536616761,259.301936570055,291.6389469333236,DRIVE_TO_WAYPOINT,2,3,1,2.0,2.0,2,5,3,64,0,21.248888054247207,,,,1.9849373900763894,0.8932288093009649,2.0157596299471465,0.9532701567776456,1.9058591856217462,0.8747339976539246,17,13,0.8684368492610136,385,1,1,1,NORMAL
170.656,2.0136464059049803,0.8955162947958681,0.07951032059276555,307.8086611057583,232.73865665152576,249.98691402132482,DRIVE_TO_WAYPOINT,2,3,1,2.0,2.0,2,5,3,64,0,21.277688057367616,,,,2.0136464059049803,0.8955162947958681,1.9953997351469275,0.9612079385344688,1.9229550800690822,0.8761434779689262,17,13,0.8004802554142509,385,1,1,1,NORMAL
170.784,2.037607946707159,0.8974255096849212,0.07951032687341487,248.9700324795915,215.95442185641258,225.94596800970285,TURN_TO_WAYPOINT,2,3,1,2.0,2.0,2,5,3,65,0,21.301725539330313,,,,2.037607946707159,0.8974255096849212,1.968733343973211,0.882338249865977,1.964403794066722,0.877483088364703,17,13,0.6335181163892067,385,1,1,1,NORMAL
170.912,2.055875485265706,0.8986146805955927,0.06448097146060687,242.3117755645068,181.97160892727857,200.341362216116,DRIVE_TO_WAYPOINT,2,3,1,2.0,2.0,2,5,3,65,0,21.320031803553853,,,,2.055875485265706,0.8986146805955927,2.060942926434708,0.8832763317208336,1.981910861800566,0.8768598815927249,17,13,0.5668201325844922,385,1,1,1,NORMAL
171.04,2.0778371420075383,0.9000254547499812,0.06448504997059129,223.78939378117215,165.97623404855298,202.54431011439678,TURN_TO_WAYPOINT,2,3,1,2.0,2.0,2,5,3,66,0,21.342038726490973,,,,2.0778371420075383,0.9000254547499812,2.035564860943264,0.7891955952050299,2.0154715711138893,0.8776694890386185,18,13,0.5554840910666402,385,1,1,1,NORMAL
171.168,2.089623774939799,0.9005939603143626,0.04945340435359298,192.84214893194707,158.29558016888078,192.912216591101,TURN_TO_WAYPOINT,3,3,1,2.0,2.0,2,5,3,66,0,21.35383907889922,,,,2.089623774939799,0.9005939603143626,2.019912713439775,0.7950002572636171,2.071125049496978,0.8775536617178593,18,13,0.7762627258369263,385,1,1,1,NORMAL
171.296,2.0894513309452205,0.9007373031643717,0.10949814512027027,228.18174047997422,145.99427191794055,154.96018473423476,TURN_TO_WAYPOINT,3,3,1,2.0,2.0,2,5,3,66,0,21.357416772396434,,,,2.0894513309452205,0.9007373031643717,2.0532905086308157,0.8159516392088487,2.0734522837291007,0.8757488272847492,18,13,0.7912366895126737,385,1,1,1,NORMAL
171.424,2.0865675567986948,0.9005206506414307,0.16963767102111177,239.6991384493796,175.9442024414148,153.91823452003783,TURN_TO_WAYPOINT,3,3,1,2.0,2.0,2,5,3,66,0,21.360309584167158,,,,2.0865675567986948,0.9005206506414307,2.19099676595667,0.9261233199907092,2.086678482644884,0.8751862480472479,18,13,0.8459273483343487,385,1,1,1,NORMAL
171.552,2.0829706253326883,0.8999302901940684,0.22978390488623962,278.56455566279016,169.61636796866696,141.93518969919216,TURN_TO_WAYPOINT,3,3,1,2.0,2.0,2,5,3,66,0,21.363955661417993,,,,2.0829706253326883,0.8999302901940684,2.184061445461855,0.8956472927094696,2.108587830267887,0.8751808523526233,18,13,0.9336536444537842,385,1,1,1,NORMAL
171.68,2.078309250775522,0.8987626787754333,0.2899929564507235,308.24879152160884,183.3300824599269,157.8250631431755,TURN_TO_WAYPOINT,3,3,1,2.0,2.0,2,5,3,66,0,21.368762267719596,,,,2.078309250775522,0.8987626787754333,2.1501194914277435,0.9068014232605928,2.114596488193061,0.8750992540210031,18,13,0.9580004129348687,385,1,1,1,NORMAL
171.808,2.0781598312693785,0.8987346952125114,0.35150852115795217,357.84573094127995,176.74929799940577,135.37112469214796,TURN_TO_WAYPOINT,3,3,1,2.0,2.0,2,5,3,66,0,21.368917461857784,,,,2.0781598312693785,0.8987346952125114,2.0737547819691455,0.967291491996117,2.1169901853066753,0.8750401056125903,18,13,0.9678034405763957,385,1,1,1,NORMAL
171.936,2.0781294054049257,0.8987467695058795,0.41169669449052154,421.7151729835863,216.11670947188065,128.35996462284777,TURN_TO_WAYPOINT,3,3,1,2.0,2.0,2,5,3,66,0,21.36895030563852,,,,2.0781294054049257,0.8987467695058795,2.1013499281334345,0.887121939186558,2.1213245815344193,0.875023447008472,18,13,0.9852054298798405,385,1,1,1,NORMAL
172.064,2.07810054873506,0.8987668031743081,0.47189028232599217,492.29335054194377,229.6243679078908,137.77224441685988,TURN_TO_WAYPOINT,3,3,1,2.0,2.0,2,5,3,66,0,21.368985473554247,,,,2.07810054873506,0.8987668031743081,2.0015495901516496,0.901110377778352,2.120891262464355,0.8750076139431148,18,13,0.983534849411447,385,1,1,1,NORMAL
172.192,2.078074836235722,0.8987898131100669,0.5320752053508612,553.4803683702037,232.47883739436895,126.0892492072597,TURN_TO_WAYPOINT,3,3,1,2.0,2.0,2,5,3,66,0,21.369019988736053,,,,2.078074836235722,0.8987898131100669,2.2648897063013314,0.9360725014231668,2.121693686247215,0.8750040927938556,18,13,0.9867585432803763,385,1,1,1,NORMAL
172.32,2.0780516271903924,0.8988135149491558,0.592249106770427,672.3510074002337,258.654126635887,139.0836910704171,TURN_TO_WAYPOINT,3,3,1,2.0,2.0,2,5,3,66,0,21.369053164594643,,,,2.0780516271903924,0.8988135149491558,2.0918184842846035,0.9042081413772289,2.1236529023777444,0.8750020744824736,18,13,0.994603338488986,385,1,1,1,NORMAL
172.448,2.078030378666297,0.8988368928938353,0.6524126179794925,802.647759018016,269.99661028626286,140.25649686926377,TURN_TO_WAYPOINT,3,3,1,2.0,2.0,2,5,3,66,0,21.369084757120838,,,,2.078030378666297,0.8988368928938353,2.087405754946388,0.9247001293456517,2.124644852379382,0.8750006409214056,18,13,0.9985768368218757,385,1,1,1,NORMAL
172.576,2.078010710406238,0.8988594721213906,0.712566997169976,995.5446334320405,300.59083331417264,139.68947776331603,TURN_TO_WAYPOINT,3,3,1,2.0,2.0,2,5,3,66,0,21.36911470170989,,,,2.078010710406238,0.8988594721213906,2.1286690616883797,0.926218928962871,2.124887572161718,0.8750001236222158,18,13,0.9995497842993193,385,1,1,1,NORMAL
172.704,2.077990914307649,0.8988810304419711,0.7727180168050237,993.0353614637157,326.51788947884745,142.580739542165,TURN_TO_WAYPOINT,3,3,1,2.0,2.0,2,5,3,66,0,21.36914397417832,,,,2.077990914307649,0.8988810304419711,2.0872367670674397,0.8302869884761178,2.1249345902466743,0.8750000739448498,18,13,0.9997380628264879,385,1,1,1,NORMAL
172.832,2.077969837753025,0.8989013892983033,0.8328689166111886,994.0905180710229,371.4676985358184,144.9105193352158,TURN_TO_WAYPOINT,3,3,1,2.0,2.0,2,5,3,66,0,21.369173282003256,,,,2.077969837753025,0.8989013892983033,2.020326321135086,0.8824603801835075,2.1249710733594083,0.8750000378754313,18,13,0.9998841412536754,385,1,1,1,NORMAL
172.96,2.0779475605912516,0.8989204496466358,0.8930190921152996,1000.0,421.5649213690096,161.00313880772208,TURN_TO_WAYPOINT,3,3,1,2.0,2.0,2,5,3,66,0,21.369202604576557,,,,2.0779475605912516,0.8989204496466358,2.078668124766571,0.9772734010844912,2.1249714019853996,0.8750000258479604,18,13,0.9998855044143599,385,1,1,1,NORMAL
173.088,2.0779241703317304,0.8989381355921103,0.9531679390059795,995.5341481030111,460.86101906189896,168.56431296290998,TURN_TO_WAYPOINT,3,3,1,2.0,2.0,2,5,3,66,0,21.369231932744153,,,,2.0779241703317304,0.8989381355921103,2.068784213212837,0.8380633003330261,2.1249617430410295,0.8750000072598991,18,13,0.9998469430524439,385,1,1,1,NORMAL
173.216,2.0778997551744367,0.8989543801781443,1.013314872988363,1000.0,532.9842355160222,194.157924732948,TURN_TO_WAYPOINT,3,3,1,2.0,2.0,2,5,3,66,0,21.36926126243812,,,,2.0778997551744367,0.8989543801781443,2.1251585366179504,0.9699932187968311,2.1249717505834598,0.8750000049791772,18,13,0.9998869824034782,385,1,1,1,NORMAL
173.344,2.0778744056611687,0.8989691234610838,1.0734593334207705,996.60047875354,635.3549426250596,184.346216364941,TURN_TO_WAYPOINT,3,3,1,2.0,2.0,2,5,3,66,0,21.369290591716315,,,,2.0778744056611687,0.8989691234610838,2.098289559018845,0.8467597335834673,2.1249931683939383,0.8750000016754143,18,13,0.9999726668672185,385,1,1,1,NORMAL
173.472,2.077848215150009,0.8989823118742759,1.1336007823208942,997.8727235899406,747.877316413772,227.2546271377504,TURN_TO_WAYPOINT,3,3,1,2.0,2.0,2,5,3,66,0,21.36931991954039,,,,2.077848215150009,0.8989823118742759,2.0727401066670517,0.8981646180482035,2.124991243563437,0.8750000007218949,18,13,0.9999649713639002,385,1,1,1,NORMAL
173.6,2.0778212797660367,0.8989938980560398,1.1937387027425774,1000.0,872.458840621885,246.3269269993569,TURN_TO_WAYPOINT,3,3,1,2.0,2.0,2,5,3,66,0,21.369349245269817,,,,2.0778212797660367,0.8989938980560398,2.066684123920833,0.8844663660275459,2.1249953377439894,0.8750000003408794,18,13,0.9999813496117346,385,1,1,1,NORMAL
173.728,2.0777936981360474,0.8990038408497357,1.253872597686522,994.5453713936795,1000.0,265.9815331112181,TURN_TO_WAYPOINT,3,3,1,2.0,2.0,2,5,3,66,0,21.369378568452476,,,,2.0777936981360474,0.8990038408497357,2.0121301620342917,0.9467075936639389,2.124998064370984,0.8750000001503059,18,13,0.9999922568824737,385,1,1,1,NORMAL
173.856,2.0777655710337233,0.8990121053550314,1.3140019897205693,1000.0,1000.0,299.36388986278877,TURN_TO_WAYPOINT,3,3,1,2.0,2.0,2,5,3,66,0,21.36940788873848,,,,2.0777655710337233,0.8990121053550314,2.17484810440173,0.867254955930282,2.124998852607727,0.8750000000417824,18,13,0.9999954102636501,385,1,1,1,NORMAL
173.984,2.0777370009896448,0.8990186629806224,1.3741264211891637,1000.0,994.7759076497994,347.27297342647864,TURN_TO_WAYPOINT,3,3,1,2.0,2.0,2,5,3,66,0,21.369437205845127,,,,2.0777370009896448,0.8990186629806224,2.119544984922817,0.8766848782843714,2.1249991072193097,0.8750000000392651,18,13,0.9999964287201598,385,1,1,1,NORMAL
174.112,2.077708091891135,0.8990234914791331,1.4342454548384391,992.5189004269517,998.9061427308088,405.5789281868229,TURN_TO_WAYPOINT,3,3,1,2.0,2.0,2,5,3,66,0,21.36946651954267,,,,2.077708091891135,0.8990234914791331,2.0303237271674517,0.7988074957019745,2.124999265684469,0.8750000000245723,18,13,0.9999970626395831,385,1,1,1,NORMAL
174.24,2.0776789485843463,0.8990265749581902,1.494358674704746,997.1838016820088,993.8069605085944,434.04093724277567,TURN_TO_WAYPOINT,3,3,1,2.0,2.0,2,5,3,66,0,21.369495829648095,,,,2.0776789485843463,0.8990265749581902,2.1195614761170347,0.8975653662423844,2.1249996522465078,0.8750000000108958,18,13,0.9999986089424452,385,1,1,1,NORMAL
174.368,2.0776496764850956,0.8990279038674935,1.5544656871509495,1000.0,996.6265279953692,514.6456843986357,TURN_TO_WAYPOINT,3,3,1,2.0,2.0,2,5,3,66,0,21.369525136021586,,,,2.0776496764850956,0.8990279038674935,2.0454279469282617,0.8490542666946485,2.1249997783041774,0.8750000000070216,18,13,0.9999991131886234,385,1,1,1,NORMAL
174.496,2.0776288700403582,0.899027725980932,1.599558977828751,493.4385949664644,1000.0,589.6741841448224,DRIVE_TO_WAYPOINT,3,3,1,2.0,2.0,2,5,3,66,0,21.36954828534494,,,,2.0776288700403582,0.899027725980932,2.047440283512287,0.9062738526543022,2.1249998989687944,0.8750000000026394,18,13,0.9999995958646196,385,1,1,1,NORMAL
174.624,2.076814170570894,0.92739332701155,1.5995436986780756,495.17524114722454,1000.0,585.4210119091924,DRIVE_TO_WAYPOINT,3,3,1,2.0,2.0,2,5,3,66,0,21.39792558364688,,,,2.076814170570894,0.92739332701155,2.042284226041045,0.8823608978559921,2.124082183063945,0.8829274257950742,18,13,0.9646190397111477,385,1,1,1,NORMAL
174.752,2.075981894494924,0.9564397423888897,1.5995370167332126,1000.0,1000.0,609.6077898561352,DRIVE_TO_WAYPOINT,3,3,1,2.0,2.0,2,5,3,66,0,21.426983920312082,,,,2.075981894494924,0.9564397423888897,2.128900833547487,0.9290208371699292,2.1240146806594318,0.885656156687416,18,13,0.9535602366594164,385,1,1,1,NORMAL
174.88,2.0751533711890198,0.9853274321736484,1.599534905979931,1000.0,1000.0,593.0708303124555,DRIVE_TO_WAYPOINT,3,3,1,2.0,2.0,1,5,3,66,0,21.455883489029624,,,,2.0751533711890198,0.9853274321736484,2.0916268424153324,1.0050668561687846,2.124018227094077,0.9024131302427795,18,13,0.8870646751637257,385,1,1,1,NORMAL
175.008,2.0743256989917573,1.0141526494174238,1.5995343159402504,1000.0,999.4635452145352,603.9250254662136,DRIVE_TO_WAYPOINT,3,3,1,2.0,2.0,1,5,3,66,0,21.484720586499062,,,,2.0743256989917573,1.0141526494174238,2.095684666750896,1.0044549756558825,2.1231865208475305,0.9408950048418687,18,13,0.7337948094087975,385,1,1,1,NORMAL
175.136,2.0736349683013584,1.038194577792584,1.599534185288087,1000.0,1000.0,595.6925859485495,TURN_TO_WAYPOINT,3,3,1,2.0,2.0,1,5,3,67,0,21.50877243526154,,,,2.0736349683013584,1.038194577792584,2.082579551159129,1.0296657822988107,2.1236682641290803,0.9785330115956719,18,13,0.5900130538992986,385,1,1,1,NORMAL
175.264,2.07284335964844,1.056494633740051,1.6145623287752113,1000.0,918.5554137112676,622.3866188914599,DRIVE_TO_WAYPOINT,3,3,1,2.0,2.0,1,5,3,67,0,21.527089665756606,,,,2.07284335964844,1.056494633740051,2.1431504825662175,1.0137504400105042,2.1242282559781707,0.9750933233269257,18,13,0.5998520044232147,385,1,1,1,NORMAL
175.392,2.071669015937569,1.083145224078536,1.614556913161594,994.6587684311658,992.8864228939087,625.3333595626825,DRIVE_TO_WAYPOINT,3,3,1,2.0,2.0,1,5,3,67,0,21.55376611701208,,,,2.071669015937569,1.083145224078536,2.1188035389790807,1.1181652471471988,2.122873776229193,1.0568279125814533,18,14,0.6679431739985743,385,1,1,1,NORMAL
175.52,2.070755464205141,1.1039391674488548,1.61455560164517,999.2565238993592,983.7923390166375,630.6625319744816,TURN_TO_WAYPOINT,3,3,1,2.0,2.0,1,5,3,68,0,21.574580118529358,,,,2.070755464205141,1.1039391674488548,2.049143004797332,1.0321248025221765,2.1221696766610543,1.127495265490934,18,14,0.8350099238022767,385,1,1,1,NORMAL
175.648,2.0698760866426635,1.1188005890322186,1.629579937515627,995.4153801963563,998.4656656321387,648.3470349002347,DRIVE_TO_WAYPOINT,3,3,1,2.0,2.0,1,5,3,68,0,21.589467534880896,,,,2.0698760866426635,1.1188005890322186,2.0871303559880565,0.9883122295043397,2.123467508846026,1.1231145638224636,18,14,0.9218103404439798,385,1,1,1,NORMAL
175.776,2.0684173611811265,1.1434985371389352,1.629576609668754,1000.0,996.9888100156247,659.9282299494035,DRIVE_TO_WAYPOINT,3,3,1,2.0,2.0,1,5,3,68,0,21.614208523615897,,,,2.0684173611811265,1.1434985371389352,2.101760545616781,1.148241266698649,2.1236269908709735,1.1228003915693492,18,14,0.9389898078494168,385,1,1,1,NORMAL
175.904,2.066716608418632,1.1723621384087874,1.6295766857102778,996.4740691215243,997.2113433973265,663.430941851379,DRIVE_TO_WAYPOINT,3,3,1,2.0,2.0,1,5,3,68,0,21.643122188871274,,,,2.066716608418632,1.1723621384087874,2.022738750373382,1.2359870659095211,2.1227654040133013,1.1509168874891231,18,14,0.8791498327170649,385,1,1,1,NORMAL
176.032,2.0653027509479185,1.1963722026164059,1.6295768479176913,995.3062097679956,999.4155234721173,671.4215027470941,TURN_TO_WAYPOINT,3,3,1,2.0,2.0,1,5,3,69,0,21.66717384528556,,,,2.0653027509479185,1.1963722026164059,2.01485077638374,1.253767270875567,2.123434729024395,1.1737436921575435,18,14,0.8002044464110606,385,1,1,1,NORMAL
176.16,2.0639613327236663,1.2146394415689445,1.644606034733281,992.1525688770668,913.6488480281943,694.558962510172,DRIVE_TO_WAYPOINT,3,3,1,2.0,2.0,1,5,3,69,0,21.685490330461526,,,,2.0639613327236663,1.2146394415689445,2.07775251434711,1.2402118859672897,2.1243923256310455,1.177648395133642,18,14,0.788117021463818,385,1,1,1,NORMAL
176.288,2.061986822061996,1.2412419244290538,1.6446007380034173,1000.0,1000.0,710.543346529884,DRIVE_TO_WAYPOINT,3,3,1,2.0,2.0,1,5,3,69,0,21.71216598958908,,,,2.061986822061996,1.2412419244290538,1.9511138644029384,1.262420744311835,2.123688266354361,1.1612500069517295,18,14,0.8510180158207998,385,1,1,1,NORMAL
176.416,2.0601055858079214,1.266643418329011,1.6445989809681272,1000.0,982.0664686592836,704.7358972702071,DRIVE_TO_WAYPOINT,3,3,1,2.0,2.0,1,5,3,69,0,21.737637050476003,,,,2.0601055858079214,1.266643418329011,2.0354853767446395,1.3369994616221677,2.1232430746821747,1.2356191614545349,18,14,0.5641108744217348,385,1,1,1,NORMAL
176.544,2.058397268154828,1.2897309502294434,1.644599061561236,1000.0,945.7611037937533,692.9734799230272,TURN_TO_WAYPOINT,3,3,1,2.0,2.0,1,5,3,70,0,21.760787697953536,,,,2.058397268154828,1.2897309502294434,2.032978269533747,1.2591047217838862,2.1230185952298846,1.2994706905443671,18,15,0.6430112330676709,385,1,1,1,NORMAL
176.672,2.056771110534576,1.3080948810178359,1.6596288373730157,995.2329044319638,890.134300076984,747.4279852962404,DRIVE_TO_WAYPOINT,3,3,1,2.0,2.0,1,5,3,70,0,21.77922354958667,,,,2.056771110534576,1.3080948810178359,2.041252900191218,1.3507364930548253,2.1240437493020763,1.293043361322181,18,15,0.6581350209372736,385,1,1,1,NORMAL
176.8,2.0547983156133665,1.3301589186798572,1.6596247132086808,939.6455950922167,819.5092565700254,757.3108315001093,TURN_TO_WAYPOINT,3,3,1,2.0,2.0,1,5,3,71,0,21.801375607836775,,,,2.0547983156133665,1.3301589186798572,2.1451143606667293,1.443184411195552,2.122217188198506,1.3556752883675847,18,15,0.8277223843141343,385,1,1,1,NORMAL
176.928,2.05354110726443,1.342070108974148,1.6746578591381998,509.60975025062794,443.1050333670454,527.1931621329438,TURN_TO_WAYPOINT,3,3,1,2.0,2.0,1,5,3,72,0,21.813352981387435,,,,2.05354110726443,1.342070108974148,1.9889245307507082,1.4087678062113422,2.1235555922948492,1.3643972825440758,18,15,0.9110095242363111,385,1,1,1,NORMAL
177.056,2.052414048214013,1.351173194367534,1.6896657027175348,1000.0,877.6931936473106,831.6107384431816,DRIVE_TO_WAYPOINT,3,3,1,2.0,2.0,1,5,3,72,0,21.823753798066864,,,,2.052414048214013,1.351173194367534,1.987515226338073,1.4536331153070985,2.1212373194268563,1.3731284832070227,18,15,0.943806926963973,385,1,1,1,NORMAL
177.184,2.0496856823869556,1.3739517542999171,1.6896622156045795,1000.0,878.8436810188265,842.2127869875984,DRIVE_TO_WAYPOINT,3,3,1,2.0,2.0,1,5,3,72,0,21.846695175405873,,,,2.0496856823869556,1.3739517542999171,2.0936152837884636,1.3791318575448916,2.1210863049870587,1.385069194686175,18,15,0.9284725931849046,385,1,1,1,NORMAL
177.312,2.0462278879454865,1.402877007768954,1.6896637030106672,1000.0,846.8009990517563,843.6188226580789,DRIVE_TO_WAYPOINT,3,3,1,2.0,2.0,1,5,3,72,0,21.875826372277785,,,,2.0462278879454865,1.402877007768954,2.002633079884519,1.4840053201757752,2.1235066521375803,1.4032565851512269,18,15,0.8793486638287017,385,1,1,1,NORMAL
177.44,2.0435104251420757,1.4256191800352696,1.6896643814916452,998.4639861661568,836.5217253183188,854.5304215364988,TURN_TO_WAYPOINT,3,3,1,2.0,2.0,1,5,3,73,0,21.89873032398209,,,,2.0435104251420757,1.4256191800352696,2.0471480671766287,1.3583347174388134,2.1207107597286243,1.4322650181735397,18,15,0.7588898452284073,385,1,1,1,NORMAL
177.568,2.0412663328881475,1.4423193275551316,1.7046927356556583,1000.0,818.4554365834457,855.2828184254371,DRIVE_TO_WAYPOINT,3,3,1,2.0,2.0,1,5,3,73,0,21.91558060766781,,,,2.0412663328881475,1.4423193275551316,2.084587947948051,1.5367340376854672,2.1213147188718606,1.4167390788929395,18,15,0.8206323434736609,385,1,1,1,NORMAL
177.696,2.0379183657554325,1.4671258012678337,1.7046885815938364,987.0459407722808,787.4804665415875,820.8632268018679,DRIVE_TO_WAYPOINT,3,3,1,2.0,2.0,1,5,3,73,0,21.94061198845855,,,,2.0379183657554325,1.4671258012678337,2.118548203121105,1.4104611210580893,2.120902693963457,1.4251518354165058,18,15,0.7872829676251669,385,1,1,1,NORMAL
177.824,2.0342061418430912,1.4946653592907577,1.704688337211067,973.3890048336507,762.9312209508076,795.2694044830035,DRIVE_TO_WAYPOINT,3,3,1,2.0,2.0,1,5,3,73,0,21.968400616765926,,,,2.0342061418430912,1.4946653592907577,2.1006711478214597,1.4337488996879693,2.1216802562606936,1.445462001710343,18,15,0.7114318004754866,385,1,1,1,NORMAL
177.952,2.0309982332715215,1.5184725280196656,1.7046885868717514,941.5866368832897,726.9120690090384,793.3541375748894,TURN_TO_WAYPOINT,3,3,1,2.0,2.0,1,5,3,74,0,21.992422938893416,,,,2.0309982332715215,1.5184725280196656,2.0751378280982067,1.5196023231333398,2.1204007948456534,1.4675066240673256,18,15,0.623001065618284,385,1,1,1,NORMAL
178.08,2.0289844627327795,1.5319555171629298,1.7197224986213517,718.5365689657642,622.346113097951,741.7369172736322,TURN_TO_WAYPOINT,3,3,1,2.0,2.0,1,5,3,75,0,22.006055543369897,,,,2.0289844627327795,1.5319555171629298,2.02772730028927,1.4996097370178878,2.1218607763167925,1.5143801022058678,18,16,0.5389598534179072,385,1,1,1,NORMAL
178.208,2.0270209166157986,1.5436986474215664,1.7347056336495785,425.835393696321,377.9876005692639,428.6913834177119,TURN_TO_WAYPOINT,3,3,1,2.0,2.0,1,5,3,76,0,22.017961747763476,,,,2.0270209166157986,1.5436986474215664,2.0079985877861346,1.4683581563880994,2.1204301177875555,1.5438482712014863,18,16,0.6531200331261692,385,1,1,1,NORMAL
178.336,2.025695903415419,1.5506362475735542,1.749685475411145,953.2306005262368,718.3037432846675,738.8901422964228,DRIVE_TO_WAYPOINT,3,3,1,2.0,2.0,1,5,3,76,0,22.0272086983263,,,,2.025695903415419,1.5506362475735542,1.9949956716913826,1.4882765193598695,2.120222570822948,1.5417775112299417,18,16,0.6492473653393187,385,1,1,1,NORMAL
178.464,2.02242108114738,1.5687170342351664,1.7496909200959718,921.2275258292328,690.8763175494104,723.34433415609,TURN_TO_WAYPOINT,3,3,1,2.0,2.0,1,5,3,77,0,22.04558366260935,,,,2.02242108114738,1.5687170342351664,2.046087133572475,1.6007003366352566,2.116214399512669,1.599080611869752,18,16,0.7978307139068973,385,1,1,1,NORMAL
178.592,2.0192803012646374,1.5837995446308517,1.7797848703807393,543.8183769445751,472.08475334549263,567.7357048639386,DRIVE_TO_WAYPOINT,3,3,1,2.0,2.0,1,5,3,77,0,22.060990324653954,,,,2.0192803012646374,1.5837995446308517,1.9689838902630261,1.5971858897530276,2.1022483097608284,1.6182467383705192,18,16,0.8495354801457808,385,1,1,1,NORMAL
178.72,2.013257680785132,1.6121042854597423,1.779766798375438,545.6535983265214,488.9605336211929,558.4584455034404,DRIVE_TO_WAYPOINT,3,3,1,2.0,2.0,1,5,3,77,0,22.0899287132627,,,,2.013257680785132,1.6121042854597423,1.9533744469592964,1.4462278781650075,2.094074508260327,1.6343317496917127,18,16,0.817710040460698,385,1,1,1,NORMAL
178.848,2.007324906002373,1.640042655696151,1.779759266090209,556.1374184581055,467.0333643597615,568.9225176303166,DRIVE_TO_WAYPOINT,3,3,1,2.0,2.0,1,5,3,77,0,22.118490056928938,,,,2.007324906002373,1.640042655696151,2.0782914979934675,1.687135217842096,2.088602780860497,1.6440927765607138,18,16,0.7824401468340657,385,1,1,1,NORMAL
178.976,2.0014807519257087,1.6675861846038147,1.7797562316165612,605.6023069332554,517.4232146950811,599.432269730493,DRIVE_TO_WAYPOINT,3,3,1,2.0,2.0,1,5,3,77,0,22.14664676345162,,,,2.0014807519257087,1.6675861846038147,2.0015395955330813,1.6732019133091294,2.067615487244746,1.6417008010226009,18,16,0.7164177651953526,385,1,1,1,NORMAL
179.104,1.9957379074660295,1.694661408005931,1.7797550431479083,682.5892754033648,568.517712338874,567.960368194032,DRIVE_TO_WAYPOINT,3,3,1,2.0,2.0,1,5,3,77,0,22.174324335326194,,,,1.9957379074660295,1.694661408005931,2.0740999003683407,1.6878318413850486,2.0470221668559168,1.6515153624310954,18,16,0.614360683208987,385,1,1,1,NORMAL
179.232,1.9910887509743818,1.7165829640085994,1.7797546845369543,623.1185542720598,537.4317953842748,555.4454801498266,TURN_TO_WAYPOINT,3,3,1,2.0,2.0,1,5,3,78,0,22.19673346903775,,,,1.9910887509743818,1.7165829640085994,1.9376334493930802,1.693755700229433,2.0289395409261872,1.6533774232109426,18,16,0.5455260534677303,385,1,1,1,NORMAL
179.36,1.9906923191195873,1.7191359070920558,1.7346984119522526,465.53619235129736,404.4621842674596,484.9636818978153,DRIVE_TO_WAYPOINT,3,3,1,2.0,2.0,1,5,3,78,0,22.202115753106177,,,,1.9906923191195873,1.7191359070920558,1.9552488064124105,1.724607405338711,2.036950787186347,1.6500781254215828,18,16,0.5823088486149293,385,1,1,1,NORMAL
179.488,1.9889422594080333,1.7297885398702717,1.7347049520729483,702.4521885910102,528.3212684889617,548.6666490693345,TURN_TO_WAYPOINT,3,3,1,2.0,2.0,1,5,3,79,0,22.21471057887938,,,,1.9889422594080333,1.7297885398702717,1.9538263788787809,1.7341386688372968,2.007863840769214,1.6547742621399013,18,16,0.467961784857057,385,1,1,1,NORMAL
179.616,1.9893042995610408,1.7276929488190809,1.6738539342927257,663.9831688537481,523.2101206553318,554.2523244175763,TURN_TO_WAYPOINT,3,3,1,2.0,2.0,1,5,3,79,0,22.216867874201878,,,,1.9893042995610408,1.7276929488190809,2.008949202116975,1.718975890891496,1.9903354596486824,1.6355448493635052,17,16,0.5161461822245961,385,1,1,1,NORMAL
179.744,1.9893203486008455,1.7276910498404345,1.6287318966383737,636.285440115466,508.10214066357986,589.4196542058504,DRIVE_TO_WAYPOINT,3,3,1,2.0,2.0,1,5,3,79,0,22.216889481115853,,,,1.9893203486008455,1.7276910498404345,1.8922059946772951,1.7907417637852645,2.000339427329587,1.6310075049745647,18,16,0.48918858335547577,385,1,1,1,NORMAL
179.872,1.9876746942139383,1.7560211925541847,1.6287367704575872,590.1291206569874,488.3108311150629,545.5442027748613,DRIVE_TO_WAYPOINT,3,3,1,2.0,2.0,1,5,3,79,0,22.245267380343364,,,,1.9876746942139383,1.7560211925541847,1.8855497746703758,1.7953321513036258,2.0040173909998593,1.6473580421524952,18,16,0.46991904296169634,385,1,1,1,NORMAL
180.0,1.9859899768958653,1.7850257724522733,1.6287386968857722,549.1972218807102,458.90680439529774,517.068514044611,DRIVE_TO_WAYPOINT,3,3,1,2.0,2.0,1,5,3,79,0,22.274320847047942,,,,1.9859899768958653,1.7850257724522733,2.022731428980992,1.833406200510782,1.992657108534665,1.6497416387863988,17,16,0.47730082539169666,385,1,1,1,NORMAL
180.128,1.9845907506844762,1.8091241599517485,1.6287391213808244,536.163430308482,421.7767615644173,496.4247214825189,TURN_TO_WAYPOINT,3,3,1,2.0,2.0,1,5,3,80,0,22.298459822051854,,,,1.9845907506844762,1.8091241599517485,1.9428657924374504,1.8388742560151499,1.9524616035122293,1.7039457759216299,17,16,0.475839715819128,385,1,1,1,NORMAL
180.256,1.984356760777676,1.8181923771213337,1.5836125650682242,504.6101252576973,443.13183702849943,505.41953935130397,DRIVE_TO_WAYPOINT,3,3,1,2.0,2.0,1,5,3,80,0,22.307532340005203,,,,1.984356760777676,1.8181923771213337,2.0547127243813126,1.8596462826300353,2.0058326748057094,1.7213070878409502,18,16,0.32207686887408216,385,1,1,1,NORMAL
180.384,1.9840340582987803,1.8453580114261183,1.583646306903957,480.90268968292804,405.52393301294563,465.19052744329497,DRIVE_TO_WAYPOINT,3,3,1,2.0,2.0,1,5,3,80,0,22.334699891688057,,,,1.9840340582987803,1.8453580114261183,1.9937014861469897,1.8269627516955118,2.008823370689263,1.7303006118566417,18,16,0.311636866380629,385,1,1,1,NORMAL
180.512,1.9837624168002557,1.8673141277208132,1.5836567547678864,456.9887167171944,374.07671360090353,450.0363880293396,TURN_TO_WAYPOINT,3,3,1,2.0,2.0,1,5,3,81,0,22.35665768860639,,,,1.9837624168002557,1.8673141277208132,2.04377964796368,1.9145577746401272,2.0361359576434137,1.7975282533947032,18,17,0.4168103299562772,385,1,1,1,NORMAL
180.64,1.9835317973753608,1.8697373922353395,1.643699674309748,460.7708576434271,376.5601175402823,414.7581504216421,TURN_TO_WAYPOINT,3,3,1,2.0,2.0,1,5,3,81,0,22.36174814319938,,,,1.9835317973753608,1.8697373922353395,2.0006597812204885,1.8039825679024306,2.0654221899052736,1.8517327787602262,18,17,0.6641152463835988,385,1,1,1,NORMAL
180.768,1.9836117613843285,1.8668333177723917,1.7038231256657592,519.341631089163,386.5883489221407,415.4687887096493,TURN_TO_WAYPOINT,3,3,1,2.0,2.0,1,5,3,81,0,22.364654269048263,,,,1.9836117613843285,1.8668333177723917,1.9660004259152528,1.8352935505211523,2.036955337373582,1.8562157965911905,18,17,0.5942152445517394,385,1,1,1,NORMAL
180.896,1.984020281988751,1.8633601019372505,1.7639617111088008,541.8019276835169,397.51117606831,381.0787974170951,TURN_TO_WAYPOINT,3,3,1,2.0,2.0,1,5,3,81,0,22.368152450032103,,,,1.984020281988751,1.8633601019372505,1.9850089523133894,1.7646623616630275,2.0416697306718743,1.864288312889462,18,17,0.636738065137874,385,1,1,1,NORMAL
181.024,1.9849394016787953,1.8589677600301189,1.7940678286801328,591.5305078395324,401.21655973659233,381.0961203030541,TURN_TO_WAYPOINT,3,3,1,2.0,2.0,1,5,3,82,0,22.372641447157562,,,,1.9849394016787953,1.8589677600301189,1.9607491589997923,1.8564952409286928,2.044205303300034,1.8719658164304942,18,17,0.6678265198204646,385,1,1,1,NORMAL
181.152,1.9838485998862947,1.8629346815478978,1.824135890774242,598.0078003846561,400.0426838063128,385.0688392368757,DRIVE_TO_WAYPOINT,3,3,1,2.0,2.0,1,5,3,82,0,22.382289583981223,,,,1.9838485998862947,1.8629346815478978,2.0234184420889303,1.9141848660212548,2.0238570574968393,1.8731877157822292,18,17,0.590954131946011,385,1,1,1,NORMAL
181.28,1.977665163996109,1.8868830029975328,1.8241313374782662,572.0095580040852,370.75387819430523,355.17748779111935,TURN_TO_WAYPOINT,3,3,1,2.0,2.0,1,5,3,83,0,22.407023305952347,,,,1.977665163996109,1.8868830029975328,1.982772076578097,1.9991139120989747,2.0108684745657954,1.8893105228945388,18,17,0.5110312007213247,385,1,1,1,NORMAL
181.408,1.975474704887616,1.8964050449984766,1.7940010027845268,522.8250731141475,373.6354852156651,358.96554103526915,TURN_TO_WAYPOINT,3,3,1,2.0,2.0,1,5,3,83,0,22.416795048792196,,,,1.975474704887616,1.8964050449984766,1.98268222650237,1.8931467702081075,2.0434328270517286,1.8813350692281345,18,17,0.6559075899649144,385,1,1,1,NORMAL
181.536,1.9755134380437567,1.8961989259923404,1.824109164668721,548.9125897393589,377.01595341730416,342.65392937356137,TURN_TO_WAYPOINT,3,3,1,2.0,2.0,1,5,3,83,0,22.421687452092073,,,,1.9755134380437567,1.8961989259923404,1.9734932174497193,1.9018050986833617,2.0098462234033936,1.8791631341578425,18,17,0.5302744633158133,385,1,1,1,NORMAL
181.664,1.976544216260647,1.8925466306628635,1.763982095764903,513.1163886985519,374.68465379404137,368.62718200585635,TURN_TO_WAYPOINT,3,3,1,2.0,2.0,1,5,3,83,0,22.425483589752705,,,,1.976544216260647,1.8925466306628635,2.0039646310653256,1.9517121449597656,1.998659014544871,1.8771596091037543,17,17,0.5009522185316121,385,1,1,1,NORMAL
181.792,1.9774171421550593,1.8879943498883198,1.7038430845957921,473.6942582312612,352.48329835163094,384.4129168599127,TURN_TO_WAYPOINT,3,3,1,2.0,2.0,1,5,3,83,0,22.430120029145694,,,,1.9774171421550593,1.8879943498883198,2.0733828514235904,1.885048142636601,1.9948717778169547,1.8762970328962716,17,17,0.5178001883936697,385,1,1,1,NORMAL
181.92,1.977788270073098,1.8850812605799252,1.6423753389187858,455.10796354607214,360.14141525755053,393.511549535333,TURN_TO_WAYPOINT,3,3,1,2.0,2.0,1,5,3,83,0,22.433057201829513,,,,1.977788270073098,1.8850812605799252,1.9480502954416588,2.0476219163703826,1.9737772235018936,1.875834452889958,17,17,0.60286829081029,385,1,1,1,NORMAL
182.048,1.977811021818149,1.8847682651264515,1.597268543396693,429.4483746840616,360.5347020759822,414.58446033791097,DRIVE_TO_WAYPOINT,3,3,1,2.0,2.0,1,5,3,83,0,22.43341814557998,,,,1.977811021818149,1.8847682651264515,1.947962962685294,1.8394959536863094,2.010896493025243,1.8753842264886238,18,17,0.5427503049119918,385,1,1,1,NORMAL
182.176,1.9771762131505688,1.908374658971857,1.5972804739706479,408.8254249344476,335.40957581661985,396.3217375271179,TURN_TO_WAYPOINT,3,3,1,2.0,2.0,1,5,3,84,0,22.45703307360711,,,,1.9771762131505688,1.908374658971857,1.9027941422244894,1.9530886038591093,1.9549382454884818,1.8911213360639305,17,17,0.6342649519864388,385,1,1,1,NORMAL
182.304,1.9772637725451938,1.9177070812714125,1.537134396497318,364.5046966141489,325.9507304042035,401.99311358465064,TURN_TO_WAYPOINT,3,3,1,2.0,2.0,1,5,3,84,0,22.46636834370158,,,,1.9772637725451938,1.9177070812714125,1.9607242882584246,1.8699341652463393,1.9366946501224696,1.883736363572485,17,17,0.7263721720113535,385,1,1,1,NORMAL
182.432,1.9774369994494707,1.9177325679737742,1.4777564014639748,344.4769834411106,348.43769719085964,432.36787336662957,TURN_TO_WAYPOINT,3,3,1,2.0,2.0,1,5,3,84,0,22.47079437607789,,,,1.9774369994494707,1.9177325679737742,1.9615015628496704,1.924892611983525,1.9392503605688935,1.886902884512709,17,17,0.7075296746266406,385,1,1,1,NORMAL
182.56,1.977174340427315,1.9142789529153201,1.432652250901787,335.9704613710651,323.59884855378726,451.1042035595588,DRIVE_TO_WAYPOINT,3,3,1,2.0,2.0,1,5,3,84,0,22.474261345381166,,,,1.977174340427315,1.9142789529153201,1.9268737530079598,1.8163026508922886,1.9812805220048317,1.880934202682608,17,17,0.5612115447003888,385,1,1,1,NORMAL
182.688,1.978809139747918,1.926062584982982,1.4326520848274917,319.46539859962616,325.34998605815457,451.59540984335683,TURN_TO_WAYPOINT,3,3,1,2.0,2.0,1,5,3,85,0,22.4861578388533,,,,1.978809139747918,1.926062584982982,2.066653145094592,1.8942752671901943,2.0201376380883618,1.9003584474490864,18,17,0.5219270689929385,385,1,1,1,NORMAL
182.816,1.9791593865526504,1.929270457244504,1.492762414715275,351.36186405875134,308.5229153454218,411.4233057519048,TURN_TO_WAYPOINT,3,3,1,2.0,2.0,1,5,3,85,0,22.489385694513107,,,,1.9791593865526504,1.929270457244504,1.9941959890029881,2.0134397389465595,2.014749464856426,1.8899992072165126,18,17,0.5255718309632788,385,1,1,1,NORMAL
182.944,1.9791821094284079,1.9309508803002031,1.5528965038813578,375.4205705843568,318.59760774889344,383.0590065472501,TURN_TO_WAYPOINT,3,3,1,2.0,2.0,1,5,3,85,0,22.49106714942898,,,,1.9791821094284079,1.9309508803002031,1.9299046944929206,1.9932953690200708,2.0168291825463998,1.8841555454083023,18,17,0.5465995178640898,385,1,1,1,NORMAL
183.072,1.9790965894920276,1.9312714284358319,1.6130128683354654,368.08018183501946,313.18559327834237,360.9812106894837,TURN_TO_WAYPOINT,3,3,1,2.0,2.0,1,5,3,85,0,22.491488307011185,,,,1.9790965894920276,1.9312714284358319,2.04014554214589,1.891575840865742,2.025469937975041,1.8810484556073834,18,17,0.5873549021162757,385,1,1,1,NORMAL
183.2,1.9791081602128988,1.9302695885500643,1.6581177637362992,410.9424337414578,306.53120128031316,350.9131365750195,DRIVE_TO_WAYPOINT,3,3,1,2.0,2.0,1,5,3,85,0,22.492492994100136,,,,1.9791081602128988,1.9302695885500643,1.9523159152120866,1.89576350962022,2.0080040229972176,1.8770361953149022,18,17,0.5276960127843824,385,1,1,1,NORMAL
183.328,1.977197654073978,1.9520996681656946,1.6581064595399226,378.1114375918693,283.6210387680774,332.94498054998286,TURN_TO_WAYPOINT,3,3,1,2.0,2.0,1,5,3,86,0,22.514406515312814,,,,1.977197654073978,1.9520996681656946,1.932437761403656,1.9185862787375179,2.039838810537494,1.8868187251963435,18,17,0.628342758514606,385,1,1,1,NORMAL
183.456,1.9759518781623604,1.9620877359400337,1.7182778753008423,395.41031891364827,293.55841141471876,309.9122987594802,TURN_TO_WAYPOINT,3,3,1,2.0,2.0,1,5,3,86,0,22.52447456386207,,,,1.9759518781623604,1.9620877359400337,2.0053052003951115,1.9735300420055055,2.047036421442255,1.882946959224501,18,17,0.6663106903858891,385,1,1,1,NORMAL
183.584,1.9758076181698938,1.96243443733709,1.7767654264552943,433.79222797156956,307.3227746863183,288.31411103606507,TURN_TO_WAYPOINT,3,3,1,2.0,2.0,1,5,3,86,0,22.528974246994455,,,,1.9758076181698938,1.96243443733709,2.0630270333043,1.9837748497992733,2.0608801518711592,1.88960676495812,18,17,0.7001199312893055,385,1,1,1,NORMAL
183.712,1.9763577495653837,1.9591569601240686,1.8368881851254164,476.1827972936733,315.16836682537246,266.7845425506268,TURN_TO_WAYPOINT,3,3,1,2.0,2.0,1,5,3,86,0,22.532298710538537,,,,1.9763577495653837,1.9591569601240686,1.9503984329755997,1.8843533903808622,2.060454791661669,1.8819608795783243,18,17,0.7211841844831083,385,1,1,1,NORMAL
183.84,1.977394349933801,1.9553504117879876,1.8820881410979864,516.8526837899029,308.268896894628,284.2785250401171,DRIVE_TO_WAYPOINT,3,3,1,2.0,2.0,1,5,3,86,0,22.536246430385464,,,,1.977394349933801,1.9553504117879876,2.0459177087427314,1.8471361044805263,2.0378769959018435,1.8784958230729438,18,17,0.642409696267774,385,1,1,1,NORMAL
183.968,1.97204564297144,1.9720159919467444,1.8820994960715334,500.0953560255527,302.618892016397,262.55096583090034,TURN_TO_WAYPOINT,3,3,1,2.0,2.0,1,5,3,87,0,22.553749294856438,,,,1.97204564297144,1.9720159919467444,2.0491563404236004,2.0066003898322315,1.9987566656662559,1.8919361691871273,17,17,0.46962353540723795,385,1,1,1,NORMAL
184.096,1.9691102399872447,1.9823787896306533,1.8218974520230133,427.3344717843799,283.0772025120922,257.59281376882865,TURN_TO_WAYPOINT,3,3,1,2.0,2.0,1,5,3,87,0,22.564522573594267,,,,1.9691102399872447,1.9823787896306533,2.0060775895037586,1.9706419077463215,1.9692277053776552,1.892064565730607,17,17,0.5802313808719834,385,1,1,1,NORMAL
184.224,1.9690669591398258,1.983421071478423,1.7651852405945527,384.6967854059464,284.48962490064685,256.5130741975383,TURN_TO_WAYPOINT,3,3,1,2.0,2.0,1,5,3,87,0,22.568699733371314,,,,1.9690669591398258,1.983421071478423,2.0117716166623345,2.068588436406419,1.9385404637606922,1.8843755348415139,17,17,0.7177624657206496,385,1,1,1,NORMAL
184.352,1.9697994550650153,1.980410747130248,1.7050785608704544,355.99907502713074,256.08202960893766,281.80660367859167,TURN_TO_WAYPOINT,3,3,1,2.0,2.0,1,5,3,87,0,22.5717990138362,,,,1.9697994550650153,1.980410747130248,2.045912856055964,1.9843170804513754,1.9393299265922148,1.8857588958706626,17,17,0.7107084075273817,385,1,1,1,NORMAL
184.48,1.9703468647305153,1.9767048669445433,1.6449569809613585,337.08939382363695,272.86322935805595,300.29381750721046,TURN_TO_WAYPOINT,3,3,1,2.0,2.0,1,5,3,87,0,22.575546222506603,,,,1.9703468647305153,1.9767048669445433,1.9878038072730522,2.017494361278075,1.90660668149016,1.881503319701523,17,17,0.8508441286090602,385,1,1,1,NORMAL
184.608,1.9706482883828074,1.9718917128067397,1.584831091471819,326.3033422343174,267.33270723382145,323.8462968101637,TURN_TO_WAYPOINT,3,3,1,2.0,2.0,1,5,3,87,0,22.580370024521017,,,,1.9706482883828074,1.9718917128067397,1.9481107868686964,1.9678426471329284,1.9036492340948217,1.877328144199193,17,17,0.8771572072087276,385,1,1,1,NORMAL
184.736,1.9706671053785325,1.970521215333466,1.5233796117822107,294.63032791128813,268.62596977271943,368.54011963644797,TURN_TO_WAYPOINT,3,3,1,2.0,2.0,1,5,3,87,0,22.582141021697257,,,,1.9706671053785325,1.970521215333466,1.978731882054942,1.8469849823035622,1.9075440938881252,1.8771083806344693,17,17,0.8624884465688211,385,1,1,1,NORMAL
184.864,1.9706954862477288,1.9707634232583695,1.4632673286104398,270.16900243929894,274.96969692098196,390.4068124548296,TURN_TO_WAYPOINT,3,3,1,2.0,2.0,1,5,3,87,0,22.58238519718739,,,,1.9706954862477288,1.9707634232583695,1.9902844921653629,1.9490463799923763,1.9047963828153915,1.8757715896849694,17,17,0.8780961537071474,385,1,1,1,NORMAL
184.992,1.9707305070610937,1.970852695873406,1.4031491186941698,271.13563211204706,276.2268070488774,412.02602701691353,TURN_TO_WAYPOINT,3,3,1,2.0,2.0,1,5,3,87,0,22.582481575361786,,,,1.9707305070610937,1.970852695873406,1.8960324106812922,2.0633670902115524,1.8915191640441125,1.8757911681303252,17,17,0.9309679063238738,385,1,1,1,NORMAL
185.12,1.9707637787164907,1.9708814917701318,1.3430241204839823,254.29137068865052,301.19974785343425,436.9729715773969,TURN_TO_WAYPOINT,3,3,1,2.0,2.0,1,5,3,87,0,22.58252614343998,,,,1.9707637787164907,1.9708814917701318,2.1287285974697556,1.9474407429975473,1.8824361703427426,1.8756636309112855,17,17,0.9676798019177746,385,1,1,1,NORMAL
185.248,1.9707946681329065,1.9708863750934493,1.282890636695212,249.45708237034535,295.0378505502531,444.8669209402325,TURN_TO_WAYPOINT,3,3,1,2.0,2.0,1,5,3,87,0,22.582557715442082,,,,1.9707946681329065,1.9708863750934493,1.9749850359145105,1.9289964391225762,1.8774090639001715,1.8753207930430436,17,17,0.9890929443354005,385,1,1,1,NORMAL
185.376,1.9708238460298837,1.9708745053983345,1.2227016227891447,254.09460094964413,305.27528011943247,394.4776904495737,TURN_TO_WAYPOINT,3,3,1,2.0,2.0,1,5,3,87,0,22.582589539906753,,,,1.9708238460298837,1.9708745053983345,1.9027356343033222,1.9558719094426391,1.8776543931687122,1.8752627410565403,17,17,0.9883426290466467,385,1,1,1,NORMAL
185.504,1.9708517004630282,1.9708487138813964,1.1624935791959647,251.99346210374352,315.106896771954,369.8177088005675,TURN_TO_WAYPOINT,3,3,1,2.0,2.0,1,5,3,87,0,22.582627541107527,,,,1.9708517004630282,1.9708487138813964,1.945702504699885,2.0117931225756895,1.8765297371451914,1.875105664667559,17,17,0.9934609806636392,385,1,1,1,NORMAL
185.632,1.9708784664464871,1.9708217575844746,1.1022930602927994,239.0537086712688,341.82507632449534,346.218569104277,TURN_TO_WAYPOINT,3,3,1,2.0,2.0,1,5,3,87,0,22.582665528845634,,,,1.9708784664464871,1.9708217575844746,1.8922062643916635,1.9381812049314353,1.8765716273738269,1.8751377316574456,17,17,0.9931660295832732,385,1,1,1,NORMAL
185.76,1.9709043135388202,1.9707966181680678,1.0421053766460533,237.45457597913904,355.2593492124895,310.2651237012932,TURN_TO_WAYPOINT,3,3,1,2.0,2.0,1,5,3,87,0,22.582701585995608,,,,1.9709043135388202,1.9707966181680678,1.980052098035009,2.036507012633088,1.8761089649684848,1.87507220357908,17,17,0.9952766078040719,385,1,1,1,NORMAL
185.888,1.9709292223395862,1.9707735067687349,0.9819301852149828,239.0691122641176,386.58310906987094,312.9595975855127,TURN_TO_WAYPOINT,3,3,1,2.0,2.0,1,5,3,87,0,22.582735565863693,,,,1.9709292223395862,1.9707735067687349,2.0379453124691724,2.003704481197376,1.8760993220101723,1.8750473778246783,17,17,0.9954140345527911,385,1,1,1,NORMAL
186.016,1.970953129772574,1.9707522078083761,0.9217659645888575,252.92374193421585,408.9144779945654,286.5029304522003,TURN_TO_WAYPOINT,3,3,1,2.0,2.0,1,5,3,87,0,22.582767585164994,,,,1.970953129772574,1.9707522078083761,1.9723875230017693,2.0420519288525374,1.8756323995214406,1.8750306033394162,17,17,0.9973482984203502,385,1,1,1,NORMAL
186.144,1.9709694257153665,1.9707379663040807,0.8766278546351906,238.03483098045893,435.8450461901558,284.99824981666296,DRIVE_TO_WAYPOINT,3,3,1,2.0,2.0,1,5,3,87,0,22.582791560528392,,,,1.9709694257153665,1.9707379663040807,2.1583102703112873,1.981185753618567,1.8768811965478556,1.8750313267549648,17,17,0.9923508503250732,385,1,1,1,NORMAL
186.272,1.9860703047851493,1.9888820998541261,0.8766361187758172,230.27536578890576,411.40306822174875,258.66122734698257,TURN_TO_WAYPOINT,3,3,1,2.0,2.0,1,5,3,88,0,22.606397621926853,,,,1.9860703047851493,1.9888820998541261,2.0142770557466956,2.0923957650267444,1.877836617014873,1.9062880284908597,17,17,0.8633324817114704,385,1,1,1,NORMAL
186.4,1.9922938294044743,1.9958306040429405,0.8164493685117056,241.3096375809726,441.99633052452293,243.97211755497335,TURN_TO_WAYPOINT,3,3,1,2.0,2.0,1,5,3,88,0,22.61572817202353,,,,1.9922938294044743,1.9958306040429405,1.9138471962010812,2.0443355296932144,1.8771899553228546,1.916803055222736,17,17,0.8247984472607454,385,1,1,1,NORMAL
186.528,1.9923412385465529,1.9960671269276664,0.7713575291872768,220.14418429253726,463.342445835848,233.4738576289302,DRIVE_TO_WAYPOINT,3,3,1,2.0,2.0,1,5,3,88,0,22.620011845404658,,,,1.9923412385465529,1.9960671269276664,2.0143571104549394,1.974400628167109,1.8766527022605912,1.8992606233995797,17,17,0.8967145544705031,385,1,1,1,NORMAL
186.656,2.0032205505342002,2.006617866692405,0.7713916347811468,209.12608522780172,453.1085588905444,233.09241374257044,DRIVE_TO_WAYPOINT,3,3,1,2.0,2.0,1,5,3,88,0,22.635166962081513,,,,2.0032205505342002,2.006617866692405,2.065166083505447,2.0112898177997534,1.8879405956949407,1.8914593616585051,17,17,0.8837279338827084,385,1,1,1,NORMAL
186.784,2.0215011182993416,2.024383091278134,0.771384096760366,187.1169371600018,411.60094416226775,202.30959440928794,TURN_TO_WAYPOINT,3,3,1,2.0,2.0,1,5,3,89,0,22.66065779113277,,,,2.0215011182993416,2.024383091278134,2.0468816987946474,2.065687449730423,1.9283668565510423,1.903764708379436,17,17,0.6937441285085889,385,1,1,1,NORMAL
186.912,2.0285681341723283,2.03175251709832,0.831576567103735,167.23952553020422,387.9539892642124,205.92392486530326,TURN_TO_WAYPOINT,3,3,1,2.0,2.0,1,5,3,89,0,22.670870795657056,,,,2.0285681341723283,2.03175251709832,2.1042803236947414,1.9359412254451422,1.9735468964175324,1.8879846039812826,17,17,0.5731129222526389,385,1,1,1,NORMAL
187.04,2.0287682377701346,2.031820214198596,0.8916412339914142,182.0085078716397,344.88145672761476,210.0140311902311,TURN_TO_WAYPOINT,3,3,1,2.0,2.0,1,5,3,89,0,22.675627042780217,,,,2.0287682377701346,2.031820214198596,2.064947905843001,2.096645115265993,1.941496924207349,1.9075426251566214,17,17,0.6365609410373946,385,1,1,1,NORMAL
187.168,2.026474139283816,2.0290348481553173,0.9217308936864355,164.99756381092598,352.6113252757513,236.47103080986818,GOAL_REACHED,3,3,1,2.0,2.0,1,5,3,89,0,22.679238966207155,GOAL_REACHED,,,2.026474139283816,2.0290348481553173,2.139991690099228,2.0180152137028826,1.9414096526944835,1.9335625702874155,17,17,0.5593303962905725,385,1,1,1,NORMAL
187.296,2.023825900311183,2.025549393315179,0.9217301901080156,182.5081067086569,338.67909164798954,220.00582442311452,GOAL_REACHED,3,3,1,2.0,2.0,1,5,3,89,0,22.68361635878064,,,,2.023825900311183,2.025549393315179,2.087074186825167,2.0733934134246224,1.9659171887239268,1.929504461058639,17,17,0.4941965456822542,385,1,1,1,NORMAL
187.424,2.021455692774389,2.0224276733259035,0.9217311001150806,179.67704713613662,330.337591634191,227.6801268166971,GOAL_REACHED,3,3,1,2.0,2.0,1,5,3,89,0,22.68786539882088,,,,2.021455692774389,2.0224276733259035,1.9439458454156382,1.8832960889631627,1.9643903691589406,1.9213002242098494,17,17,0.5204717762267166,385,1,1,1,NORMAL
187.552,2.0215571904898884,2.0225624921422902,0.9217319507684588,179.4829167169864,334.9238698300683,224.6407060481484,GOAL_REACHED,3,3,1,2.0,2.0,1,5,3,89,0,22.68803415283061,,,,2.0215571904898884,2.0225624921422902,1.9566049715799996,2.0660041417686665,1.9343643351356299,1.9242081117901229,17,17,0.6099980219921517,385,1,1,1,NORMAL
187.68,2.021586464100914,2.022601503460966,0.9217324202692913,180.5522031231209,346.8367716313065,237.8083456183891,GOAL_REACHED,3,3,1,2.0,2.0,1,5,3,89,0,22.688082926054403,,,,2.021586464100914,2.022601503460966,2.095672360058685,2.0826598643028373,1.948781231323833,1.920154503598749,17,17,0.5749188843358697,385,1,1,1,NORMAL
187.808,2.021597206747674,2.0226158373594982,0.9217326643825249,188.36244144299613,358.33954915310545,232.21390137430467,GOAL_REACHED,3,3,1,2.0,2.0,1,5,3,89,0,22.688100838762594,,,,2.021597206747674,2.0226158373594982,2.0613301560624655,2.006658892486151,1.929925383747139,1.9057117885962875,17,17,0.6828661598671,385,1,1,1,NORMAL
187.936,2.021601180016365,2.0226211456708767,0.9217327860760377,200.63392004543013,340.7269095522787,231.80504631824618,GOAL_REACHED,3,3,1,2.0,2.0,1,5,3,89,0,22.688107469376074,,,,2.021601180016365,2.0226211456708767,2.0850246829868535,2.047394172513176,1.9142405074197546,1.9387922373921576,17,17,0.6257687281899627,385,1,1,1,NORMAL
188.064,2.0216026492119434,2.0226231113082602,0.9217328449805391,188.44346587986007,347.4069296408191,237.269598263346,GOAL_REACHED,3,3,1,2.0,2.0,1,5,3,89,0,22.688109923406678,,,,2.0216026492119434,2.0226231113082602,2.0402955531051497,2.0733719523251923,1.9200391818079436,1.9275496117989295,17,17,0.6454183111245794,385,1,1,1,NORMAL
188.192,2.0216031921639996,2.0226238388682014,0.9217328728835341,188.3978563747595,330.9233215911248,228.081809235696,GOAL_REACHED,3,3,1,2.0,2.0,1,5,3,89,0,22.688110831228492,,,,2.0216031921639996,2.0226238388682014,2.034208686541732,1.7983622115341538,1.9738932938543254,1.9496599258331977,17,17,0.4195879920626452,385,1,1,1,NORMAL
188.32,2.021603392685123,2.022624108038615,0.9217328858855272,170.45914544315187,348.947540851781,234.63383452985855,GOAL_REACHED,3,3,1,2.0,2.0,1,5,3,89,0,22.68811116687926,,,,2.021603392685123,2.022624108038615,2.0429275953919257,2.0203978915272525,1.994845019093483,1.9542797865594994,17,17,0.3508309947093156,385,1,1,1,NORMAL
188.448,2.0216034666873055,2.022624207569408,0.9217328918662875,180.63273388131148,347.7874669397403,226.3980314762664,GOAL_REACHED,3,3,1,2.0,2.0,1,5,3,89,0,22.688111290906285,,,,2.0216034666873055,2.022624207569408,2.0889114811835467,2.10379109981177,2.0002187318335167,1.9310998370825632,18,17,0.3922573096797975,385,1,1,1,NORMAL
188.576,2.021603490768011,2.0226242401150616,0.9217328945881594,185.45273484889086,349.636838268341,230.17925074461883,GOAL_REACHED,3,3,1,2.0,2.0,1,5,3,89,0,22.688111331392193,,,,2.021603490768011,2.0226242401150616,2.118266567616991,2.043612847371358,2.0223241391639526,1.928747353555887,18,17,0.4661665820116412,385,1,1,1,NORMAL
188.704,2.0216034996807752,2.022624252193224,0.921732895816149,183.2066972294314,331.88019564830154,219.37444533383947,GOAL_REACHED,3,3,1,2.0,2.0,1,5,3,89,0,22.688111346402838,,,,2.0216034996807752,2.022624252193224,2.0269426087499895,2.049796214230468,2.0447811545221906,1.913314536847102,18,17,0.5775252908360312,385,1,1,1,NORMAL
188.832,2.021603504446292,2.0226242586134866,0.9217328963664999,183.6916346151473,338.84043413549676,225.35580230398068,GOAL_REACHED,3,3,1,2.0,2.0,1,5,3,89,0,22.68811135439846,,,,2.021603504446292,2.0226242586134866,1.961765385950689,2.088261865648436,2.088713145795998,1.91064477269699,18,17,0.7343150207162843,385,1,1,1,NORMAL
188.96,2.0216035069876184,2.0226242620215595,0.9217328966116772,187.65515478441137,354.9115226985267,220.48710886605545,GOAL_REACHED,3,3,1,2.0,2.0,1,5,3,89,0,22.688111358649728,,,,2.0216035069876184,2.0226242620215595,2.0462579103752336,2.127891634153395,2.091714585603665,1.9240940089914031,18,17,0.6982406152810889,385,1,1,1,NORMAL
189.088,2.021603508338526,2.0226242638267156,0.9217328967203356,180.94032987128574,343.75292085093133,237.2912242395502,GOAL_REACHED,3,3,1,2.0,2.0,1,5,3,89,0,22.688111360904394,,,,2.021603508338526,2.0226242638267156,2.0382488388624416,1.9334730681945347,2.0894194201318768,1.9093296521867118,18,17,0.7411868758065283,385,1,1,1,NORMAL
189.216,2.0216035090548297,2.02262426478118,0.9217328967682749,193.6772692558422,337.37830877897864,229.0259043354179,GOAL_REACHED,3,3,1,2.0,2.0,1,5,3,89,0,22.68811136209775,,,,2.0216035090548297,2.02262426478118,2.0232383927908626,2.0994385671765743,2.0944371621664866,1.9390276127742034,18,17,0.6547518068576454,385,1,1,1,NORMAL
189.344,2.0216035094338816,2.0226242652851374,0.9217328967893412,181.78791949598877,350.0712616861251,231.86857192205684,GOAL_REACHED,3,3,1,2.0,2.0,1,5,3,89,0,22.68811136272835,,,,2.0216035094338816,2.0226242652851374,1.9556841906683307,1.9723375731073223,2.111108509072878,1.9390460968722347,18,17,0.7033695464594443,385,1,1,1,NORMAL
189.472,2.0216035096341467,2.0226242655509257,0.9217328967985675,196.52361552688205,347.74318575797633,231.10644470867973,GOAL_REACHED,3,3,1,2.0,2.0,1,5,3,89,0,22.68811136306114,,,,2.0216035096341467,2.0226242655509257,2.045090870257481,1.9594667709678686,2.1130635010307985,1.977847953386171,18,17,0.56146697402403,385,1,1,1,NORMAL
189.6,2.0216035097398186,2.022624265690975,0.9217328968025961,184.07419456501327,342.5174625476457,238.82391455046277,GOAL_REACHED,3,3,1,2.0,2.0,1,5,3,89,0,22.688111363236583,,,,2.0216035097398186,2.022624265690975,1.9384377008893445,2.090169575871425,2.118923438866355,1.986197411342921,18,17,0.5422260106528277,385,1,1,1,NORMAL
189.728,2.02160350979552,2.022624265764715,0.921732896804349,199.44397652680652,331.98721927913994,249.55397760467835,GOAL_REACHED,3,3,1,2.0,2.0,1,5,3,89,0,22.688111363328996,,,,2.02160350979552,2.022624265764715,1.9662405632686397,2.033535937991835,2.11848595400259,2.00417093424347,18,18,0.5026715496606646,385,1,1,1,NORMAL
189.856,2.021603509824857,2.0226242658035183,0.9217328968051093,176.94351851568948,342.56508190277697,243.50460928041633,GOAL_REACHED,3,3,1,2.0,2.0,1,5,3,89,0,22.688111363377644,,,,2.021603509824857,2.0226242658035183,2.0224528367917465,1.9124726477796292,2.114517580284724,1.9688214410280425,18,17,0.5993459600167129,385,1,1,1,NORMAL
189.984,2.0216035098402974,2.022624265823927,0.9217328968054388,183.39820624212047,347.3326579359175,232.3546864837283,GOAL_REACHED,3,3,1,2.0,2.0,1,5,3,89,0,22.688111363403234,,,,2.0216035098402974,2.022624265823927,1.9900132212369492,2.0786152877328816,2.102736004343108,1.9759546338425753,18,17,0.5447952877783026,385,1,1,1,NORMAL
190.112,2.0216035098484197,2.022624265834657,0.9217328968055808,182.3225021395156,344.2890824019385,229.3702527395069,GOAL_REACHED,3,3,1,2.0,2.0,1,5,3,89,0,22.68811136341669,,,,2.0216035098484197,2.022624265834657,1.9614584687793288,2.0213528447847438,2.111109871286766,2.0368068163378172,18,18,0.6102385607293607,385,1,1,1,NORMAL
190.24,2.0216035098526906,2.0226242658402964,0.9217328968056421,177.77485686322558,341.23678324479124,232.92622339064434,GOAL_REACHED,3,3,1,2.0,2.0,1,5,3,89,0,22.688111363423765,,,,2.0216035098526906,2.0226242658402964,2.106312046437529,2.094602933873218,2.120061630777636,2.0259415005564336,18,18,0.5914408479719446,385,1,1,1,NORMAL
190.368,2.021603509854936,2.0226242658432594,0.9217328968056684,171.30033015720588,335.2371946029511,224.16197950720164,GOAL_REACHED,3,3,1,2.0,2.0,1,5,3,89,0,22.688111363427485,,,,2.021603509854936,2.0226242658432594,2.013965902872609,1.943652730431034,2.1230752863725986,2.042378360517892,18,18,0.664214315373451,385,1,1,1,NORMAL
190.496,2.0216035098561154,2.0226242658448164,0.9217328968056794,181.47780702760568,346.2812721411377,223.1405880839481,GOAL_REACHED,3,3,1,2.0,2.0,1,5,3,89,0,22.68811136342944,,,,2.0216035098561154,2.0226242658448164,2.010245024148923,2.009097829771533,2.1231408339504583,1.9890095632625067,18,17,0.5400760356104793,385,1,1,1,NORMAL
190.624,2.0216035098567353,2.0226242658456344,0.9217328968056837,195.17477857755622,357.1993575590019,233.76320972972647,GOAL_REACHED,3,3,1,2.0,2.0,1,5,3,89,0,22.688111363430465,,,,2.0216035098567353,2.0226242658456344,2.047027369514855,2.0905809255052326,2.123429296862406,2.011236837884437,18,18,0.5413896694467215,385,1,1,1,NORMAL
190.752,2.021603509857061,2.022624265846064,0.9217328968056859,196.76022154272366,332.85655369675436,223.3629696801659,GOAL_REACHED,3,3,1,2.0,2.0,1,5,3,89,0,22.688111363431,,,,2.021603509857061,2.022624265846064,1.9361174116911963,2.08377694181302,2.1234297994206788,2.0116358790621214,18,18,0.5429770440467421,385,1,1,1,NORMAL
190.88,2.0216035098572314,2.022624265846289,0.9217328968056859,198.0645109464812,352.2498388679108,238.63351615456835,GOAL_REACHED,3,3,1,2.0,2.0,1,5,3,89,0,22.68811136343128,,,,2.0216035098572314,2.022624265846289,1.9884348286769837,1.9993298459180535,2.123437752282234,2.0265586454290494,18,18,0.6023187065094661,385,1,1,1,NORMAL
191.008,2.021603509857321,2.0226242658464075,0.9217328968056869,189.3179592320468,359.9862415370844,237.99535161881772,GOAL_REACHED,3,3,1,2.0,2.0,1,5,3,89,0,22.688111363431425,,,,2.021603509857321,2.0226242658464075,1.9291799579480249,2.144895843654236,2.1241989684598566,2.040542902236366,18,18,0.6599887629902843,385,1,1,1,NORMAL
191.136,2.0216035098573686,2.0226242658464697,0.9217328968056866,171.36311945524315,362.32898977136733,240.4311435836079,GOAL_REACHED,3,3,1,2.0,2.0,1,5,3,89,0,22.688111363431503,,,,2.0216035098573686,2.0226242658464697,2.0937803123592573,2.079499456994653,2.124274381755564,2.064095319436272,18,18,0.7541406115500332,385,1,1,1,NORMAL
191.264,2.0216035098573935,2.022624265846502,0.9217328968056864,178.05887149278826,353.9092952841333,236.79168991842678,GOAL_REACHED,3,3,1,2.0,2.0,1,5,3,89,0,22.688111363431545,,,,2.0216035098573935,2.022624265846502,1.974983727000276,1.9638906084889822,2.12450949214381,2.079160742246797,18,18,0.8150159155473761,385,1,1,1,NORMAL
191.392,2.0216035098574063,2.022624265846519,0.9217328968056864,196.60087998957673,341.8066473277433,220.51907035679673,GOAL_REACHED,3,3,1,2.0,2.0,1,5,3,89,0,22.688111363431567,,,,2.0216035098574063,2.022624265846519,2.0389407733098985,2.046690967147553,2.124392016262559,2.0542347317329246,18,18,0.7151534270630204,385,1,1,1,NORMAL
191.52,2.021603509857413,2.0226242658465283,0.9217328968056872,186.77632302698171,349.67790887276294,220.2100474543128,GOAL_REACHED,3,3,1,2.0,2.0,1,5,3,89,0,22.68811136343158,,,,2.021603509857413,2.0226242658465283,2.049637007815395,2.0401819392218363,2.1243821156570233,1.9968039928799677,18,17,0.5115701912166691,385,1,1,1,NORMAL
191.648,2.0216035098574165,2.0226242658465328,0.9217328968056874,183.2038304518036,338.7799281451779,222.4285974862294,GOAL_REACHED,3,3,1,2.0,2.0,1,5,3,89,0,22.68811136343158,,,,2.0216035098574165,2.0226242658465328,2.0170727284598584,2.1309254765172803,2.1245146540940514,1.9966365076803592,18,17,0.51249922574066,385,1,1,1,NORMAL
191.776,2.0216035098574183,2.022624265846535,0.9217328968056877,174.6408386174932,339.76664165793323,235.11610293633757,GOAL_REACHED,3,3,1,2.0,2.0,1,5,3,89,0,22.68811136343158,,,,2.0216035098574183,2.022624265846535,1.9518336138203618,2.0542858899518324,2.124556818696372,2.027903916740158,18,18,0.610495300510952,385,1,1,1,NORMAL
191.904,2.021603509857419,2.0226242658465368,0.9217328968056874,180.36121693805126,339.74540090825906,222.13437831824675,GOAL_REACHED,3,3,1,2.0,2.0,1,5,3,89,0,22.68811136343158,,,,2.021603509857419,2.0226242658465368,2.0735106600830817,1.9492314981298253,2.1244621767498497,2.060417386448854,18,18,0.7400390252371621,385,1,1,1,NORMAL
192.032,2.0216035098574197,2.0226242658465368,0.9217328968056885,195.54618154000693,353.5977248381574,227.1140442333602,GOAL_REACHED,3,3,1,2.0,2.0,1,5,3,89,0,22.68811136343158,,,,2.0216035098574197,2.0226242658465368,1.9658441981811658,2.140793389156302,2.124519366376022,2.0501630973146594,18,18,0.6992710212890036,385,1,1,1,NORMAL
192.16,2.0216035098574197,2.022624265846537,0.9217328968056884,177.03452796493173,346.1999484033112,226.33400454759084,GOAL_REACHED,3,3,1,2.0,2.0,1,5,3,89,0,22.68811136343158,,,,2.0216035098574197,2.022624265846537,1.9513485747522656,1.9752035779381447,2.1243984640937144,2.0398825202711333,18,18,0.6578970046477599,385,1,1,1,NORMAL
192.288,2.0216035098574197,2.022624265846537,0.921732896805688,197.29685395117681,353.0578320509755,227.1336375876648,GOAL_REACHED,3,3,1,2.0,2.0,1,5,3,89,0,22.68811136343158,,,,2.0216035098574197,2.022624265846537,2.03897488446258,2.059129525839306,2.1241931567618764,2.0594862275372487,18,18,0.7355103704390279,385,1,1,1,NORMAL
192.416,2.02160350985742,2.022624265846537,0.9217328968056882,191.75237871575084,355.20454952567945,221.0782836981962,GOAL_REACHED,3,3,1,2.0,2.0,1,5,3,89,0,22.68811136343158,,,,2.02160350985742,2.022624265846537,2.027198592301974,2.062225969840329,2.1242844870737274,2.0679424328676745,18,18,0.769518250864052,385,1,1,1,NORMAL
192.544,2.02160350985742,2.022624265846537,0.9217328968056882,171.05380993701,342.16948047673066,226.64988763080137,GOAL_REACHED,3,3,1,2.0,2.0,1,5,3,89,0,22.68811136343158,,,,2.02160350985742,2.022624265846537,2.0165367203142277,2.121567072458185,2.1243585622922967,2.0836065107748647,18,18,0.8322552831717578,385,1,1,1,NORMAL
192.672,2.02160350985742,2.022624265846537,0.9217328968056884,197.76593142289767,339.8894457054824,231.99706240539734,GOAL_REACHED,3,3,1,2.0,2.0,1,5,3,89,0,22.68811136343158,,,,2.02160350985742,2.022624265846537,1.9333607171366822,1.9975926001289832,2.1242703633238094,2.097170729449004,18,18,0.8860650768838311,385,1,1,1,NORMAL
192.8,2.02160350985742,2.022624265846537,0.9217328968056882,192.49925178836594,339.3827359563521,230.6316906892144,GOAL_REACHED,3,3,1,2.0,2.0,1,5,3,89,0,22.68811136343158,,,,2.02160350985742,2.022624265846537,1.9614178728823315,2.1726158896941272,2.1243727416818694,2.113820336371504,18,18,0.9528755831850231,385,1,1,1,NORMAL
192.928,2.02160350985742,2.022624265846537,0.9217328968056893,181.01768538931253,346.38016950060063,223.80171258501784,GOAL_REACHED,3,3,1,2.0,2.0,1,5,3,89,0,22.68811136343158,,,,2.02160350985742,2.022624265846537,2.02041277453944,1.8358354897205351,2.1245778758084635,2.1139577789299584,18,18,0.9542112548532105,385,1,1,1,NORMAL
193.056,2.02160350985742,2.022624265846537,0.921732896805689,204.89754599245043,357.12226849199953,220.30825931097155,GOAL_REACHED,3,3,1,2.0,2.0,1,5,3,89,0,22.68811136343158,,,,2.02160350985742,2.022624265846537,2.081090715394531,2.1641916157691345,2.1246503219066275,2.115671420150049,18,18,0.9613349725458789,385,1,1,1,NORMAL
193.184,2.02160350985742,2.022624265846537,0.9217328968056893,177.29956857923958,342.69454067741435,225.4494879086395,GOAL_REACHED,3,3,1,2.0,2.0,1,5,3,89,0,22.68811136343158,,,,2.02160350985742,2.022624265846537,1.9767309371831159,1.920666898305537,2.1247036742764998,2.116487515060576,18,18,0.9648018678151161,385,1,1,1,NORMAL
193.312,2.02160350985742,2.022624265846537,0.921732896805689,181.5510968027627,350.95773010374006,215.22685933932436,GOAL_REACHED,3,3,1,2.0,2.0,1,5,3,89,0,22.68811136343158,,,,2.02160350985742,2.022624265846537,2.030029915492067,1.9993427485538446,2.12471398701291,2.119703314902913,18,18,0.9776914711809173,385,1,1,1,NORMAL
193.44,2.02160350985742,2.022624265846537,0.9217328968056892,188.4692612808958,333.70672074382134,233.66015583674942,GOAL_REACHED,3,3,1,2.0,2.0,1,5,3,89,0,22.68811136343158,,,,2.02160350985742,2.022624265846537,2.008431350415779,2.1006196445832543,2.124783508502573,2.1196844794320806,18,18,0.9778888632872335,385,1,1,1,NORMAL
